stress_ratio,cycles_to_failure,stress_max,stress_lowerbound,stress_upperbound
-1.0,1,142.93592397421847,164.46059037612025,130.51783482711332
-1.0,51,125.2313018032113,140.24507948630412,116.50377890166779
-1.0,101,122.1544924823742,136.04547284873937,114.05963531555466
-1.0,151,120.34360881718239,133.57570505020664,112.619164454124
-1.0,201,119.05566619437987,131.8201797769053,111.5936369561732
-1.0,251,118.0553555693509,130.45737144919326,110.79647589814
-1.0,301,117.23737058856277,129.34342985935854,110.14414362034434
-1.0,351,116.5453829370233,128.40142721022264,109.59193826524584
-1.0,401,115.94570815823286,127.58536959341822,109.11311893964714
-1.0,451,115.4165906508397,126.86555637705438,108.69040943473333
-1.0,501,114.94316120019276,126.22169141080218,108.31199882565818
-1.0,551,114.51480603104608,125.63928923615362,107.96945426033214
-1.0,601,114.1236834724004,125.10764915022786,107.65654393200576
-1.0,651,113.7638354431573,124.61864181353528,107.3685319036753
-1.0,701,113.43062866128518,124.16594622304402,107.10173453872021
-1.0,751,113.12038883711517,123.74455025411874,106.8532300730412
-1.0,801,112.83015301363811,123.35041254742545,106.62066195689188
-1.0,851,112.55749702868499,122.98022697559358,106.40210182753529
-1.0,901,112.3004123121829,122.63125447195175,106.19595164898885
-1.0,951,112.05721600221439,122.30120034918833,106.00087230709177
-1.0,1000,111.83098477084413,121.9942294007301,105.81934246226385
-1.0,10000,101.46267170305268,108.02089803965778,97.40438937658963
-1.0,20000,98.34149846521262,103.88060673946728,94.80513550685207
-1.0,30000,96.51572916282174,101.48627708812494,93.25708396187007
-1.0,40000,95.22032522737256,99.80454363475125,92.14165344163999
-1.0,50000,94.2155318731013,98.5122963413422,91.26425179808678
-1.0,60000,93.39455592498169,97.46585154136893,90.53796433869796
-1.0,70000,92.70043065120791,96.58866512797127,89.91632698304898
-1.0,80000,92.0991519895325,95.83509714895227,89.37155475751086
-1.0,90000,91.56878662259082,95.17573645159712,88.88569823214546
-1.0,100000,91.09435863526123,94.59051780437524,88.44648516512564
-1.0,110000,90.66518631682422,94.06514012464801,88.04515163551591
-1.0,120000,90.27338268714163,93.58905134953454,87.67521936060427
-1.0,130000,89.91295828655029,93.15424350207819,87.33176328516137
-1.0,140000,89.57925741336786,92.7544960269257,87.01095091416644
-1.0,150000,89.26858933287036,92.38488107332489,86.70974069985166
-1.0,160000,88.97797875169243,92.04142892181633,86.42567781471874
-1.0,170000,88.70499207227643,91.72089511139258,86.15675185584558
-1.0,180000,88.44761338475075,91.42059428486378,85.9012952289507
-1.0,190000,88.20415403180809,91.13827904997511,85.65790901083896
-1.0,200000,87.97318539742116,90.87204996789146,85.42540783168131
-1.0,210000,87.75348811097699,90.62028753625258,85.20277820851526
-1.0,220000,87.54401307898416,90.38160001516167,84.98914657507412
-1.0,230000,87.34385118609609,90.15478286292236,84.78375442151055
-1.0,240000,87.15220944930157,89.93878681210066,84.58593872811005
-1.0,250000,86.9683920431499,89.73269246665426,84.39511639595625
-1.0,260000,86.79178504871024,89.53568988373397,84.21077173357749
-1.0,270000,86.6218440823599,89.34706201030689,84.03244630718328
-1.0,280000,86.4580841755278,89.16617113280257,83.85973063836147
-1.0,290000,86.30007143112488,88.99244770502689,83.69225735990607
-1.0,300000,86.14741609503031,88.82538107039287,83.52969553285558
-1.0,310000,85.9997667640672,88.66451170570309,83.37174589600089
-1.0,320000,85.85680551385238,88.50942469662596,83.218136869981
-1.0,330000,85.71824377659331,88.35974421748047,83.06862117643102
-1.0,340000,85.58381883443636,88.21512883547948,82.92297296183057
-1.0,350000,85.45329082125653,88.07526749608627,82.78098533811553
-1.0,360000,85.3264401469107,87.93987607440529,82.64246826948111
-1.0,370000,85.20306527447578,87.80869439959804,82.50724674835915
-1.0,380000,85.08298079396803,87.68148367667384,82.3751592142121
-1.0,390000,84.96601574631936,87.55802424375398,82.24605617723317
-1.0,400000,84.85201215958111,87.43811361387132,82.11979901577338
-1.0,410000,84.74082376590235,87.32156475916986,81.99625892171518
-1.0,420000,84.63231487313692,87.20820460246489,81.87531597237485
-1.0,430000,84.52635936924173,87.09787268689698,81.75685831104688
-1.0,440000,84.42283984114411,86.99041999911387,81.64078142119384
-1.0,450000,84.32164679263943,86.88570792527804,81.52698748164609
-1.0,460000,84.22267794825603,86.78360732237752,81.41538479212728
-1.0,470000,84.12583763199169,86.68399768995465,81.30588726003235
-1.0,480000,84.03103621146151,86.58676642955709,81.19841394072556
-1.0,490000,83.93818959936316,86.49180818104766,81.09288862474541
-1.0,500000,83.84721880530984,86.3990242264443,80.98923946623815
-1.0,510000,83.7580495320455,86.3083219532522,80.88739864773352
-1.0,520000,83.67061181087017,86.21961437034325,80.78730207704012
-1.0,530000,83.58483967179336,86.13281967036373,80.68888911259997
-1.0,540000,83.50067084451985,86.04786083343666,80.59210231412543
-1.0,550000,83.41804648687284,85.96466526759916,80.4968872157463
-1.0,560000,83.33691093768775,85.88316448198897,80.403192119247
-1.0,570000,83.25721149157715,85.80329378928836,80.31096790527327
-1.0,580000,83.17889819328482,85.72499203436017,80.22016786064468
-1.0,590000,83.10192364961867,85.64820134637485,80.1307475201349
-1.0,600000,83.02624285719024,85.57286691204905,80.04266452127129
-1.0,610000,82.9518130443926,85.49893676788899,79.95587847087427
-1.0,620000,82.87859352622715,85.42636160957306,79.87035082220282
-1.0,630000,82.80654557074607,85.35509461681805,79.78604476169737
-1.0,640000,82.73563227601232,85.28509129225493,79.70292510442395
-1.0,650000,82.6658184565989,85.21630931300113,79.62095819741995
-1.0,660000,82.59707053875324,85.14870839375763,79.54011183022575
-1.0,670000,82.52935646344501,85.08225016038094,79.4603551519638
-1.0,680000,82.4626455965963,85.01689803299176,79.38165859439019
-1.0,690000,82.39690864586517,84.95261711777613,79.30399380040436
-1.0,700000,82.33211758341648,84.8893741067219,79.2273335575518
-1.0,710000,82.26824557417066,84.8271371846073,79.15165173610316
-1.0,720000,82.20526690907064,84.76587594262732,79.076923231331
-1.0,730000,82.14315694295122,84.70556129810149,79.00312390964385
-1.0,740000,82.08189203663571,84.64616541976147,78.93023055826765
-1.0,750000,82.02144950291897,84.58766165816274,78.85822083819534
-1.0,760000,81.96180755612798,84.5300244808093,78.78707324014857
-1.0,770000,81.90294526497946,84.47322941161497,78.71676704332175
-1.0,780000,81.8448425084793,84.41725297436243,78.64728227669661
-1.0,790000,81.78747993463091,84.36207263985018,78.57859968273456
-1.0,800000,81.73083892174105,84.3076667764437,78.5107006832729
-1.0,810000,81.67490154212896,84.25401460377459,78.44356734746316
-1.0,820000,81.6196505280623,84.20109614935207,78.3771823616049
-1.0,830000,81.56506923975755,84.14889220787116,78.31152900074099
-1.0,840000,81.51114163529687,84.0973843030211,78.24659110189054
-1.0,850000,81.45785224232503,84.04655465161358,78.18235303880611
-1.0,860000,81.40518613140168,83.9963861298649,78.11879969815088
-1.0,870000,81.35312889089396,83.94686224168007,78.05591645700046
-1.0,880000,81.30166660330406,83.89796708879963,77.99368916158
-1.0,890000,81.25078582293418,83.8496853426798,77.93210410715615
-1.0,900000,81.20047355479937,83.8020022179881,77.87114801900795
-1.0,910000,81.15071723470552,83.75490344760571,77.81080803440668
-1.0,920000,81.10150471041598,83.70837525903454,77.7510716855422
-1.0,930000,81.05282422383627,83.66240435211772,77.69192688333388
-1.0,940000,81.00466439415163,83.61697787798632,77.63336190207258
-1.0,950000,80.95701420185671,83.57208341915351,77.5753653648421
-1.0,960000,80.90986297362146,83.52770897068214,77.5179262296724
-1.0,970000,80.86320036794129,83.4838429223581,77.46103377638069
-1.0,980000,80.8170163615231,83.44047404180573,77.40467759405925
-1.0,990000,80.77130123636238,83.39759145848723,77.34884756917185
-1.0,1000000,80.72604556746978,83.35518464853071,77.29353387422363
-1.0,1010000,80.6812402112084,83.31324342033756,77.23872695697028
-1.0,1020000,80.63687629420544,83.27175790092049,77.18441753013714
-1.0,1030000,80.59294520280497,83.23071852293062,77.13059656161752
-1.0,1040000,80.5494385730301,83.1901160123296,77.07725526512569
-1.0,1050000,80.5063482810256,83.14994137667267,77.02438509127671
-1.0,1060000,80.46366643395329,83.11018589396396,76.97197771907163
-1.0,1070000,80.42138536131515,83.07084110205248,76.9200250477654
-1.0,1080000,80.37949760667978,83.03189878853775,76.86851918909626
-1.0,1090000,80.33799591979034,82.99335098115603,76.81745245985803
-1.0,1100000,80.29687324903279,82.95518993862008,76.76681737479726
-1.0,1110000,80.25612273424485,82.91740814188786,76.71660663981693
-1.0,1120000,80.21573769984768,82.8799982858348,76.66681314547306
-1.0,1130000,80.1757116482826,82.84295327131055,76.61742996074643
-1.0,1140000,80.1360382537371,82.80626619755587,76.5684503270777
-1.0,1150000,80.09671135614471,82.76993035496312,76.51986765265136
-1.0,1160000,80.05772495544477,82.73393921816029,76.47167550691648
-1.0,1170000,80.01907320608844,82.69828643940252,76.42386761533221
-1.0,1180000,79.98075041177862,82.6629658422548,76.37643785432688
-1.0,1190000,79.94275102043167,82.62797141554948,76.3293802464615
-1.0,1200000,79.90506961935017,82.59329730760669,76.28268895578559
-1.0,1210000,79.86770093059579,82.55893782070208,76.23635828337832
-1.0,1220000,79.83063980655254,82.52488740577078,76.19038266306441
-1.0,1230000,79.79388122567143,82.49114065733501,76.14475665729765
-1.0,1240000,79.7574202883871,82.45769230864406,76.09947495320375
-1.0,1250000,79.72125221319851,82.42453722701681,76.05453235877525
-1.0,1260000,79.68537233290601,82.3916704093761,76.00992379921121
-1.0,1270000,79.64977609099675,82.35908697796606,75.96564431339559
-1.0,1280000,79.61445903817226,82.32678217624343,75.92168905050735
-1.0,1290000,79.57941682901081,82.29475136493426,75.87805326675719
-1.0,1300000,79.54464521875883,82.26299001824866,75.83473232224436
-1.0,1310000,79.51014006024528,82.2314937202455,75.79172167792906
-1.0,1320000,79.47589730091318,82.20025816134076,75.74901689271456
-1.0,1330000,79.44191297996333,82.16927913495175,75.70661362063512
-1.0,1340000,79.40818322560494,82.1385525342723,75.66450760814436
-1.0,1350000,79.37470425240849,82.1080743491714,75.62269469150031
-1.0,1360000,79.34147235875625,82.07784066321146,75.58117079424241
-1.0,1370000,79.30848392438615,82.04784765077865,75.53993192475751
-1.0,1380000,79.2757354080251,82.01809157432228,75.49897417393011
-1.0,1390000,79.24322334510767,81.9885687816969,75.4582937128741
-1.0,1400000,79.21094434557641,81.9592757036037,75.4178867907419
-1.0,1410000,79.17889509176077,81.93020885112583,75.37774973260875
-1.0,1420000,79.14707233633061,81.90136481335385,75.3378789374285
-1.0,1430000,79.11547290032183,81.87274025509858,75.29827087605744
-1.0,1440000,79.08409367123059,81.84433191468528,75.25892208934494
-1.0,1450000,79.0529316011735,81.81613660182758,75.21982918628687
-1.0,1460000,79.02198370511115,81.78815119557753,75.18098884223971
-1.0,1470000,78.99124705913223,81.76037264234749,75.14239779719317
-1.0,1480000,78.96071879879565,81.73279795400175,75.10405285409927
-1.0,1490000,78.93039611752876,81.70542420601511,75.06595087725464
-1.0,1500000,78.90027626507892,81.67824853569506,75.02808879073496
-1.0,1510000,78.8703565460166,81.65126814046492,74.99046357687955
-1.0,1520000,78.84063431828791,81.62448027620661,74.95307227482319
-1.0,1530000,78.81110699181458,81.5978822556584,74.91591197907492
-1.0,1540000,78.78177202713941,81.57147144686834,74.87897983814028
-1.0,1550000,78.75262693411581,81.54524527169843,74.84227305318709
-1.0,1560000,78.72366927063925,81.51920120437907,74.80578887675186
-1.0,1570000,78.69489664141932,81.49333677011137,74.76952461148625
-1.0,1580000,78.66630669679087,81.46764954371572,74.73347760894092
-1.0,1590000,78.63789713156243,81.44213714832398,74.6976452683873
-1.0,1600000,78.60966568390099,81.41679725411498,74.66202503567354
-1.0,1610000,78.58161013425133,81.39162757708988,74.62661440211586
-1.0,1620000,78.55372830428891,81.36662587788797,74.5914109034217
-1.0,1630000,78.52601805590486,81.34178996063933,74.55641211864544
-1.0,1640000,78.49847729022224,81.31711767185422,74.52161566917464
-1.0,1650000,78.4711039466419,81.29260689934762,74.48701921774541
-1.0,1660000,78.4438960019175,81.26825557119736,74.4526204674867
-1.0,1670000,78.41685146925789,81.24406165473444,74.41841716099216
-1.0,1680000,78.38996839745681,81.22002315556504,74.3844070794185
-1.0,1690000,78.3632448700479,81.19613811662221,74.35058804160947
-1.0,1700000,78.33667900448498,81.17240461724685,74.31695790324476
-1.0,1710000,78.31026895134623,81.14882077229657,74.28351455601265
-1.0,1720000,78.28401289356162,81.12538473128147,74.25025592680622
-1.0,1730000,78.25790904566267,81.10209467752573,74.21717997694158
-1.0,1740000,78.2319556530539,81.07894882735448,74.18428470139794
-1.0,1750000,78.20615099130514,81.05594542930488,74.15156812807845
-1.0,1760000,78.180493365464,81.03308276336006,74.1190283170915
-1.0,1770000,78.15498110938773,81.0103591402061,74.08666336005126
-1.0,1780000,78.12961258509412,80.98777290051072,74.05447137939716
-1.0,1790000,78.10438618213028,80.965322414222,74.02245052773246
-1.0,1800000,78.0793003169593,80.94300607988855,73.99059898717938
-1.0,1810000,78.05435343236374,80.92082232399855,73.95891496875221
-1.0,1820000,78.02954399686547,80.89876960033774,73.92739671174654
-1.0,1830000,78.00487050416166,80.87684638936567,73.8960424831452
-1.0,1840000,77.98033147257591,80.85505119760975,73.86485057703888
-1.0,1850000,77.95592544452438,80.83338255707599,73.83381931406277
-1.0,1860000,77.93165098599621,80.81183902467633,73.80294704084716
-1.0,1870000,77.90750668604798,80.79041918167208,73.77223212948255
-1.0,1880000,77.88349115631158,80.7691216331327,73.74167297699812
-1.0,1890000,77.85960303051513,80.74794500740886,73.71126800485415
-1.0,1900000,77.83584096401664,80.72688795562085,73.68101565844667
-1.0,1910000,77.81220363334974,80.70594915116033,73.6509144066249
-1.0,1920000,77.7886897357814,80.6851272892057,73.6209627412208
-1.0,1930000,77.76529798888112,80.66442108625017,73.59115917659061
-1.0,1940000,77.74202713010123,80.64382927964343,73.56150224916728
-1.0,1950000,77.71887591636796,80.62335062714419,73.53199051702451
-1.0,1960000,77.69584312368303,80.60298390648572,73.50262255945115
-1.0,1970000,77.67292754673531,80.58272791495239,73.4733969765362
-1.0,1980000,77.65012799852232,80.56258146896701,73.44431238876396
-1.0,1990000,77.62744330998135,80.54254340368962,73.41536743661894
-1.0,2000000,77.60487232962973,80.52261257262595,73.38656078020028
-1.0,3000000,75.77910302723885,78.93069082510267,71.03610133139924
-1.0,4000000,74.48369909178966,77.82169520776961,69.34793297512854
-1.0,5000000,73.47890573751839,76.97081126895303,68.02916797698286
-1.0,6000000,72.65792978939879,76.28069559556165,66.94655139101215
-1.0,7000000,71.96380451562503,75.70034907059812,66.02807414692904
-1.0,8000000,71.3625258539496,75.19971410564119,65.23036890732887
-1.0,9000000,70.83216048700793,74.75958724142144,64.52527854882806
-1.0,10000000,70.35773249967833,74.36695445994611,63.893479616061676
-1.0,11000000,69.92856018124132,74.01258965141756,63.32113321525325
-1.0,12000000,69.53675655155874,73.68971491014075,62.79798690650499
-1.0,13000000,69.1763321509674,73.39320498311136,62.3162329106351
-1.0,14000000,68.84263127778496,73.11909055777593,61.869787489823125
-1.0,15000000,68.53196319728747,72.86423509436696,61.45381778531651
-1.0,16000000,68.24135261610954,72.62611719637471,61.06442064666726
-1.0,17000000,67.96836593669353,72.40267969835536,60.6983983753897
-1.0,18000000,67.71098724916786,72.19222234749148,60.353098272829925
-1.0,19000000,67.46752789622519,71.99332379457039,60.02629537275058
-1.0,30000000,65.4107899594474,70.31919247239229,57.25931523736307
-1.0,130000000,58.80801908317595,64.99771825613763,48.323435190862284
-1.0,230000000,56.23891198272176,62.941585632803196,44.83209831139008
-1.0,330000000,54.613304573218954,61.64342248205089,42.62008957162094
-1.0,430000000,53.42142016586739,60.692809593496335,40.99706806420786
-1.0,530000000,52.47990046841902,59.94251848588667,39.714336956837414
-1.0,630000000,51.70160636737171,59.32269214923183,38.65359388904395
-1.0,730000000,51.03821773957688,58.79463715723924,37.74919471026645
-1.0,830000000,50.460130036383205,58.33466723199212,36.96090063638038
-1.0,930000000,49.947885020461925,57.92722465795171,36.26225323726022
-1.0,1030000000,49.48800599943063,57.561540291184315,35.634921453124186
-1.0,1130000000,49.07077244490827,57.2298502157125,35.065679676104835
-1.0,1230000000,48.688942022297084,56.92637225875846,34.54467171563455
-1.0,1330000000,48.33697377658899,56.64668419539255,34.064355219954656
0.1,1,391.3707912296854,540.2452257553912,328.3062892960668
0.1,51,321.06777703942674,421.91041356369226,278.02432534408973
0.1,101,308.8501218274587,401.38099688110367,269.25056551845836
0.1,151,301.65931149661924,389.30652862745404,264.0783869560063
0.1,201,296.54503977635625,380.72336278323047,260.3953360565242
0.1,251,292.57292156977616,374.05995860033124,257.53189741242073
0.1,301,289.32479748351705,368.6131752506374,255.18828630680082
0.1,351,286.57699427056116,364.00697403112866,253.2040770783027
0.1,401,284.1957548362691,360.01651972925254,251.48329806733815
0.1,451,282.0946901949975,356.49662036997563,249.96394341508818
0.1,501,280.21475640903833,353.3480552903366,248.60362110201666
0.1,551,278.51380740012337,350.50000852905964,247.372062720165
0.1,601,276.9607047964639,347.9001657397763,246.24689944725182
0.1,651,275.53178974468483,345.50878282540674,245.21113130431215
0.1,701,274.2086640158225,343.2949560026532,244.25153523185747
0.1,751,272.97673742906227,341.23418023931015,243.3576227517771
0.1,801,271.8242444236005,339.3066963878427,242.52093415136085
0.1,851,270.74155893084776,337.4963397630485,241.73454667537655
0.1,901,269.7207051505314,335.78971801264004,240.99272328678737
0.1,951,268.75500063192646,334.17561136383205,240.2906563758975
0.1,1000,267.8566624852165,332.67438926285,239.63727836577763
0.1,10000,226.68528623706018,264.38599049789053,209.17906132312697
0.1,20000,214.29146702359756,244.24680587829212,199.59255261432767
0.1,30000,207.04154754300453,232.678363140975,193.77257944659507
0.1,40000,201.8976478101349,224.61939113359415,189.49427403062796
0.1,50000,197.9077292023665,218.48550443011857,186.05862491168662
0.1,60000,194.6477283295419,213.57085781581003,183.1543914433623
0.1,70000,191.89143686505378,209.4983966044929,180.6160837394724
0.1,80000,189.5038285966723,206.0424477432544,178.34552409257003
0.1,90000,187.3978088489489,203.05688705480324,176.27994629931942
0.1,100000,185.5139099889039,200.44146675800405,174.37696925540334
0.1,110000,183.80971617433312,198.12430484317244,172.6067435916703
0.1,120000,182.25390911607929,196.05203931124205,170.94751661953265
0.1,130000,180.82270536010287,194.1839415009389,169.38297407839408
0.1,140000,179.49761765159113,192.48821623622865,167.900570779339
0.1,150000,178.26399050831085,190.93957743926435,166.49044266909334
0.1,160000,177.11000938320964,189.51760222709626,165.1446762803305
0.1,170000,176.02601074085717,188.2055789607271,163.85680595006164
0.1,180000,175.00398963548625,186.98967947962834,162.62146054609667
0.1,190000,174.03724060354654,185.85835053663124,161.43411073849921
0.1,200000,173.12009077544124,184.80185742122816,160.29088526378152
0.1,210000,172.24769817099812,183.81193576458193,159.18843534593603
0.1,220000,171.41589696087047,182.88152187324422,158.12383323320083
0.1,230000,170.62107715279217,182.00454113671228,157.0944952265476
0.1,240000,169.86008990261664,181.17574009479782,156.09812250757918
0.1,250000,169.13017216767284,180.3905518092347,155.13265505335798
0.1,260000,168.42888614664025,179.64498696862017,154.19623528231512
0.1,270000,167.75407015489327,178.93554510404263,153.28717901663265
0.1,280000,167.1037984381285,178.25914168054513,152.40395200662482
0.1,290000,166.47634804101176,177.6130478344966,151.54515073017444
0.1,300000,165.87017129484823,176.99484026559773,150.70948651436225
0.1,310000,165.28387281812164,176.40235934261548,149.89577226716236
0.1,320000,164.71619016974702,175.83367389702977,149.10291128199927
0.1,330000,164.1659774802775,175.2870514953365,148.32988770605883
0.1,340000,163.63219152739453,174.76093322457123,147.5757583578198
0.1,350000,163.1138798303601,174.2539122150971,146.83964564965584
0.1,360000,162.61017042202366,173.76471527315024,146.12073142417705
0.1,370000,162.12026302249055,173.29218711282866,145.4182515529134
0.1,380000,161.64342139008392,172.8352767702911,144.73149117644172
0.1,390000,161.17896666604722,172.3930258573922,144.05978048849337
0.1,400000,160.72627156197862,171.96455837183754,143.40249098477437
0.1,410000,160.28475526509936,171.5490718293242,142.75903211147383
0.1,420000,159.85387895753547,171.1458295224564,142.12884825966384
0.1,430000,159.43314186289825,170.75415374329972,141.51141606075012
0.1,440000,159.02207774740785,170.37341983274695,140.9062419453004
0.1,450000,158.62025181425523,170.003050941521,140.31285993338926
0.1,460000,158.22725793932955,169.64251340552545,139.7308296293368
0.1,470000,157.84271620425258,169.29131265310232,139.15973439760907
0.1,480000,157.46627068915402,168.94898957411277,138.59917969986654
0.1,490000,157.09758749304734,168.61511729107596,138.04879157583724
0.1,500000,156.73635295421022,168.28929828125413,137.50821525294083
0.1,510000,156.38227204680152,167.97116180584865,136.97711387149266
0.1,520000,156.0350669331776,167.6603616086047,136.45516731393292
0.1,530000,155.6944756541092,167.35657385131174,135.94207112790374
0.1,540000,155.36025094143065,167.0594952580976,135.43753553417997
0.1,550000,155.03215913963945,166.76884144414777,134.9412845114825
0.1,560000,154.70997922466586,166.48434540768557,134.4530549510867
0.1,570000,154.3935019094909,166.20575616678303,133.9725958749001
0.1,580000,154.08252882754917,165.93283752490635,133.49966771136704
0.1,590000,153.77687178593703,165.6653669511232,133.03404162413392
0.1,600000,153.4763520813856,165.40313456263092,132.57549888893126
0.1,610000,153.1807998727731,165.14594219876057,132.12383031458472
0.1,620000,152.89005360465904,164.8936025769154,131.67883570446475
0.1,630000,152.60395947694246,164.64593852201827,131.24032335505225
0.1,640000,152.3223709562844,164.40278226203606,130.8081095885952
0.1,650000,152.0451483254092,164.16397478297833,130.3820183171422
0.1,660000,151.77215826681487,163.929365237539,129.9618806354587
0.1,670000,151.5032734777867,163.69881040217376,129.54753444058773
0.1,680000,151.2383723139319,163.47217417799877,129.13882407599465
0.1,690000,150.97733845873654,163.24932713137812,128.7355999984344
0.1,700000,150.72006061689746,163.03014607052566,128.33771846582948
0.1,710000,150.4664322294066,162.81451365481615,127.94504124460812
0.1,720000,150.21635120856104,162.60231803385992,127.55743533506968
0.1,730000,149.9697196912502,162.39345251369016,127.1747727134754
0.1,740000,149.72644380902793,162.18781524767584,126.79693008966852
0.1,750000,149.4864334736172,161.9853089500263,126.42378867911893
0.1,760000,149.2496021766213,161.78584062994395,126.05523398839118
0.1,770000,149.01586680232668,161.58932134469012,125.69115561310045
0.1,780000,148.7851474525846,161.3956659699855,125.3314470475024
0.1,790000,148.55736728284697,161.20479298631477,124.97600550493276
0.1,800000,148.332452348516,161.01662427984903,124.62473174836528
0.1,810000,148.1103314608376,160.83108495680767,124.2775299304202
0.1,820000,147.89093605163671,160.64810317019953,123.93430744220076
0.1,830000,147.6742000462508,160.4676099579681,123.59497477038784
0.1,840000,147.46005974407285,160.28953909166455,123.25944536205802
0.1,850000,147.2484537061635,160.11382693484083,122.92763549673553
0.1,860000,147.03932264943563,159.94041231042937,122.59946416522277
0.1,870000,146.83260934695613,159.76923637643804,122.27485295478563
0.1,880000,146.62825853394526,159.60024250934777,121.95372594030187
0.1,890000,146.4262168190866,159.433376194652,121.63600958100574
0.1,900000,146.22643260079258,159.26858492402033,121.32163262249223
0.1,910000,146.02885598809644,159.10581809861628,121.01052600366455
0.1,920000,145.8334387258669,158.94502693813556,120.702622768329
0.1,930000,145.64013412406604,158.7861643951632,120.39785798116732
0.1,940000,145.44889699078993,158.62918507448728,120.0961686478264
0.1,950000,145.25968356885286,158.4740451570274,119.7974936388907
0.1,960000,145.07245147569142,158.32070232806697,119.50177361751456
0.1,970000,144.8871596463826,158.1691157095053,119.20895097050399
0.1,980000,144.70376827958472,158.01924579585932,118.91896974265617
0.1,990000,144.52223878622186,157.87105439377217,118.63177557417582
0.1,1000000,144.34253374074757,157.7245045648025,118.34731564099476
0.1,1010000,144.1646168348335,157.57956057128396,118.06553859783767
0.1,1020000,143.9884528333389,157.43618782505743,117.78639452388627
0.1,1030000,143.81400753242883,157.2943528389009,117.50983487089881
0.1,1040000,143.64124771971498,157.15402318048538,117.2358124136545
0.1,1050000,143.47014113630445,157.01516742870106,116.96428120260437
0.1,1060000,143.30065644064658,156.87775513221544,116.69519651860233
0.1,1070000,143.13276317407764,156.74175677011888,116.42851482962072
0.1,1080000,142.966431727968,156.60714371454387,116.16419374933602
0.1,1090000,142.8016333123833,156.4738881951307,115.90219199749941
0.1,1100000,142.63833992617683,156.34196326524003,115.64246936199257
0.1,1110000,142.4765243284349,156.2113427698056,115.38498666248913
0.1,1120000,142.31616001120324,156.0820013147341,115.12970571564037
0.1,1130000,142.1572211734252,155.95391423776675,114.87658930170728
0.1,1140000,141.99968269602826,155.82705758071342,114.62560113257199
0.1,1150000,141.8435201180985,155.70140806299074,114.37670582105676
0.1,1160000,141.68870961408652,155.5769430563858,114.1298688514899
0.1,1170000,141.53522797199162,155.45364056097966,113.8850565514585
0.1,1180000,141.38305257247438,155.33147918217017,113.64223606468933
0.1,1190000,141.23216136885074,155.2104381087295,113.40137532500715
0.1,1200000,141.08253286792296,155.09049709184666,113.16244303131792
0.1,1210000,140.93414611160608,154.97163642509773,112.92540862357029
0.1,1220000,140.78698065931044,154.85383692529953,112.69024225964806
0.1,1230000,140.6410165710437,154.73707991419678,112.45691479315381
0.1,1240000,140.49623439119642,154.62134720094184,112.2253977520407
0.1,1250000,140.35261513297917,154.5066210653255,111.99566331805472
0.1,1260000,140.21014026347987,154.39288424172162,111.76768430695122
0.1,1270000,140.06879168931124,154.28011990370825,111.54143414945077
0.1,1280000,139.92855174282175,154.16831164933188,111.31688687290175
0.1,1290000,139.7894031688426,154.05744348698386,111.09401708361857
0.1,1300000,139.65132911194658,153.9474998218563,110.87279994986656
0.1,1310000,139.51431310419534,153.83846544295355,110.65321118546329
0.1,1320000,139.37833905335225,153.7303255106269,110.4352270339731
0.1,1330000,139.24339123154013,153.62306554461142,110.21882425346695
0.1,1340000,139.10945426432406,153.51667141253986,110.00398010182406
0.1,1350000,138.97651312019957,153.4111293189099,109.79067232255295
0.1,1360000,138.84455310046928,153.30642579448494,109.57887913111078
0.1,1370000,138.71355982948984,153.20254768610815,109.36857920169685
0.1,1380000,138.5835192452739,153.0994821469088,109.15975165450602
0.1,1390000,138.45441759043132,152.9972166268844,108.95237604341959
0.1,1400000,138.32624140343484,152.89573886384355,108.74643234411398
0.1,1410000,138.19897751019693,152.79503687468784,108.54190094257613
0.1,1420000,138.07261301594394,152.6950989470223,108.33876262400427
0.1,1430000,137.94713529737584,152.59591363107907,108.13699856207911
0.1,1440000,137.8225319950984,152.49746973193675,107.93659030859524
0.1,1450000,137.6987910063181,152.39975630202775,107.73751978343081
0.1,1460000,137.57590047778754,152.30276263391798,107.53976926484988
0.1,1470000,137.4538487989917,152.20647825334638,107.34332138011942
0.1,1480000,137.33262459556528,152.11089291251614,107.14815909643062
0.1,1490000,137.21221672293166,152.01599658362346,106.9542657121133
0.1,1500000,137.09261426015456,151.9217794526166,106.76162484813094
0.1,1510000,136.97380650399404,151.82823191317385,106.5702204398459
0.1,1520000,136.85578296315865,151.7353445608921,106.38003672904533
0.1,1530000,136.73853335274592,151.6431081876757,106.19105825621828
0.1,1540000,136.6220475888641,151.5515137763206,106.00326985307225
0.1,1550000,136.50631578342797,151.46055249528152,105.81665663528389
0.1,1560000,136.391328239122,151.37021569361863,105.63120399547154
0.1,1570000,136.27707544452397,151.28049489611448,105.4468975963838
0.1,1580000,136.16354806938438,151.19138179855298,105.26372336429684
0.1,1590000,136.05073696005354,151.10286826315806,105.08166748261
0.1,1600000,135.93863313505335,151.01494631418183,104.90071638563475
0.1,1610000,135.82722778078576,150.92760813363694,104.72085675257085
0.1,1620000,135.716512247375,150.84084605717103,104.54207550165921
0.1,1630000,135.60647804463727,150.75465257007193,104.36435978451051
0.1,1640000,135.4971168381741,150.66902030340316,104.18769698059954
0.1,1650000,135.3884204455838,150.58394203026404,104.01207469191884
0.1,1660000,135.28038083278818,150.49941066216712,103.83748073779121
0.1,1670000,135.1729901104688,150.4154192455311,103.6639031498291
0.1,1680000,135.06624053061023,150.3319609582838,103.49133016704097
0.1,1690000,134.96012448314553,150.2490291065718,103.31975023107663
0.1,1700000,134.85463449270088,150.1666171215709,103.14915198160777
0.1,1710000,134.74976321543522,150.0847185563964,102.9795242518393
0.1,1720000,134.645503435973,150.00332708310827,102.81085606414617
0.1,1730000,134.54184806442453,149.92243648980468,102.64313662583473
0.1,1740000,134.4387901334935,149.8420406778088,102.4763553250172
0.1,1750000,134.33632279566643,149.76213365893503,102.31050172660547
0.1,1760000,134.23443932048264,149.68270955284078,102.14556556841121
0.1,1770000,134.13313309188135,149.60376258445444,101.98153675735533
0.1,1780000,134.03239760562394,149.52528708148256,101.81840536577748
0.1,1790000,133.93222646678765,149.44727747198638,101.65616162784967
0.1,1800000,133.83261338732996,149.36972828203324,101.49479593608162
0.1,1810000,133.73355218371967,149.2926341334132,101.3342988379242
0.1,1820000,133.63503677463382,149.2159897414232,101.17466103245994
0.1,1830000,133.5370611787174,149.13978991271458,101.0158733671833
0.1,1840000,133.4396195124043,149.0640295432027,100.85792683486413
0.1,1850000,133.34270598779688,148.98870361603406,100.70081257049566
0.1,1860000,133.24631491060342,148.91380719961356,100.54452184831926
0.1,1870000,133.1504406781301,148.83933544568484,100.38904607892908
0.1,1880000,133.0550777773273,148.7652835874659,100.23437680645017
0.1,1890000,132.96022078288684,148.6916469378356,100.08050570578753
0.1,1900000,132.86586435539027,148.6184208875705,99.9274245799499
0.1,1910000,132.77200323950512,148.5456009036301,99.77512535743688
0.1,1920000,132.6786322622288,148.47318252748943,99.62360008969448
0.1,1930000,132.58574633117752,148.40116137351697,99.47284094863457
0.1,1940000,132.49334043291998,148.32953312739477,99.32284022421692
0.1,1950000,132.40140963135354,148.25829354458375,99.17359032208948
0.1,1960000,132.3099490661221,148.18743844882778,99.02508376129002
0.1,1970000,132.21895395107396,148.11696373069947,98.87731317200206
0.1,1980000,132.12841957275924,148.0468653461826,98.73027129336768
0.1,1990000,132.03834128896455,147.97713931529273,98.58395097135289
0.1,2000000,131.94871452728495,147.90778172073465,98.43834515666491
0.1,3000000,124.69879504669194,142.3528201086673,86.60489086368254
0.1,4000000,119.55489531382233,138.46590243936222,78.15453110963963
0.1,5000000,115.56497670605393,135.47501695822714,71.57588076835768
0.1,6000000,112.30497583322932,133.04428232505484,66.1877353188973
0.1,7000000,109.54868436874119,130.9970519914133,61.624196737331815
0.1,8000000,107.16107610035971,129.2289019411808,57.66583827942326
0.1,9000000,105.05505635263631,127.6729566269532,54.170645111949234
0.1,10000000,103.1711574925913,126.28380619810842,51.04139820007869
0.1,11000000,101.46696367802053,125.02920537579196,48.20861144383048
0.1,12000000,99.9111566197667,123.88543257283604,45.620891742718314
0.1,13000000,98.47995286379029,122.83452887888609,43.2391550852267
0.1,14000000,97.15486515527851,121.86257140110347,41.032983999243825
0.1,15000000,95.92123801199824,120.95854828724842,38.978240205888966
0.1,16000000,94.76725688689703,120.11360019036094,37.055446701845405
0.1,17000000,93.68325824454456,119.32049368777771,35.248659607790906
0.1,18000000,92.66123713917364,118.57324643912601,33.544661971378616
0.1,19000000,91.69448810723395,117.86685447093984,31.932375188970394
0.1,30000000,83.52741879853562,111.91472239004668,18.296372774693005
0.1,130000000,57.30857661563397,92.94057277361212,-25.61350461710956
0.1,230000000,47.10694840832326,85.59480729068387,-42.73561835025435
0.1,330000000,40.651848735808585,80.95420144840223,-53.577109669837355
0.1,430000000,35.91901311842929,77.55486391331968,-61.52914153210028
0.1,530000000,32.18034690964032,74.8712642917635,-67.81246673537825
0.1,630000000,29.08983073247356,72.65393830690105,-73.00752385266104
0.1,730000000,26.455590946781342,70.76466646178419,-77.43628865744923
0.1,830000000,24.160071301781898,69.11881768901367,-81.29608038348812
0.1,930000000,22.126005379597075,67.66079403108323,-84.71661907758305
0.1,1030000000,20.29987878795987,66.35210442637431,-87.7877641394051
0.1,1130000000,18.643092428956322,65.16499555996488,-90.57433944332118
0.1,1230000000,17.12688782657483,64.0787959021774,-93.12464861765716
0.1,1330000000,15.729262487071253,63.07769428999202,-95.47565191474409
10.0,1,273.02799496881573,323.77090257251876,247.35125179877713
10.0,51,236.43957990085602,269.24820775087716,219.61912549057985
10.0,101,230.0810383048593,259.80577627718105,214.76684918166532
10.0,151,226.33866173551755,254.25652997858143,211.90281726802377
10.0,201,223.67699639119948,250.31430195824797,209.86132594993487
10.0,251,221.60975203026723,247.25547701277048,208.27275595293358
10.0,301,219.91930228740608,244.7563648284449,206.9715493486547
10.0,351,218.48923893039807,242.64388787749968,205.86908502880303
10.0,401,217.2499495798407,240.81457887561382,204.91233391660987
10.0,451,216.15647405727753,239.20163129060637,204.06702706913566
10.0,501,215.17808360769016,237.7593971630729,203.30973079130803
10.0,551,214.29284377744347,236.45530050754707,202.62370998045256
10.0,601,213.4845489502539,235.26527898467882,201.9965949504759
10.0,651,212.7408861412901,234.17105398189585,201.41898335638493
10.0,701,212.05228019868147,233.15841405281395,200.88356063959898
10.0,751,211.41113782649734,232.2160913720909,200.38452405278306
10.0,801,210.81133577060484,231.3350011866605,199.91719259357248
10.0,851,210.247864251593,230.50771203982214,199.47773517809068
10.0,901,209.71657235368338,229.72806753130044,199.06297648688056
10.0,951,209.21398227036065,228.99091040510996,198.67025528058366
10.0,1000,208.74645225956687,228.30550950325258,198.30459678729522
10.0,10000,187.3192713564839,197.5531070127272,180.8863165842379
10.0,20000,180.8690471821375,188.87503886378542,175.0635643307995
10.0,30000,177.0959079188998,184.0795867781054,171.37658025139478
10.0,40000,174.4188230077911,180.84557830295662,168.59220448924805
10.0,50000,172.34231462774736,178.44586794810104,166.32369335766157
10.0,60000,170.64568374455337,176.55847966289372,164.3968669642262
10.0,70000,169.2112027722576,175.01381082573792,162.7166632407318
10.0,80000,167.9685988334447,173.71241677907423,161.22454561075017
10.0,90000,166.87254448131563,172.59149795050877,159.8814125115265
10.0,100000,165.89209045340095,171.60914179348245,158.65959910989991
10.0,110000,165.0051619004513,170.73613958584016,157.53868741495
10.0,120000,164.19545957020696,169.95141152503422,156.50311469970552
10.0,130000,163.45060563081864,169.23929756432972,155.54071427003697
10.0,140000,162.7609785979112,168.58787664261385,154.6417770214756
10.0,150000,162.11895119016322,167.98788279577397,153.79842194252373
10.0,160000,161.5183746590983,167.4319828706071,153.00415911683712
10.0,170000,160.95421972610833,166.91428141265337,152.25357762193784
10.0,180000,160.42232030696925,166.4299728154049,151.5421172442502
10.0,190000,159.9191866183989,165.97509157528836,150.86589806690174
10.0,200000,159.44186627905455,165.54632950031157,150.22159100069058
10.0,210000,158.98783933467345,165.1408996029871,149.60631789601763
10.0,220000,158.5549377261049,164.75643317603075,149.01757342237923
10.0,230000,158.14128267337128,164.39090086614652,148.45316322699608
10.0,240000,157.74523539586056,164.04255137794206,147.91115444441743
10.0,250000,157.3653578990108,163.7098633161019,147.38983569845823
10.0,260000,157.00038145647224,163.39150694708317,146.88768448490325
10.0,270000,156.64918104373152,163.0863135404066,146.4033403541638
10.0,280000,156.3107544235648,162.79325056582186,145.9355826958874
10.0,290000,155.98420490319666,162.51140146094104,145.4833122075028
10.0,300000,155.66872701581684,162.23994899990922,145.04553533600827
10.0,310000,155.3635945507687,161.9781615242726,144.62135113763767
10.0,320000,155.06815048475187,161.72538146742878,144.20994011763526
10.0,330000,154.7817984628672,161.4810157310575,143.81055470226772
10.0,340000,154.50399555176193,161.2445275676326,143.42251106457832
10.0,350000,154.23424604352104,161.01542969593083,143.04518207933637
10.0,360000,153.97209613262285,160.79327843230047,142.67799122497436
10.0,370000,153.7171293223738,160.57766866368644,142.3204072837181
10.0,380000,153.4689624440525,160.36822952208854,141.97193971772134
10.0,390000,153.22724219323453,160.16462064660303,141.63213462029876
10.0,400000,152.99164210470815,159.966528940113,141.30057115850897
10.0,410000,152.76185990097832,159.77366574435783,140.97685843722834
10.0,420000,152.53761516032705,159.58576437044002,140.66063272618453
10.0,430000,152.31864725930058,159.4025779325824,140.35155500068186
10.0,440000,152.1047135517585,159.223877441643,140.04930875438671
10.0,450000,151.8955877525791,159.04945012199082,139.75359804884195
10.0,460000,151.69105849902485,158.87909792113751,139.4641457696249
10.0,470000,151.4909280668378,158.71263618629885,139.18069206342548
10.0,480000,151.29501122151416,158.54989248599392,138.9029929339854
10.0,490000,151.10313418803128,158.39070555806256,138.63081897791167
10.0,500000,150.9151337246644,158.23492436820644,138.36395424397347
10.0,510000,150.7308562885242,158.08240726543605,138.1021952016902
10.0,520000,150.55015728212584,157.93302122272172,137.8453498068845
10.0,530000,150.37290037172713,157.786641152759,137.59323665346514
10.0,540000,150.19895686938514,157.64314929012278,137.34568420206745
10.0,550000,150.02820517171475,157.50243463224314,137.10253007734454
10.0,560000,149.86053024921836,157.36439243262004,136.863620426709
10.0,570000,149.69582318081476,157.22892374053941,136.62880933418575
10.0,580000,149.53398072885025,157.0959349822696,136.39795828379405
10.0,590000,149.37490495043932,156.96533757934046,136.17093566751828
10.0,600000,149.2185028414704,156.83704760004218,135.94761633349512
10.0,610000,149.06468601003695,156.71098544073553,135.72788117053958
10.0,620000,148.91337037642234,156.5870755339755,135.51161672555457
10.0,630000,148.7644758970893,156.4652460807834,135.29871485075648
10.0,640000,148.6179263104055,156.3454288047199,135.0890723779639
10.0,650000,148.4736489020821,156.2275587256607,134.88259081750346
10.0,660000,148.33157428852078,156.1115739514146,134.67917607953046
10.0,670000,148.1916362164518,155.99741548552697,134.47873821578995
10.0,680000,148.05377137741553,155.88502704978012,134.28119118005063
10.0,690000,147.9179192357871,155.7743549200683,134.0864526056094
10.0,700000,147.78402186917464,155.66534777445636,133.8944435984306
10.0,710000,147.65202382013763,155.55795655235298,133.70508854461966
10.0,720000,147.52187195827645,155.45213432383952,133.51831493105507
10.0,730000,147.39351535183295,155.34783616828875,133.33405317811494
10.0,740000,147.26690514802743,155.24501906149317,133.1522364835312
10.0,750000,147.1419944614267,155.14364177059755,132.97280067649763
10.0,760000,147.0187382697061,155.04366475619818,132.7956840812315
10.0,770000,146.89709331622498,154.94505008103008,132.62082738926463
10.0,780000,146.7770180188881,154.84776132471956,132.44817353980196
10.0,790000,146.6584723848125,154.7517635041229,132.27766760754406
10.0,800000,146.54141793036175,154.65702299882045,132.10925669742127
10.0,810000,146.4258176061474,154.56350748137083,131.94288984573467
10.0,820000,146.3116357266319,154.4711858519639,131.77851792724206
10.0,830000,146.19883790399842,154.38002817714607,131.6160935677652
10.0,840000,146.08739098598065,154.29000563231594,131.45557106192837
10.0,850000,145.97726299737178,154.20109044771647,131.29690629567224
10.0,860000,145.8684230849542,154.1132558576717,131.14005667321234
10.0,870000,145.76084146561254,154.02647605283687,130.98498104814212
10.0,880000,145.65448937741212,153.94072613524972,130.83163965839975
10.0,890000,145.5493390334413,153.85598207598986,130.67999406484205
10.0,900000,145.44536357823267,153.77222067526455,130.53000709318803
10.0,910000,145.34253704659233,153.6894195247579,130.38164277911332
10.0,920000,145.24083432467845,153.6075569720906,130.23486631629157
10.0,930000,145.1402311131846,153.52661208725002,130.08964400719543
10.0,940000,145.0407038924914,153.44656463086102,129.94594321648313
10.0,950000,144.94222988966234,153.36739502417836,129.80373232680927
10.0,960000,144.84478704716778,153.28908432068891,129.6629806969102
10.0,970000,144.74835399322922,153.21161417922207,129.52365862182472
10.0,980000,144.65291001368487,153.13496683847353,129.38573729512055
10.0,990000,144.55843502528305,153.05912509285307,129.24918877300732
10.0,1000000,144.464909550318,152.98407226957568,129.11398594022404
10.0,1010000,144.37231469252748,152.9097922069205,128.98010247759518
10.0,1020000,144.2806321141778,152.83626923358563,128.84751283116043
10.0,1030000,144.18984401426675,152.76348814907362,128.716192182787
10.0,1040000,144.09993310777944,152.6914342050481,128.5861164221779
10.0,1050000,144.0108826059369,152.6200930876013,128.457262120201
10.0,1060000,143.92267619738072,152.5494509003837,128.3296065034602
10.0,1070000,143.83529803024103,152.47949414854173,128.20312743004493
10.0,1080000,143.7487326950387,152.41020972342145,128.07780336638854
10.0,1090000,143.6629652083754,152.34158488799173,127.95361336517814
10.0,1100000,143.57798099736834,152.27360726294893,127.83053704425855
10.0,1110000,143.4937658847897,152.20626481346392,127.70855456647574
10.0,1120000,143.41030607487198,152.13954583653626,127.58764662041253
10.0,1130000,143.3275881397447,152.07343894892406,127.46779440196654
10.0,1140000,143.24559900646835,152.00793307561545,127.34897959672952
10.0,1150000,143.1643259446347,151.94301743881633,127.23118436312379
10.0,1160000,143.08375655450385,151.87868154742276,127.11439131626071
10.0,1170000,143.0038787556504,151.81491518695776,126.99858351247909
10.0,1180000,142.9246807760929,151.75170840994286,126.88374443453567
10.0,1190000,142.84615114188202,151.6890515266855,126.76985797741021
10.0,1200000,142.768278667124,151.626935096461,126.65690843469605
10.0,1210000,142.69105244441872,151.56534991906597,126.54488048554934
10.0,1220000,142.61446183569055,151.50428702672846,126.4337591821664
10.0,1230000,142.53849646339418,151.4437376763539,126.32352993776735
10.0,1240000,142.46314620207593,151.38369334209213,126.21417851505775
10.0,1250000,142.38840117027425,151.32414570820822,126.10569101514943
10.0,1260000,142.31425172274294,151.2650866622439,125.99805386691571
10.0,1270000,142.24068844298156,151.20650828845416,125.89125381676291
10.0,1280000,142.1677021360591,151.1484028615071,125.78527791879648
10.0,1290000,142.09528382171646,151.09076284043215,125.68011352536716
10.0,1300000,142.0234247277357,151.0335808628088,125.57574827797511
10.0,1310000,141.95211628356302,150.97684973918055,125.47217009851997
10.0,1320000,141.88135011417438,150.9205624476863,125.3693671808785
10.0,1330000,141.81111803417258,150.8647121288981,125.26732798279656
10.0,1340000,141.7414120421054,150.80929208085536,125.16604121808143
10.0,1350000,141.67222431499496,150.75429575428834,125.06549584907951
10.0,1360000,141.60354720306913,150.6997167480205,124.96568107943003
10.0,1370000,141.53537322468557,150.64554880454224,124.86658634707956
10.0,1380000,141.46769506144074,150.59178580574908,124.76820131754837
10.0,1390000,141.40050555345522,150.53842176883677,124.67051587743677
10.0,1400000,141.33379769482823,150.48545084234553,124.57352012816123
10.0,1410000,141.26756462925366,150.4328673023484,124.47720437991102
10.0,1420000,141.20179964579125,150.3806655487761,124.38155914581631
10.0,1430000,141.13649617478606,150.3288401018739,124.28657513631777
10.0,1440000,141.07164778393005,150.27738559878375,124.19224325373068
10.0,1450000,141.0072481744601,150.22629679024624,124.0985545869951
10.0,1460000,140.94329117748657,150.17556853742013,124.00550040660329
10.0,1470000,140.87977075044714,150.12519580880877,123.91307215970055
10.0,1480000,140.81668097368103,150.07517367729682,123.82126146534732
10.0,1490000,140.7540160471183,150.0254973172842,123.7300601099422
10.0,1500000,140.69177028708026,149.97616200192147,123.63946004279353
10.0,1510000,140.6299381231857,149.9271631004359,123.54945337183845
10.0,1520000,140.5685140953597,149.87849607554855,123.46003235950091
10.0,1530000,140.50749285094008,149.83015648097722,123.37118941868412
10.0,1540000,140.4468691418786,149.7821399590224,123.28291710889211
10.0,1550000,140.38663782203218,149.73444223823248,123.19520813247536
10.0,1560000,140.32679384454173,149.68705913114502,123.10805533099628
10.0,1570000,140.26733225929428,149.6399865321021,123.02145168170925
10.0,1580000,140.2082482104661,149.59322041513545,122.93539029415129
10.0,1590000,140.149536934143,149.54675683192008,122.8498644068391
10.0,1600000,140.09119375601534,149.50059190979292,122.76486738406862
10.0,1610000,140.03321408914493,149.45472184983345,122.68039271281376
10.0,1620000,139.975593431801,149.40914292500625,122.59643399971903
10.0,1630000,139.9183273653626,149.36385147836046,122.51298496818474
10.0,1640000,139.86141155228552,149.31884392128538,122.4300394555404
10.0,1650000,139.8048417341306,149.27411673182044,122.34759141030231
10.0,1660000,139.74861372965202,149.22966645301665,122.2656348895144
10.0,1670000,139.69272343294247,149.18548969134795,122.18416405616703
10.0,1680000,139.63716681163424,149.1415831151715,122.10317317669264
10.0,1690000,139.58193990515338,149.09794345323317,122.02265661853502
10.0,1700000,139.52703882302538,149.05456749321905,121.94260884778943
10.0,1710000,139.47245974323062,149.01145208034916,121.8630244269111
10.0,1720000,139.41819891060777,148.96859411601366,121.78389801249023
10.0,1730000,139.36425263530336,148.92599055644803,121.70522435309056
10.0,1740000,139.3106172912661,148.88363841144886,121.6269982871499
10.0,1750000,139.2572893147845,148.84153474312478,121.54921474093993
10.0,1760000,139.20426520306572,148.79967666468548,121.47186872658385
10.0,1770000,139.1515415128552,148.758061339264,121.39495534012985
10.0,1780000,139.0991148590949,148.7166859787745,121.31846975967726
10.0,1790000,139.046981913619,148.67554784280043,121.2424072435562
10.0,1800000,138.99513940388627,148.63464423751563,121.16676312855678
10.0,1810000,138.94358411174738,148.59397251463557,121.09153282820606
10.0,1820000,138.89231287224592,148.5535300703972,121.01671183109384
10.0,1830000,138.8413225724528,148.513314344568,120.94229569924221
10.0,1840000,138.79061015033204,148.47332281948184,120.86828006652014
10.0,1850000,138.74017259363728,148.4335530191017,120.79466063710035
10.0,1860000,138.6900069388382,148.3940025081081,120.72143318395713
10.0,1870000,138.64011027007575,148.3546688910118,120.6485935474044
10.0,1880000,138.590479718145,148.3155498112912,120.57613763367276
10.0,1890000,138.5411124595052,148.27664295055249,120.50406141352246
10.0,1900000,138.49200571531594,148.2379460277125,120.4323609208949
10.0,1910000,138.4431567504984,148.19945679820302,120.36103225159735
10.0,1920000,138.39456287282138,148.1611730531967,120.2900715620222
10.0,1930000,138.34622143201088,148.12309261885306,120.21947506789985
10.0,1940000,138.2981298188828,148.0852133555838,120.14923904308276
10.0,1950000,138.25028546449795,148.04753315733836,120.0793598183609
10.0,1960000,138.20268583933847,148.01004995090693,120.00983378030688
10.0,1970000,138.15532845250542,147.9727616952422,119.94065737015062
10.0,1980000,138.10821085093664,147.9356663807981,119.87182708268206
10.0,1990000,138.06133061864435,147.89876202888536,119.80333946518132
10.0,2000000,138.0146853759716,147.8620466910439,119.73519111637556
10.0,3000000,134.24154611273386,144.9043138723568,114.21048776997803
10.0,4000000,131.5644612016252,142.81836852903044,110.27804887600885
10.0,5000000,129.48795282158144,141.2063418052808,107.22185411331643
10.0,6000000,127.79132193838745,139.89259173976575,104.72138950018883
10.0,7000000,126.35684096609168,138.78395946866354,102.60514921064073
10.0,8000000,125.11423702727879,137.82506366094236,100.77053334171667
10.0,9000000,124.01818267514975,136.980292922932,99.1512521519379
10.0,10000000,123.03772864723504,136.22539199318027,97.70198352303676
10.0,11000000,122.15080009428539,135.5430955916669,96.39036602195785
10.0,12000000,121.34109776404105,134.92067735651872,95.19248348105563
10.0,13000000,120.59624382465273,134.34848682206018,94.09015962514106
10.0,14000000,119.90661679174528,133.8190320225752,93.06925625434891
10.0,15000000,119.2645893839973,133.32638043294423,92.11855891818807
10.0,16000000,118.66401285293239,132.8657542704252,91.22902232985362
10.0,17000000,118.09985791994242,132.4332490874729,90.39324455995289
10.0,18000000,117.56795850080331,132.02563316699022,89.60509150549947
10.0,19000000,117.06482481223298,131.6402013883528,88.85942286667186
10.0,30000000,112.8143652096509,128.3890601152258,82.5550588335263
10.0,130000000,99.16906292156978,117.99769569335305,62.27026806026551
10.0,230000000,93.85973996412238,113.96801488959119,54.364001122803295
10.0,330000000,90.50025575361829,111.42112050762323,49.358401844953946
10.0,430000000,88.03710455005171,109.55499809044686,45.68708676206932
10.0,530000000,86.09135766247829,108.08154828141953,42.78628144405651
10.0,630000000,84.48293318784044,106.86396395010436,40.38794890068738
10.0,730000000,83.1119726425841,105.82642646520179,38.3434148004537
10.0,830000000,81.91729519474956,104.92250404325938,36.56156962090381
10.0,930000000,80.85868840393573,104.12168921474428,34.98251879895295
10.0,1030000000,79.90830130501786,103.40285889026272,33.5647733608498
10.0,1130000000,79.04604543049584,102.75078116241873,32.2784041077238
10.0,1230000000,78.25695375414531,102.15410990249126,31.10110963088189
10.0,1330000000,77.52957532492371,101.60416610870088,30.01582592224573
0.5,1,343.21420566926145,460.5451176420343,301.89115431902707
0.5,51,301.27067105260716,379.771538351812,273.3169882799704
0.5,101,293.9814865102389,365.7652871345578,268.3201701974685
0.5,151,289.69137170496003,357.52917149773606,265.37185930828326
0.5,201,286.64014217506667,351.67546607942467,263.2709401908866
0.5,251,284.27033371922636,347.1316718125663,261.63659010542085
0.5,301,282.3324679446167,343.4179597104402,260.29824221448666
0.5,351,280.69309898569185,340.2777312630856,259.1645986322276
0.5,401,279.2724259207721,337.557572038792,258.1810309789746
0.5,451,278.018908151612,335.15841553089257,257.3122382536823
0.5,501,276.89731942975425,333.0125646086443,256.53408195901875
0.5,551,275.8825149514781,331.0717040007236,255.82932429314005
0.5,601,274.955917229174,329.3001425847071,255.18522444724272
0.5,651,274.103411136386,327.6707660221937,254.59209830515994
0.5,701,273.3140200917782,326.16249163802667,254.04241234573902
0.5,751,272.5790394365091,324.75860245867966,253.5301902996289
0.5,801,271.89144971042396,323.4456194295301,253.05061132974444
0.5,851,271.245507897441,322.2125157933488,252.59973002023276
0.5,901,270.6364555493103,321.0501561581353,252.17427638066454
0.5,951,270.0603058440367,319.95088729800676,251.77150990162582
0.5,1000,269.52434764099263,318.9285693145085,251.39657270314598
0.5,10000,244.9610616315697,272.5714186655565,233.716680037629
0.5,20000,237.56677575065996,259.03966735613017,227.97136047576646
0.5,30000,233.24139579071587,251.34859199518982,224.3860722532588
0.5,40000,230.17248986975022,246.05138349099525,221.68257346961266
0.5,50000,227.79206150305646,242.0677868781302,219.46033938187506
0.5,60000,225.84710990980614,238.91529022112533,217.5423031560345
0.5,70000,224.20267676869673,236.33516304706782,215.83535586275187
0.5,80000,222.77820398884052,234.17188739485778,214.28499869446134
0.5,90000,221.52172994986205,232.3243805271698,212.856849266542
0.5,100000,220.39777562214675,230.72312965742725,211.52792573128923
0.5,110000,219.38103525790723,229.3182791431598,210.28211107317728
0.5,120000,218.45282402889643,228.0729021326295,209.1076203732416
0.5,130000,217.59895247056147,226.95894857081848,207.9955114308293
0.5,140000,216.80839088778703,225.95467451582783,206.9387735227031
0.5,150000,216.07239566220267,225.04294017304542,205.93175163222304
0.5,160000,215.3839181079308,224.2100429171015,204.9697723009288
0.5,170000,214.73719285576917,223.44489374107394,204.04889408756938
0.5,180000,214.12744406895234,222.73842205327108,203.16573686915194
0.5,190000,213.55067119578584,222.08313687687692,202.31736209355898
0.5,200000,213.00348974123702,221.4727978861278,201.50118663129987
0.5,210000,212.4830109278429,220.9021652210306,200.7149192340523
0.5,220000,211.98674937699752,220.36680682565307,199.95651251939515
0.5,230000,211.51255132847695,219.86294843956045,199.22412584604822
0.5,240000,211.05853814798672,219.38735564039342,198.5160959941889
0.5,250000,210.62306137454323,218.9372402547626,197.83091356206245
0.5,260000,210.20466658965174,218.51018549082232,197.16720363953664
0.5,270000,209.80206410900828,218.10408559061455,196.52370974836046
0.5,280000,209.4141050068773,217.71709684068816,195.89928032655394
0.5,290000,209.0397613495701,217.34759753863565,195.29285723010165
0.5,300000,208.67810978129293,216.99415507354615,194.7034658604335
0.5,310000,208.32831780242097,216.65549869628603,194.13020662129426
0.5,320000,207.98963222702108,216.3304968701903,193.5722474765513
0.5,330000,207.66136941705346,216.018138331685,193.02881742991522
0.5,340000,207.34290697485946,215.71751617325054,192.499200784104
0.5,350000,207.0336766401835,215.42781440217817,191.98273206446132
0.5,360000,206.73315818804264,215.14829653805862,191.47879151307572
0.5,370000,206.44087416284194,214.87829589751502,190.9868010757674
0.5,380000,206.15638531487613,214.6172072819843,190.50622081716287
0.5,390000,205.87928662970765,214.36447983754982,190.03654570936118
0.5,400000,205.60920386032728,214.11961089817405,189.5773027479649
0.5,410000,205.34579048758263,213.88214065748477,189.12804835606266
0.5,420000,205.0887250469332,213.65164754149015,188.68836604230387
0.5,430000,204.83770876979793,213.42774417653092,188.2578642838858
0.5,440000,204.59246349608782,213.2100738646014,187.8361746091581
0.5,450000,204.35272982134885,212.99830749268446,187.42294985784716
0.5,460000,204.11826544756724,212.79214081462425,187.01786259969572
0.5,470000,203.8888437113512,212.59129205382473,186.62060369470046
0.5,480000,203.664252267077,212.39549978312007,186.23088098017342
0.5,490000,203.44429190582377,212.20452104483323,185.84841807162067
0.5,500000,203.22877549363352,212.0181296795874,185.47295326594897
0.5,510000,203.01752701491534,211.8361148370719,185.10423853683454
0.5,520000,202.81038070874203,211.6582796458278,184.74203861324236
0.5,530000,202.60718028741903,211.4844400223865,184.3861301330796
0.5,540000,202.40777822809855,211.3144236028369,184.0363008648494
0.5,550000,202.21203512939402,211.1480687822116,183.69234899094528
0.5,560000,202.01981912596756,210.98522384905897,183.35408244689435
0.5,570000,201.83100535493205,210.82574620424342,183.02131831145564
0.5,580000,201.6454754686604,210.6695016544297,182.6938822430189
0.5,590000,201.46311718924173,210.51636377195183,182.37160795819116
0.5,600000,201.2838239003832,210.36621331379553,182.05433674889534
0.5,610000,201.10749427304432,210.21893769333215,181.74191703465507
0.5,620000,200.9340319215113,210.074430499221,181.4342039470706
0.5,630000,200.76334508698912,209.93259105656261,181.13105894378342
0.5,640000,200.59534634611137,209.793324025975,180.8323494494778
0.5,650000,200.42995234204824,209.656539036756,180.53794852171157
0.5,660000,200.26708353614373,209.52215035075218,180.2477345395594
0.5,670000,200.1066639782287,209.3900765539249,179.96159091324733
0.5,680000,199.94862109394973,209.2602402729401,179.6794058131256
0.5,690000,199.79288548762315,209.13256791440995,179.40107191646192
0.5,700000,199.6393907592738,209.00698942466175,179.1264861706889
0.5,710000,199.488073334651,208.88343806814083,178.85554957184883
0.5,720000,199.33887230713293,208.76185022275504,178.58816695709038
0.5,730000,199.19172929053494,208.64216519063902,178.3242468101726
0.5,740000,199.0465882819322,208.52432502297614,178.06370107901745
0.5,750000,198.90339553368943,208.40827435765237,177.80644500443583
0.5,760000,198.7620994339664,208.29396026863566,177.55239695922282
0.5,770000,198.6226503950343,208.1813321260903,177.301478296881
0.5,780000,198.48500074879794,208.07034146632375,177.05361320929842
0.5,790000,198.34910464897322,207.9609418707527,176.808728592757
0.5,800000,198.21491797941758,207.85308885315604,176.56675392169404
0.5,810000,198.08239826815446,207.74673975454465,176.3276211296936
0.5,820000,197.9515046066729,207.6418536450412,176.09126449721742
0.5,830000,197.8221975741184,207.53839123222477,175.85762054562562
0.5,840000,197.69443916602347,207.43631477543113,175.62662793707415
0.5,850000,197.56819272725593,207.3355880055608,175.39822737990238
0.5,860000,197.4434228888882,207.23617604997136,175.17236153915658
0.5,870000,197.32009550871632,207.13804536207618,174.9489749519243
0.5,880000,197.1981776151781,207.0411636553052,174.72801394716546
0.5,890000,197.07763735443982,206.94549984110088,174.50942656977125
0.5,900000,196.9584439404391,206.85102397067,174.29316250857286
0.5,910000,196.8405676076885,206.7577071802102,174.07917302807178
0.5,920000,196.7239795666575,206.66552163937538,173.86741090365584
0.5,930000,196.60865196156718,206.5744405027527,173.65783036009077
0.5,940000,196.4945578304415,206.4844378641398,173.4503870130966
0.5,950000,196.38167106727263,206.39548871343274,173.2450378138231
0.5,960000,196.26996638616728,206.30756889595193,173.04174099605288
0.5,970000,196.15941928735066,206.22065507403792,172.84045602597737
0.5,980000,196.05000602491407,206.1347246907713,172.6411435543938
0.5,990000,195.94170357619964,206.0497559356764,172.44376537118708
0.5,1000000,195.8344896127238,205.96572771227846,172.24828436196907
0.5,1010000,195.72834247254713,205.8826196074015,172.0546644667489
0.5,1020000,195.62324113400564,205.80041186208783,171.86287064052988
0.5,1030000,195.5191651907234,205.71908534404903,171.67286881571582
0.5,1040000,195.4160948278323,205.63862152153945,171.48462586624203
0.5,1050000,195.3140107993297,205.5590024385785,171.29810957332418
0.5,1060000,195.21289440650932,205.48021069143266,171.11328859274457
0.5,1070000,195.1127274774047,205.40222940627635,170.93013242360064
0.5,1080000,195.01349234718884,205.32504221797544,170.74861137842208
0.5,1090000,194.91517183947718,205.24863324991347,170.56869655460144
0.5,1100000,194.81774924848432,205.17298709480602,170.39035980706205
0.5,1110000,194.72120832198812,205.09808879644595,170.21357372209965
0.5,1120000,194.62553324505785,205.02392383232316,170.03831159234133
0.5,1130000,194.53070862450556,204.95047809707293,169.8645473927622
0.5,1140000,194.4367194740223,204.87773788670236,169.69225575770798
0.5,1150000,194.34355119996374,204.80568988355367,169.52141195887486
0.5,1160000,194.2511895877507,204.73432114196487,169.3519918841949
0.5,1170000,194.15962078885386,204.66361907458304,169.18397201759112
0.5,1180000,194.06883130833202,204.59357143930686,169.01732941954728
0.5,1190000,193.9788079928962,204.52416632680962,168.85204170846782
0.5,1200000,193.8895380194735,204.4553921486239,168.68808704277825
0.5,1210000,193.80100888424485,204.38723762575185,168.5254441037368
0.5,1220000,193.71320839213462,204.31969177777552,168.36409207892294
0.5,1230000,193.6261246467288,204.25274391243985,168.2040106463708
0.5,1240000,193.53974604060156,204.18638361568665,168.0451799593161
0.5,1250000,193.45406124603002,204.12060074211243,167.88758063153244
0.5,1260000,193.3690592060794,204.05538540583314,167.73119372322415
0.5,1270000,193.28472912604028,203.99072797173164,167.57600072745623
0.5,1280000,193.20106046520164,203.9266190470693,167.42198355709476
0.5,1290000,193.1180429289441,203.86304947344766,167.26912453223224
0.5,1300000,193.0356664611385,203.8000103190967,167.11740636808213
0.5,1310000,192.95392123683564,203.73749287147885,166.96681216331655
0.5,1320000,192.87279765523402,203.67548863019013,166.81732538883256
0.5,1330000,192.7922863329129,203.61398930014818,166.668929876922
0.5,1340000,192.712378097319,203.55298678504735,166.52160981083617
0.5,1350000,192.63306398049502,203.4924731810758,166.37534971471894
0.5,1360000,192.55433521304002,203.43244077087473,166.23013444390222
0.5,1370000,192.47618321829046,203.3728820177357,166.08594917553816
0.5,1380000,192.39859960671342,203.31378956001834,165.94277939956478
0.5,1390000,192.32157617050197,203.25515620578417,165.8006109099817
0.5,1400000,192.24510487836406,203.19697492763146,165.6594297964305
0.5,1410000,192.1691778704974,203.13923885772812,165.51922243606018
0.5,1420000,192.09378745374127,203.0819412830261,165.37997548567483
0.5,1430000,192.01892609689907,203.025075640658,165.24167587414138
0.5,1440000,191.9445864262232,202.96863551349898,165.1043107950578
0.5,1450000,191.87076122105688,202.91261462589284,164.96786769966423
0.5,1460000,191.79744340962523,202.85700683953633,164.8323342899865
0.5,1470000,191.72462606496998,202.8018061495055,164.69769851221147
0.5,1480000,191.6523024010225,202.74700668043064,164.56394855027415
0.5,1490000,191.5804657688084,202.69260268280223,164.4310728196572
0.5,1500000,191.5091096527797,202.63858852941112,164.2990599613883
0.5,1510000,191.43822766726825,202.5849587119112,164.16789883623218
0.5,1520000,191.3678135530567,202.53170783750227,164.0375785190674
0.5,1530000,191.29786117406158,202.4788306257283,163.90808829344132
0.5,1540000,191.2283645141246,202.42632190538495,163.7794176462975
0.5,1550000,191.15931767390776,202.37417661153248,163.6515562628676
0.5,1560000,191.09071486788824,202.32238978261032,163.52449402172306
0.5,1570000,191.02255042144924,202.2709565576495,163.3982209899785
0.5,1580000,190.95481876806352,202.21987217357494,163.27272741864596
0.5,1590000,190.88751444656523,202.1691319626033,163.14800373812594
0.5,1600000,190.82063209850784,202.11873134971998,163.0240405538414
0.5,1610000,190.75416646560402,202.06866585024326,162.90082864199968
0.5,1620000,190.68811238724476,202.0189310674683,162.7783589454811
0.5,1630000,190.62246479809508,201.9695226903817,162.65662256985618
0.5,1640000,190.5572187257632,201.9204364914567,162.5356107795132
0.5,1650000,190.49236928854023,201.87166832451533,162.4153149939047
0.5,1660000,190.42791169320867,201.8232141226564,162.2957267839052
0.5,1670000,190.36384123291631,201.7750698962546,162.17683786826936
0.5,1680000,190.30015328511377,201.72723173101582,162.05864011020066
0.5,1690000,190.23684330955325,201.67969578609777,161.9411255140123
0.5,1700000,190.17390684634623,201.63245829228785,161.8242862218865
0.5,1710000,190.11133951407822,201.58551555023425,161.70811451072814
0.5,1720000,190.0491370079785,201.53886392873537,161.5926027891039
0.5,1730000,189.98729509814262,201.4924998630781,161.47774359427024
0.5,1740000,189.92580962780661,201.44641985342886,161.3635295892829
0.5,1750000,189.8646765116703,201.40062046327017,161.24995356018908
0.5,1760000,189.8038917342684,201.35509831788633,161.13700841329563
0.5,1770000,189.74345134838794,201.30985010289277,161.02468717251338
0.5,1780000,189.68335147353008,201.26487256280888,160.91298297677457
0.5,1790000,189.62358829441519,201.2201624996736,160.80188907751975
0.5,1800000,189.5641580595294,201.17571677170037,160.6913988362537
0.5,1810000,189.50505707971152,201.1315322919724,160.58150572216647
0.5,1820000,189.44628172677878,201.08760602717288,160.4722033098203
0.5,1830000,189.38782843219053,201.04393499635609,160.3634852768943
0.5,1840000,189.3296936857478,201.000516269748,160.25534540199436
0.5,1850000,189.2718740343287,200.95734696758606,160.14777756251613
0.5,1860000,189.21436608065747,200.91442425898825,160.04077573256652
0.5,1870000,189.15716648210676,200.87174536085607,159.93433398093873
0.5,1880000,189.10027194953176,200.8293075368053,159.82844646914225
0.5,1890000,189.04367924613533,200.78710809613023,159.72310744947907
0.5,1900000,188.9873851863629,200.7451443927928,159.61831126317423
0.5,1910000,188.93138663482668,200.70341382444306,159.5140523385507
0.5,1920000,188.87568050525758,200.66191383146085,159.41032518925525
0.5,1930000,188.82026375948467,200.62064189603154,159.30712441252197
0.5,1940000,188.76513340644095,200.57959554123835,159.20444468748812
0.5,1950000,188.71028650119442,200.5387723301852,159.10228077354554
0.5,1960000,188.65572014400433,200.49816986514008,159.00062750873624
0.5,1970000,188.60143147940119,200.45778578670064,158.89947980818874
0.5,1980000,188.54741769528994,200.41761777298464,158.79883266259006
0.5,1990000,188.49367602207624,200.377663538839,158.69868113669781
0.5,2000000,188.44020373181408,200.3379208350708,158.5990203678879
0.5,3000000,184.11482377187,197.15633204875647,150.50424557075425
0.5,4000000,181.04591785090435,194.93200614222738,144.7278641894426
0.5,5000000,178.66548948421058,193.2215527032841,140.23248692778319
0.5,6000000,176.72053789096026,191.83214558171935,136.55136116650257
0.5,7000000,175.07610474985086,190.66242522972533,133.43400705115639
0.5,8000000,173.65163196999464,189.65250186970346,130.73029759067776
0.5,9000000,172.39515793101617,188.7640370909681,128.3431060738058
0.5,10000000,171.27120360330085,187.97100820320472,126.20596055657386
0.5,11000000,170.25446323906135,187.25494286566592,124.27136072173317
0.5,12000000,169.32625201005055,186.6022557916155,122.5041800853177
0.5,13000000,168.47238045171557,186.0026647457931,120.87770862691667
0.5,14000000,167.68181886894112,185.44820023415608,119.37116117543684
0.5,15000000,166.94582364335676,184.9325604517993,117.96804472453118
0.5,16000000,166.2573460890849,184.45067645057264,116.65505213851978
0.5,17000000,165.6106208369233,183.99841034289443,115.42129085681098
0.5,18000000,165.00087205010647,183.5723405156414,114.25773177784372
0.5,19000000,164.42409917693996,183.1696053934346,113.15680694806338
0.5,30000000,159.55153776244705,179.77755606932192,103.84597823571984
0.5,130000000,143.90909444229263,168.97834536621423,73.86498469202662
0.5,230000000,137.82269330020813,164.8018144170186,62.17412992518324
0.5,330000000,133.97151138878462,162.16429755456218,54.771528263631176
0.5,430000000,131.14785074152908,160.23268050494372,49.34179801206609
0.5,530000000,128.91732225915024,158.70799901598207,45.05144119607713
0.5,630000000,127.07348705872027,157.4483732783236,41.50414677861555
0.5,730000000,125.50187126226615,156.37520687962854,38.48007517777604
0.5,830000000,124.13233954584956,155.44038242777768,35.84449940666575
0.5,930000000,122.91879393329833,154.61229305327177,33.50884786616478
0.5,1030000000,121.82930716245457,153.86905907352337,31.411765142834525
0.5,1130000000,120.84085059623672,153.19490581231472,29.508989734113545
0.5,1230000000,119.93626661846,152.57808463895282,27.76753997645087
0.5,1330000000,119.10242830464406,152.009609869932,26.16217936373132
