N_cycles,Load,eyy,exx,Specimen_name
0,-6.742135,0,0,T1-FC-11-B6
0,-6.563414,7.70E-06,9.40E-06,
0,-7.263805,7.66E-06,1.24E-05,
0,-7.911063,-1.58E-07,1.05E-05,
0,-7.833778,-1.45E-05,4.53E-06,
0,-7.572943,-1.14E-05,-7.70E-06,
0,-8.572812,1.11E-05,8.68E-06,
0,-8.582472,9.40E-06,5.68E-06,
0,-6.945007,1.83E-05,5.37E-06,
0,-4.481563,3.40E-07,3.27E-05,
1,635.092349,-0.00170465,0.00451945,
1,645.617601,-0.00173042,0.00457898,
1,648.853911,-0.00173853,0.00461324,
1,650.597655,-0.00174184,0.00460518,
1,646.346978,-0.00173265,0.00457858,
1,635.382168,-0.00169878,0.00449883,
1,618.031689,-0.00165469,0.00437827,
1,602.231746,-0.00161089,0.00427687,
1,580.292488,-0.0015549,0.00411701,
1,560.768393,-0.00151738,0.00400669,
1,547.861821,-0.0014752,0.00391395,
1,530.670774,-0.00143972,0.00380852,
1,523.652346,-0.00143306,0.00378368,
1,527.362017,-0.00143949,0.00381374,
1,532.414513,-0.00146566,0.0038698,
1,548.740936,-0.00150946,0.00399518,
1,569.4243,-0.00156827,0.0041427,
1,599.01959,-0.00164027,0.00434874,
1,624.866579,-0.00171131,0.00453006,
2,652.032258,-0.00178513,0.00471033,
2,676.154855,-0.00184497,0.00487526,
2,690.940459,-0.00187914,0.00495359,
2,698.495079,-0.00189267,0.0050047,
2,698.635158,-0.00188553,0.00499353,
2,687.138998,-0.00185026,0.00488478,
2,663.992118,-0.00179889,0.00472323,
2,636.212981,-0.00171847,0.00452423,
2,601.999891,-0.00162139,0.00428432,
2,566.487474,-0.00153636,0.00405531,
2,535.428621,-0.00146376,0.00385414,
2,504.437412,-0.00137596,0.00363847,
2,482.372608,-0.00133754,0.00353837,
2,478.17991,-0.00131526,0.00351116,
2,476.020767,-0.00132981,0.00352384,
2,489.164007,-0.00138771,0.00366297,
2,521.015002,-0.00145765,0.00385875,
2,553.204137,-0.00155007,0.0040978,
2,594.928319,-0.00166386,0.00440467,
2,642.139775,-0.00178813,0.00470671,
3,680.961021,-0.00188291,0.00496202,
3,714.45929,-0.00196895,0.00519964,
3,740.026193,-0.00202201,0.00533124,
3,746.440866,-0.00204218,0.00537452,
3,748.015553,-0.00204056,0.00535068,
3,729.022714,-0.00197415,0.00519616,
3,693.099612,-0.0018741,0.00494293,
3,652.800278,-0.00176748,0.00465566,
3,603.927184,-0.00163195,0.00430218,
3,549.513785,-0.00151259,0.00396432,
3,506.243944,-0.00138745,0.00365633,
3,464.215522,-0.00128996,0.00340565,
3,433.760512,-0.0012309,0.00323801,
3,426.259066,-0.00121422,0.00321412,
3,429.94458,-0.00122767,0.00324722,
3,450.362234,-0.00130018,0.00343851,
3,489.386201,-0.0014081,0.00371718,
3,538.355785,-0.00153571,0.00406155,
3,595.445162,-0.00168636,0.00445353,
3,656.992991,-0.00185125,0.00487066,
4,709.063821,-0.00197556,0.00520267,
4,753.512465,-0.0021021,0.00550744,
4,789.638501,-0.00218784,0.00575055,
4,802.313296,-0.00218905,0.00576108,
4,788.063813,-0.00215097,0.00565429,
4,764.327569,-0.00208603,0.00548046,
4,729.128981,-0.00197037,0.0051841,
4,668.508464,-0.00181345,0.00474995,
4,601.854982,-0.00163699,0.00430185,
4,535.766743,-0.00147273,0.00387652,
4,476.334736,-0.00131391,0.00346357,
4,423.621726,-0.00119297,0.00314685,
4,390.152633,-0.00111269,0.00295095,
4,377.236436,-0.00109287,0.00290297,
4,381.849363,-0.00112484,0.0029741,
4,409.705653,-0.00120982,0.00320592,
4,461.351157,-0.00135258,0.00356526,
4,522.444771,-0.00152022,0.00401505,
4,596.19386,-0.00170843,0.00450811,
4,669.947898,-0.00190006,0.00501547,
5,738.992504,-0.00207436,0.00546555,
5,797.347713,-0.00223448,0.00587523,
5,837.004775,-0.00230394,0.00606874,
5,846.810366,-0.00232665,0.00611419,
5,840.241102,-0.00230501,0.00605639,
5,809.046782,-0.0021977,0.00577979,
5,746.667892,-0.00202703,0.00534241,
5,687.110016,-0.00186825,0.00490636,
5,602.062685,-0.00163067,0.00428903,
5,517.556506,-0.0014297,0.00375909,
5,449.980641,-0.00124495,0.00330402,
5,384.12443,-0.00108604,0.00289081,
5,343.545169,-0.000999805,0.00266547,
5,323.156525,-0.000968762,0.00257855,
5,334.865142,-0.00101429,0.00270687,
5,374.149881,-0.00111526,0.00297355,
5,425.587656,-0.00127759,0.00338843,
5,508.504524,-0.00150103,0.00398079,
5,594.527404,-0.00171852,0.0045528,
5,684.680366,-0.00196187,0.00518212,
6,769.805162,-0.00217025,0.00571432,
6,837.850084,-0.00233798,0.00616876,
6,874.372304,-0.00242278,0.00637262,
6,892.191453,-0.00247237,0.00650822,
6,892.925666,-0.00243751,0.00642993,
6,852.920748,-0.00232984,0.00610695,
6,782.63452,-0.00211157,0.00555113,
6,695.012418,-0.00188798,0.00498196,
6,605.047816,-0.00163326,0.00431901,
6,503.514824,-0.00138894,0.00366886,
6,418.709318,-0.00117254,0.00310122,
6,345.762272,-0.00100002,0.00266105,
6,293.580681,-0.000886233,0.00235586,
6,276.727815,-0.000860107,0.00229237,
6,288.513711,-0.000908452,0.0024131,
6,326.953131,-0.00102471,0.00273942,
6,399.991936,-0.00121802,0.00325006,
6,490.806308,-0.00147692,0.00389942,
6,595.643205,-0.00175581,0.00462709,
6,702.88101,-0.00203124,0.00534316,
7,795.85514,-0.00227175,0.00599451,
7,875.357694,-0.00244718,0.00644604,
7,916.777937,-0.00256595,0.00676144,
7,949.658165,-0.00263291,0.00692339,
7,936.369853,-0.00256781,0.00675991,
7,886.636553,-0.00242196,0.00638221,
7,822.455796,-0.00222427,0.00585657,
7,705.822675,-0.00191767,0.00503751,
7,598.208099,-0.00164621,0.00434081,
7,497.607369,-0.00136331,0.00359637,
7,382.230956,-0.00108386,0.00286923,
7,309.950521,-0.000911144,0.00243314,
7,252.165817,-0.000773191,0.00207022,
7,225.391554,-0.000738777,0.00197488,
7,241.824179,-0.000796462,0.00213853,
7,287.692562,-0.000934693,0.00250004,
7,369.087737,-0.00116756,0.00310276,
7,478.759546,-0.00146593,0.00386564,
7,594.966962,-0.00176872,0.00466452,
7,714.290229,-0.00208241,0.00549305,
8,831.034476,-0.00238344,0.00627801,
8,906.455475,-0.00254874,0.00671301,
8,965.545218,-0.00272792,0.0071708,
8,1001.077378,-0.0027691,0.00730163,
8,981.490245,-0.00270455,0.00711005,
8,930.051748,-0.00255138,0.00670495,
8,850.491086,-0.00231615,0.00609474,
8,722.617705,-0.00194373,0.00513139,
8,595.889551,-0.00165285,0.00434339,
8,484.304727,-0.00133132,0.0035156,
8,351.384727,-0.00101032,0.00267401,
8,268.931735,-0.000818453,0.00218807,
8,211.726683,-0.000677165,0.00180705,
8,175.383636,-0.000617845,0.00165488,
8,193.545498,-0.000695343,0.00185805,
8,248.586576,-0.000849262,0.00225966,
8,337.116056,-0.00111466,0.00295172,
8,462.152986,-0.00144199,0.00381418,
8,592.962384,-0.00179087,0.00469827,
8,730.331732,-0.00214476,0.0056553,
9,862.364068,-0.00246752,0.00650263,
9,940.287272,-0.00266839,0.00703108,
9,1015.964575,-0.00287646,0.0075687,
9,1049.63711,-0.00291612,0.00766087,
9,1025.490068,-0.00284572,0.00746599,
9,972.583055,-0.00267427,0.00702344,
9,875.140329,-0.00238828,0.00627833,
9,742.996844,-0.002008,0.00529279,
9,595.831587,-0.00163899,0.0043195,
9,466.263568,-0.00129625,0.00341772,
9,330.996081,-0.000960829,0.00251962,
9,227.681108,-0.000719525,0.00191541,
9,163.177513,-0.00056672,0.00151755,
9,129.022591,-0.000499417,0.00136213,
9,144.334584,-0.000577197,0.00156371,
9,212.494698,-0.000761889,0.00204432,
9,306.129764,-0.00104079,0.00277132,
9,447.048652,-0.00141488,0.00375236,
9,594.223095,-0.00179828,0.0047578,
9,743.257682,-0.00219892,0.00580176,
10,888.752246,-0.0025547,0.00672839,
10,979.83826,-0.00279602,0.00736686,
10,1061.230018,-0.00300653,0.00791625,
10,1092.844871,-0.00304693,0.00802492,
10,1071.92931,-0.00297936,0.00784622,
10,1010.834723,-0.00276929,0.00729161,
10,895.229743,-0.00245309,0.00645417,
10,760.347379,-0.00205555,0.00541096,
10,596.749346,-0.00163891,0.00433031,
10,453.791744,-0.00126459,0.00336017,
10,315.374932,-0.000921462,0.00244343,
10,204.5199,-0.000664546,0.00177215,
10,137.40796,-0.000503211,0.00137261,
10,105.064395,-0.000451788,0.00122749,
10,126.042307,-0.000541188,0.00146726,
10,196.231135,-0.000739132,0.0019848,
10,295.720497,-0.00101305,0.00273058,
10,442.812484,-0.00141557,0.00377107,
10,594.749598,-0.00180443,0.00478375,
10,743.38327,-0.0022103,0.00584396,
210,892.930497,-0.00283941,0.0076467,
210,981.094155,-0.00308684,0.0082783,
210,1061.833815,-0.00328376,0.0088215,
210,1088.81633,-0.00332583,0.00891673,
210,1069.035912,-0.00325659,0.00872582,
210,1010.93133,-0.00305605,0.00818955,
210,895.176609,-0.00271476,0.00733084,
210,759.304028,-0.00232244,0.00627151,
210,598.971288,-0.00190694,0.0051855,
210,457.670471,-0.00151991,0.00417766,
210,315.717883,-0.00115483,0.00321441,
210,207.041308,-0.000906996,0.00257224,
210,147.17962,-0.000754064,0.00215807,
210,109.44063,-0.000684619,0.00199805,
210,131.804833,-0.000776778,0.00224339,
210,202.752017,-0.000977034,0.00275837,
210,302.062663,-0.00127411,0.00354066,
210,447.372282,-0.00167084,0.00458436,
210,598.633166,-0.00206518,0.00562243,
210,745.89504,-0.00248171,0.00669821,
410,894.968904,-0.00290255,0.00792097,
410,980.282654,-0.00313936,0.00855287,
410,1060.978838,-0.00334628,0.00909836,
410,1088.43473,-0.00338934,0.0092022,
410,1067.857299,-0.00330142,0.00899681,
410,1007.970314,-0.00309961,0.00844921,
410,893.886906,-0.0027834,0.00760754,
410,757.932215,-0.00236801,0.00652975,
410,595.628714,-0.00194961,0.00541979,
410,457.081175,-0.00156997,0.00443624,
410,312.409136,-0.00119244,0.00343055,
410,204.452276,-0.000943406,0.00278363,
410,146.078315,-0.00079273,0.00238494,
410,110.058906,-0.00073237,0.0022113,
410,129.578073,-0.000819219,0.0024516,
410,203.379954,-0.00102522,0.00299731,
410,302.159269,-0.00131282,0.00376224,
410,448.744086,-0.00172541,0.00483528,
410,598.275723,-0.00211458,0.00585637,
410,744.759913,-0.00252118,0.00694314,
610,978.90117,-0.00323127,0.00874254,
610,1063.258777,-0.00344716,0.0092918,
610,1090.231633,-0.00348513,0.00940235,
610,1066.867071,-0.00340157,0.00918086,
610,1009.820345,-0.00286019,0.00776011,
610,757.111059,-0.00246352,0.00671548,
610,596.9812,-0.00203349,0.00560169,
610,452.859497,-0.0016504,0.00457445,
610,315.114097,-0.0012933,0.0036136,
610,202.133741,-0.00101464,0.00291905,
610,143.484454,-0.000871457,0.00253281,
610,110.841411,-0.000810678,0.00237548,
610,129.896872,-0.000897259,0.00260186,
610,202.230346,-0.00110221,0.0031478,
610,303.19295,-0.00140665,0.0039415,
610,448.961449,-0.00180172,0.0049939,
610,600.125731,-0.00220372,0.00603414,
610,746.576116,-0.00261136,0.00712255,
810,894.939922,-0.00303716,0.00825311,
810,982.784782,-0.00328022,0.00891183,
810,1063.500296,-0.00348168,0.00944407,
810,1089.594022,-0.00351652,0.00954255,
810,1068.190595,-0.00344465,0.00934007,
810,1011.221152,-0.00323524,0.00879392,
810,891.206062,-0.00290408,0.00791212,
810,755.367311,-0.00248412,0.0068449,
810,595.763963,-0.00206454,0.00573864,
810,454.245792,-0.00166887,0.0047158,
810,310.795821,-0.00128972,0.00372287,
810,203.515202,-0.0010488,0.00306807,
810,142.127145,-0.000891088,0.00265142,
810,106.310607,-0.000834881,0.00247757,
810,132.471412,-0.000929891,0.00274446,
810,200.984133,-0.00113078,0.00324892,
810,305.347258,-0.00143879,0.00406864,
810,453.173466,-0.00183499,0.00511671,
810,596.845952,-0.0022256,0.00613363,
810,748.71595,-0.00265035,0.00725935,
1010,899.118174,-0.00274096,0.0073728,
1010,979.944528,-0.00310882,0.00833468,
1010,1065.70295,-0.00334978,0.00896482,
1010,1091.246014,-0.0035658,0.0095434,
1010,1066.103871,-0.00360518,0.00962764,
1010,1011.008616,-0.00351667,0.00939067,
1010,890.660233,-0.00331831,0.00887982,
1010,751.855663,-0.00297255,0.00796217,
1010,598.565542,-0.002577,0.00690385,
1010,450.763149,-0.00215488,0.00581146,
1010,310.96005,-0.00174679,0.00474629,
1010,204.326689,-0.00138567,0.00379194,
1010,139.422187,-0.00112099,0.00310926,
1010,110.227965,-0.000969009,0.00270031,
1010,131.471544,-0.00091449,0.00256109,
1010,202.486351,-0.0010097,0.00279735,
1010,305.917231,-0.00121582,0.00334572,
1010,451.685735,-0.00151648,0.0041485,
1010,601.487878,-0.0023121,0.00624755,
1010,749.653034,-0.00273483,0.007367,
1210,898.427434,-0.00311144,0.00846208,
1210,982.770291,-0.00334574,0.00912469,
1210,1068.345168,-0.00355955,0.00967825,
1210,1090.110873,-0.00358614,0.00975201,
1210,1067.799335,-0.00350657,0.00956696,
1210,1010.93616,-0.00330031,0.00902219,
1210,890.819635,-0.00295638,0.00813435,
1210,754.570307,-0.0025538,0.00705686,
1210,595.609393,-0.00215698,0.00592306,
1210,451.149573,-0.00178104,0.00487331,
1210,310.810312,-0.0014049,0.00390226,
1210,200.520426,-0.00115744,0.00322608,
1210,140.267487,-0.00101327,0.00283185,
1210,110.47914,-0.000928941,0.00269363,
1210,130.72768,-0.000990217,0.00293952,
1210,201.78596,-0.0011881,0.00347236,
1210,308.322714,-0.00151404,0.0043097,
1210,454.100883,-0.0019132,0.00535135,
1210,599.671682,-0.00231238,0.00638019,
1210,750.169878,-0.00274255,0.00752371,
1410,899.910351,-0.00313247,0.0085879,
1410,982.572246,-0.00337061,0.00923364,
1410,1068.349998,-0.00358486,0.00980438,
1410,1091.279827,-0.00360979,0.0098799,
1410,1067.924925,-0.00352788,0.00965878,
1410,1011.791136,-0.00333558,0.00913769,
1410,890.76167,-0.00299228,0.00821619,
1410,748.904333,-0.00256781,0.00712038,
1410,596.860443,-0.00215807,0.00604747,
1410,449.116018,-0.00175183,0.00497872,
1410,310.679894,-0.0013818,0.00400448,
1410,200.254761,-0.00112017,0.00331578,
1410,138.760439,-0.000967898,0.00292712,
1410,108.682275,-0.000913107,0.00276734,
1410,130.423373,-0.0010012,0.00301865,
1410,204.080345,-0.00120786,0.00356297,
1410,309.481983,-0.00152627,0.00439536,
1410,454.265113,-0.00192499,0.00544704,
1410,601.859812,-0.00231441,0.00649086,
1410,750.454868,-0.00274059,0.00761014,
1610,899.287236,-0.00315349,0.00867172,
1610,984.224231,-0.00340657,0.0093422,
1610,1068.557704,-0.00361845,0.00988037,
1610,1089.584361,-0.0036406,0.00995632,
1610,1068.24373,-0.0035741,0.00974375,
1610,1009.453237,-0.00336573,0.00921137,
1610,891.210893,-0.00301316,0.00828954,
1610,749.145849,-0.00260414,0.00720434,
1610,596.309788,-0.00218991,0.00611358,
1610,447.159749,-0.00178461,0.00505185,
1610,309.670364,-0.00140794,0.00407381,
1610,198.158418,-0.00114562,0.00338071,
1610,139.943858,-0.0010001,0.00299481,
1610,110.13619,-0.00093264,0.00284073,
1610,131.094782,-0.00102962,0.00309175,
1610,204.230083,-0.0012428,0.00365487,
1610,311.090468,-0.00155459,0.00447901,
1610,455.540311,-0.00195726,0.00553418,
1610,601.806679,-0.00235349,0.00657077,
1610,752.932826,-0.00278584,0.00770582,
1810,900.374065,-0.00317403,0.00874523,
1810,985.567072,-0.00341423,0.00940491,
1810,1067.649593,-0.0036193,0.00994263,
1810,1089.202761,-0.00364906,0.0100222,
1810,1068.316185,-0.00357277,0.00983606,
1810,1008.559619,-0.00335932,0.00927047,
1810,887.916596,-0.00301186,0.00836716,
1810,748.464773,-0.00259753,0.00728127,
1810,595.599732,-0.00218274,0.00619254,
1810,448.502571,-0.00177906,0.00513569,
1810,307.037858,-0.00140408,0.00414741,
1810,199.477085,-0.00114492,0.00347255,
1810,135.70287,-0.000991049,0.00306746,
1810,112.116606,-0.000949326,0.00295036,
1810,133.022064,-0.00102552,0.00317874,
1810,204.751754,-0.00123552,0.00374482,
1810,310.834463,-0.0015524,0.00458289,
1810,456.622297,-0.00195662,0.00562043,
1810,602.275219,-0.00235816,0.00668632,
1810,754.758689,-0.00278322,0.00781167,
2010,899.929673,-0.00317139,0.00889724,
2010,987.180414,-0.00342654,0.00958207,
2010,1067.775183,-0.00362611,0.0100761,
2010,1088.753535,-0.00365657,0.0101723,
2010,1070.745867,-0.00358071,0.00995411,
2010,1008.347082,-0.00337749,0.00938864,
2010,888.312684,-0.00301789,0.00847889,
2010,749.783453,-0.0025999,0.00736995,
2010,592.551808,-0.00219776,0.00627818,
2010,449.173982,-0.00179186,0.00521945,
2010,307.110312,-0.00142114,0.00421762,
2010,197.617426,-0.00115525,0.00352707,
2010,138.765269,-0.00101052,0.0031331,
2010,109.546896,-0.000952773,0.00299057,
2010,133.703134,-0.0010521,0.00324131,
2010,206.229821,-0.00126605,0.00380276,
2010,313.341382,-0.00158299,0.00464267,
2010,458.274258,-0.0019775,0.00567718,
2010,602.956292,-0.00238573,0.0067423,
2010,757.618243,-0.00283016,0.00790604,
2210,901.185563,-0.00323371,0.00893819,
2210,988.629524,-0.00350441,0.00961649,
2210,1068.528722,-0.00368893,0.0101211,
2210,1090.149516,-0.00372412,0.0102209,
2210,1068.591517,-0.00364282,0.010002,
2210,1007.337535,-0.00343218,0.00945515,
2210,889.868056,-0.0030825,0.00852851,
2210,744.465263,-0.00266734,0.00742107,
2210,594.107167,-0.00226354,0.00635175,
2210,449.072546,-0.00184775,0.00526744,
2210,304.448824,-0.00147251,0.00428276,
2210,199.844187,-0.00122377,0.00362125,
2210,137.852346,-0.00106149,0.00320364,
2210,109.054207,-0.00101182,0.0030681,
2210,133.529244,-0.0011101,0.00332865,
2210,206.379559,-0.0013272,0.00389683,
2210,313.510442,-0.00164131,0.00473734,
2210,460.761861,-0.00204178,0.00578884,
2210,602.888668,-0.00243132,0.00682591,
2210,756.927506,-0.00287868,0.00799082,
2410,901.026162,-0.00321892,0.00900145,
2410,986.079091,-0.00348301,0.00968924,
2410,1067.673745,-0.00367955,0.0102128,
2410,1088.05796,-0.0037167,0.0102838,
2410,1068.340337,-0.00363779,0.0100867,
2410,1008.173189,-0.00343041,0.00952118,
2410,888.008372,-0.00306869,0.00859035,
2410,744.479754,-0.00264922,0.00748686,
2410,594.198943,-0.00224401,0.0064161,
2410,445.691339,-0.0018341,0.00533236,
2410,304.009268,-0.00145783,0.0043434,
2410,198.911942,-0.00120314,0.00366805,
2410,136.113444,-0.00104515,0.00326258,
2410,111.367912,-0.000999647,0.00313524,
2410,133.28773,-0.00109843,0.00338863,
2410,208.722247,-0.00131643,0.00396278,
2410,313.370364,-0.00162605,0.00479472,
2410,461.795544,-0.00203523,0.00585684,
2410,605.42941,-0.00243049,0.00690331,
2410,754.879448,-0.00286774,0.00805037,
2610,902.774749,-0.00327392,0.00909055,
2610,989.991687,-0.00353003,0.00977501,
2610,1067.7462,-0.0037254,0.0102803,
2610,1091.289487,-0.00376628,0.0103778,
2610,1068.924813,-0.00367911,0.0101447,
2610,1006.274854,-0.00347167,0.00959141,
2610,888.423782,-0.00312228,0.00866079,
2610,744.827538,-0.00269593,0.00754697,
2610,590.556891,-0.00229219,0.00647074,
2610,447.705572,-0.00187529,0.00539159,
2610,302.748564,-0.0015057,0.00439795,
2610,198.438574,-0.00124378,0.00371979,
2610,138.44647,-0.00109375,0.00332247,
2610,110.112039,-0.00104096,0.0031871,
2610,134.760965,-0.00113833,0.0034541,
2610,208.558017,-0.00136653,0.00403126,
2610,317.403653,-0.00167801,0.00487076,
2610,459.94071,-0.0020715,0.0059126,
2610,607.371195,-0.0024874,0.00699202,
2610,758.511854,-0.00291977,0.00812825,
2810,904.856629,-0.00289954,0.00819711,
2810,988.856551,-0.00327755,0.00917357,
2810,1066.557927,-0.00352669,0.0098363,
2810,1088.840482,-0.00371818,0.0103501,
2810,1068.282373,-0.00375175,0.0104425,
2810,1004.936842,-0.00367453,0.0102185,
2810,886.279108,-0.0034606,0.00965553,
2810,740.881161,-0.00310152,0.00873381,
2810,591.363552,-0.00267864,0.00760738,
2810,444.469275,-0.00227096,0.00654468,
2810,303.03355,-0.00186236,0.0054531,
2810,197.607766,-0.00148411,0.00446336,
2810,136.528849,-0.00123703,0.00380611,
2810,108.720918,-0.00107027,0.00338325,
2810,135.939554,-0.00103025,0.00326359,
2810,208.248879,-0.00112223,0.00352315,
2810,317.959136,-0.00134456,0.00410216,
2810,460.071128,-0.00166492,0.00496115,
2810,605.154083,-0.00206419,0.00598739,
2810,761.777156,-0.00247125,0.00706731,
3010,904.334952,-0.00310395,0.00824474,
3010,987.861496,-0.00345593,0.00919069,
3010,1068.287203,-0.00371835,0.00987392,
3010,1088.613454,-0.00391028,0.0103802,
3010,1067.775183,-0.00393923,0.0104597,
3010,1005.444031,-0.00385737,0.0102399,
3010,887.607453,-0.00365071,0.00968034,
3010,739.982721,-0.0032919,0.0087478,
3010,589.875818,-0.0028608,0.00761743,
3010,446.053612,-0.0024553,0.00655543,
3010,302.729242,-0.0020454,0.00546588,
3010,195.395496,-0.00167299,0.00448535,
3010,137.741249,-0.00140652,0.00380246,
3010,109.856034,-0.00125953,0.00340713,
3010,134.403525,-0.0012061,0.00327876,
3010,210.741305,-0.0013166,0.00355459,
3010,318.403522,-0.00152654,0.00411949,
3010,463.321918,-0.0018499,0.00498172,
3010,606.864012,-0.0022451,0.00601788,
3010,761.883423,-0.002645,0.00707916,
3210,904.542657,-0.00340477,0.00925046,
3210,989.069087,-0.00366213,0.00993461,
3210,1069.214636,-0.00385709,0.0104409,
3210,1089.130305,-0.00389,0.0105155,
3210,1066.557927,-0.00380414,0.0102994,
3210,1002.999864,-0.00358764,0.00972342,
3210,886.573759,-0.00324109,0.00880514,
3210,738.465999,-0.00280856,0.00766094,
3210,590.334697,-0.00240019,0.00660366,
3210,444.06836,-0.00200027,0.00552423,
3210,302.260705,-0.00161543,0.00452681,
3210,195.231267,-0.00136579,0.0038618,
3210,136.837987,-0.00121497,0.0034567,
3210,109.856034,-0.0011623,0.00333907,
3210,135.915403,-0.00126073,0.0036059,
3210,210.543263,-0.00149373,0.00419116,
3210,320.72206,-0.00181033,0.00504579,
3210,462.809906,-0.00219784,0.00607439,
3210,608.269632,-0.00260779,0.00715296,
3210,762.936435,-0.00305586,0.00831224,
3410,906.325056,-0.00335373,0.00932735,
3410,992.28611,-0.00360985,0.0100096,
3410,1066.717329,-0.00379532,0.0104993,
3410,1089.970792,-0.00384251,0.0105964,
3410,1066.833259,-0.00374235,0.0103626,
3410,1002.700382,-0.00354179,0.00979937,
3410,884.491879,-0.00318822,0.00886322,
3410,736.398619,-0.002762,0.00773372,
3410,588.161058,-0.00235295,0.00666175,
3410,443.56601,-0.0019402,0.00557399,
3410,302.51671,-0.00156758,0.00458681,
3410,197.129568,-0.0013301,0.00392256,
3410,137.779891,-0.00116341,0.00351577,
3410,108.976923,-0.0011141,0.00338769,
3410,137.75091,-0.00122997,0.00368012,
3410,211.378902,-0.00144764,0.00424954,
3410,321.871669,-0.00176735,0.00510572,
3410,464.476358,-0.00216632,0.00614294,
3410,610.196926,-0.00257247,0.0072352,
3410,763.554717,-0.00300907,0.00836395,
3610,907.107573,-0.00344506,0.00937941,
3610,989.701865,-0.003705,0.0100548,
3610,1069.045573,-0.00389744,0.0105655,
3610,1088.410578,-0.0039282,0.0106376,
3610,1065.384144,-0.00384115,0.0104128,
3610,1003.038507,-0.00362729,0.0098397,
3610,883.902577,-0.00327208,0.00889588,
3610,735.838302,-0.00284425,0.00777334,
3610,588.305968,-0.00244358,0.00670843,
3610,440.498773,-0.00203237,0.00561851,
3610,303.183289,-0.0016565,0.00464028,
3610,196.274608,-0.00140101,0.00395717,
3610,136.939422,-0.00125173,0.00356373,
3610,110.628879,-0.00120577,0.0034466,
3610,138.142163,-0.0013139,0.0037271,
3610,214.731119,-0.00152741,0.00430114,
3610,322.857047,-0.00185061,0.00516379,
3610,465.775708,-0.00224488,0.00620071,
3610,611.534922,-0.00265804,0.00728423,
3610,763.235915,-0.00310072,0.00843688,
3810,906.92402,-0.00316421,0.00863604,
3810,991.4891,-0.00352501,0.00957366,
3810,1065.891334,-0.00377705,0.0102564,
3810,1090.052909,-0.00396717,0.0107462,
3810,1064.780347,-0.00400144,0.0108415,
3810,1002.260818,-0.00390095,0.0105873,
3810,883.033114,-0.00369288,0.0100165,
3810,735.118584,-0.00334417,0.00907969,
3810,587.175676,-0.00290778,0.00793371,
3810,442.044467,-0.00250694,0.0068877,
3810,299.236945,-0.00209553,0.00579702,
3810,196.033094,-0.00171126,0.00479233,
3810,135.282636,-0.00146598,0.00412999,
3810,111.020132,-0.001311,0.00371738,
3810,140.354432,-0.00127163,0.0036129,
3810,212.827987,-0.00137501,0.00389353,
3810,322.90535,-0.00158697,0.00445717,
3810,466.983282,-0.0019118,0.00533478,
3810,611.771607,-0.00230262,0.00636287,
3810,765.530321,-0.00271829,0.00745378,
4010,905.441102,-0.00339385,0.00948122,
4010,992.662879,-0.00365958,0.0101794,
4010,1068.480418,-0.00383775,0.0106612,
4010,1088.260836,-0.00387416,0.0107461,
4010,1064.321461,-0.00378493,0.0105018,
4010,1000.352823,-0.00357074,0.00994147,
4010,882.97032,-0.00321348,0.00900484,
4010,733.423139,-0.00278993,0.00786416,
4010,586.697475,-0.00238914,0.00680625,
4010,441.513135,-0.0019749,0.00571053,
4010,300.367232,-0.00158686,0.00471179,
4010,195.443799,-0.00133297,0.00405594,
4010,138.857044,-0.00117274,0.00366263,
4010,109.44063,-0.00111568,0.00353755,
4010,139.001953,-0.00122878,0.00384691,
4010,214.489604,-0.00142833,0.00439923,
4010,322.311225,-0.00175232,0.0052801,
4010,469.021667,-0.00215356,0.00633877,
4010,611.404503,-0.00254927,0.00740079,
4010,763.984616,-0.00299838,0.00857409,
4210,908.358634,-0.00344279,0.00953392,
4210,989.392721,-0.00369719,0.0102089,
4210,1066.693178,-0.00388946,0.0107135,
4210,1088.632775,-0.00390838,0.0107869,
4210,1062.427952,-0.00381883,0.0105273,
4210,999.860125,-0.00361372,0.00996997,
4210,882.265089,-0.00325249,0.0090387,
4210,733.988287,-0.0028169,0.00788509,
4210,585.05034,-0.00242099,0.00684747,
4210,438.914436,-0.00201048,0.00574211,
4210,296.628591,-0.00163061,0.00475404,
4210,195.308551,-0.00138969,0.00411294,
4210,136.519188,-0.0012355,0.00369737,
4210,107.875618,-0.00118465,0.00358233,
4210,140.972708,-0.00130681,0.00388986,
4210,214.257751,-0.00151998,0.00445843,
4210,324.624932,-0.00184542,0.00533747,
4210,472.026112,-0.00224136,0.00638034,
4210,610.795884,-0.00264091,0.00744157,
4210,767.646005,-0.00309606,0.00861378,
4410,908.397277,-0.00351825,0.00954948,
4410,994.029873,-0.00377212,0.0102101,
4410,1065.408296,-0.00395206,0.010702,
4410,1089.309029,-0.00399085,0.0107933,
4410,1063.123527,-0.00389104,0.0105388,
4410,998.947186,-0.00367092,0.0099507,
4410,880.473031,-0.00331866,0.0090261,
4410,731.399234,-0.00288457,0.00787478,
4410,584.905431,-0.00249461,0.00683022,
4410,439.928798,-0.00207232,0.0057274,
4410,296.309792,-0.00169926,0.00474028,
4410,194.584009,-0.0014458,0.00407805,
4410,135.649737,-0.001301,0.00368252,
4410,109.682144,-0.00125166,0.0035734,
4410,140.769836,-0.00137081,0.00386989,
4410,215.170674,-0.00158652,0.00445248,
4410,325.774541,-0.00191878,0.00532731,
4410,469.451564,-0.00231599,0.00636776,
4410,615.152824,-0.00271699,0.00744842,
4410,766.119621,-0.0031501,0.00858928,
4610,908.121947,-0.003421,0.00967092,
4610,992.575932,-0.0036685,0.0103634,
4610,1065.929977,-0.00386093,0.0108423,
4610,1089.985283,-0.00388667,0.010928,
4610,1063.200813,-0.00379235,0.0106744,
4610,996.164895,-0.00357139,0.0100785,
4610,880.767682,-0.00322013,0.00915844,
4610,729.544389,-0.00277945,0.00799688,
4610,581.799544,-0.00238273,0.00695308,
4610,439.585847,-0.00197257,0.00586133,
4610,296.005484,-0.001598,0.00486341,
4610,196.018603,-0.00135784,0.00421958,
4610,135.00248,-0.00119774,0.00380635,
4610,108.310344,-0.00115677,0.00370434,
4610,140.977538,-0.00127646,0.00401889,
4610,216.595608,-0.00149009,0.00457766,
4610,325.325324,-0.00182013,0.00546025,
4610,470.85718,-0.00221632,0.00650787,
4610,614.326841,-0.0026265,0.00758064,
4610,768.191833,-0.00306875,0.00874649,
4810,994.797901,-0.00396578,0.0108145,
4810,1089.009546,-0.00400134,0.010911,
4810,1062.756418,-0.00389557,0.0106443,
4810,992.914058,-0.00367357,0.0100507,
4810,879.758139,-0.00333646,0.00914998,
4810,730.046743,-0.00288402,0.00796069,
4810,580.761028,-0.00249771,0.00692421,
4810,438.450728,-0.00208745,0.00584108,
4810,296.831463,-0.00170227,0.00483651,
4810,193.762861,-0.00145538,0.00418959,
4810,136.393601,-0.00130625,0.00379301,
4810,110.252117,-0.0012662,0.00369166,
4810,141.861479,-0.00137795,0.00398474,
4810,217.851482,-0.0016009,0.00457758,
4810,327.648692,-0.00192763,0.00544259,
4810,473.185383,-0.00232438,0.00649491,
4810,614.16261,-0.00273866,0.00756244,
4810,767.85854,-0.00316753,0.0087214,
5010,910.189337,-0.0035372,0.00975128,
5010,992.208825,-0.00378876,0.0104162,
5010,1065.992772,-0.00397284,0.0109071,
5010,1090.391036,-0.00401265,0.0109878,
5010,1061.012651,-0.00390162,0.0107089,
5010,994.034703,-0.00368541,0.0101298,
5010,879.700175,-0.00333528,0.00921987,
5010,727.636411,-0.00289176,0.00803673,
5010,578.659845,-0.00249781,0.00699699,
5010,438.15125,-0.00208689,0.00591218,
5010,293.527547,-0.00171384,0.00490686,
5010,192.173698,-0.00147411,0.00427093,
5010,136.403261,-0.00130592,0.00385978,
5010,109.551726,-0.00127326,0.00376227,
5010,142.803384,-0.00139444,0.00408082,
5010,217.803179,-0.00160661,0.00463855,
5010,326.793731,-0.00194718,0.00553858,
5010,474.388127,-0.00233872,0.00657438,
5010,613.341458,-0.0027417,0.00764478,
5010,768.785963,-0.00319535,0.00881704,
5210,912.280879,-0.0035657,0.00979655,
5210,994.841374,-0.00380942,0.0104619,
5210,1065.644985,-0.00399437,0.0109396,
5210,1088.642436,-0.00401769,0.0110155,
5210,1061.394251,-0.00391523,0.0107506,
5210,993.720729,-0.00369809,0.0101614,
5210,877.995063,-0.00291187,0.00806098,
5210,579.746664,-0.00251229,0.0070347,
5210,437.740675,-0.00209884,0.00593915,
5210,291.672718,-0.00171764,0.00493135,
5210,193.332966,-0.00148177,0.00430287,
5210,136.538509,-0.00133033,0.00390518,
5210,109.189455,-0.00128652,0.00380002,
5210,143.204298,-0.0014102,0.00411474,
5210,217.81767,-0.00162019,0.00468984,
5210,328.904567,-0.00195076,0.00558014,
5210,474.721417,-0.00234903,0.00661988,
5210,615.973977,-0.00276037,0.00770089,
5210,771.08037,-0.00319494,0.0088624,
5410,910.392212,-0.00360211,0.00980667,
5410,995.590081,-0.00384231,0.0104529,
5410,1063.519618,-0.00402317,0.0109324,
5410,1091.44889,-0.00406179,0.0110299,
5410,1059.08533,-0.00394391,0.0107229,
5410,990.469893,-0.00373038,0.0101568,
5410,879.883729,-0.00338086,0.00924648,
5410,720.651764,-0.00292582,0.00802718,
5410,578.437651,-0.00254361,0.00703481,
5410,438.991721,-0.00213142,0.00592643,
5410,288.523371,-0.00174053,0.00491165,
5410,194.294192,-0.00151009,0.00430722,
5410,134.987989,-0.00134937,0.00387781,
5410,106.605254,-0.00130941,0.00378455,
5410,146.459908,-0.0014425,0.00412634,
5410,217.590646,-0.00164897,0.00467316,
5410,328.078588,-0.00198682,0.00558238,
5410,477.088263,-0.00238532,0.00662509,
5410,615.205957,-0.0027865,0.0076918,
5410,770.693943,-0.00323126,0.00887272,
5610,912.266388,-0.00356984,0.00972414,
5610,997.237236,-0.00382615,0.0103877,
5610,1065.224742,-0.00399343,0.0108499,
5610,1087.082222,-0.00402439,0.0109363,
5610,1061.230018,-0.0039193,0.0106651,
5610,988.484613,-0.00369739,0.0100539,
5610,877.130431,-0.00336033,0.0091613,
5610,723.810795,-0.00289935,0.00796612,
5610,576.568322,-0.00250921,0.00694752,
5610,435.736103,-0.00209839,0.00585697,
5610,290.677679,-0.00171914,0.00485702,
5610,192.255813,-0.00147616,0.00423196,
5610,135.243994,-0.00133162,0.00383937,
5610,110.672351,-0.00129515,0.00373921,
5610,142.615003,-0.00140881,0.00406792,
5610,220.72067,-0.00163279,0.00465713,
5610,329.952739,-0.00196606,0.00553036,
5610,473.542825,-0.00235786,0.00659027,
5610,619.229606,-0.00277154,0.00766962,
5610,771.771107,-0.00356633,0.00977527,
5810,912.875012,-0.00354649,0.00992969,
5810,993.237693,-0.00379694,0.0105839,
5810,1065.814048,-0.00397463,0.0110793,
5810,1089.173779,-0.00399934,0.0111467,
5810,1058.148236,-0.00389124,0.0108449,
5810,989.325096,-0.00366976,0.0102673,
5810,875.405998,-0.00332309,0.00934669,
5810,721.94629,-0.0028751,0.00815879,
5810,574.48163,-0.00247968,0.00711945,
5810,436.706992,-0.00207053,0.00604221,
5810,289.301047,-0.00169466,0.00503168,
5810,193.303984,-0.00146488,0.00441719,
5810,135.490338,-0.00130765,0.00401577,
5810,109.261909,-0.00126534,0.00391485,
5810,144.300772,-0.00139777,0.00424519,
5810,221.981374,-0.00161161,0.00482602,
5810,330.257047,-0.00195046,0.00571022,
5810,477.126905,-0.00234133,0.00675694,
5810,620.355068,-0.00275168,0.00784598,
5810,771.418493,-0.00318299,0.00898742,
6010,912.860521,-0.00357464,0.00985502,
6010,993.160407,-0.00382379,0.0105196,
6010,1068.050514,-0.00400457,0.0110076,
6010,1088.502355,-0.00402928,0.0110673,
6010,1058.302808,-0.00392074,0.0107815,
6010,988.84689,-0.0036936,0.0101874,
6010,873.449708,-0.00334783,0.00926977,
6010,721.743417,-0.00290333,0.00808163,
6010,571.921568,-0.00250716,0.00704192,
6010,435.755424,-0.00210192,0.00597854,
6010,289.368671,-0.0017117,0.00495602,
6010,189.705423,-0.00148833,0.00434207,
6010,136.639945,-0.00133793,0.00394506,
6010,108.788542,-0.00129809,0.00384961,
6010,145.604948,-0.00142199,0.00418735,
6010,221.029808,-0.00163711,0.00475449,
6010,332.271277,-0.0019719,0.00565271,
6010,478.938267,-0.00237069,0.00670463,
6010,618.881824,-0.00277816,0.00776477,
6010,772.25897,-0.00322052,0.00893914,
6210,913.333896,-0.00365617,0.00998159,
6210,997.101986,-0.00390449,0.0106428,
6210,1065.606342,-0.00408463,0.0111171,
6210,1088.82116,-0.00411946,0.0111891,
6210,1058.143406,-0.00400072,0.0108815,
6210,986.914744,-0.00378379,0.0102895,
6210,875.270748,-0.00343951,0.00938692,
6210,718.632689,-0.0029788,0.00816437,
6210,573.583193,-0.00259448,0.00716209,
6210,435.513909,-0.00218626,0.0060778,
6210,287.798829,-0.00180012,0.00505954,
6210,191.34772,-0.00156392,0.00445641,
6210,135.369581,-0.00141848,0.00405667,
6210,108.716087,-0.00138769,0.00396039,
6210,147.276225,-0.00151571,0.00430127,
6210,222.372627,-0.00172276,0.004873,
6210,331.392165,-0.00206514,0.00576722,
6210,480.083047,-0.00246642,0.00682425,
6210,620.804287,-0.0028692,0.00789007,
6210,772.215497,-0.00330884,0.00905505,
6410,915.908473,-0.00362755,0.00995837,
6410,994.068516,-0.00387154,0.0105899,
6410,1066.422676,-0.00405578,0.0110886,
6410,1089.922488,-0.00408591,0.0111542,
6410,1055.786181,-0.00397422,0.0108408,
6410,985.122679,-0.00374309,0.0102531,
6410,872.541603,-0.00339861,0.00932823,
6410,718.241433,-0.00294484,0.00812894,
6410,572.076138,-0.00255309,0.00711061,
6410,433.166386,-0.00214018,0.00602375,
6410,285.63003,-0.00175786,0.00500966,
6410,190.801898,-0.0015355,0.0044131,
6410,135.272975,-0.00138796,0.00400699,
6410,109.711125,-0.00134887,0.00392552,
6410,145.073617,-0.00146764,0.00425132,
6410,222.503044,-0.00169285,0.00484962,
6410,333.097256,-0.00202611,0.00573182,
6410,479.503411,-0.0024259,0.006782,
6410,621.00716,-0.00283846,0.00786624,
6410,774.152459,-0.00327934,0.00902268,
6610,914.618769,-0.00361156,0.00995444,
6610,998.159836,-0.00386061,0.010624,
6610,1065.920317,-0.00404541,0.0111026,
6610,1087.000105,-0.0040622,0.011146,
6610,1056.438282,-0.00395691,0.0108576,
6610,985.996975,-0.00372436,0.0102475,
6610,870.522519,-0.00338873,0.00933285,
6610,716.719881,-0.00292985,0.00814222,
6610,570.419343,-0.00253775,0.00710999,
6610,430.785052,-0.00212597,0.0060332,
6610,285.383686,-0.00174778,0.00501807,
6610,189.951768,-0.00151302,0.0044187,
6610,136.949083,-0.00136412,0.00401478,
6610,108.846505,-0.00134374,0.00392344,
6610,147.976616,-0.0014603,0.00427608,
6610,223.507743,-0.0016793,0.00485445,
6610,334.00052,-0.00202044,0.00574479,
6610,482.048978,-0.00242837,0.00681424,
6610,622.490066,-0.00281706,0.00786654,
6610,774.848027,-0.00326047,0.00904191,
6810,775.084713,-0.00334708,0.0091145,
6810,915.256376,-0.00370624,0.0100429,
6810,996.348449,-0.00395788,0.0106929,
6810,1067.572307,-0.00414096,0.0111753,
6810,1086.05335,-0.00415886,0.0112242,
6810,1055.481867,-0.00404153,0.0109231,
6810,984.219401,-0.00381136,0.0103152,
6810,871.039366,-0.00346868,0.00940895,
6810,714.227435,-0.0030027,0.00818665,
6810,569.554718,-0.00263084,0.00718906,
6810,432.369388,-0.0022154,0.00609662,
6810,284.818542,-0.00182725,0.00507116,
6810,189.840671,-0.00160546,0.00448858,
6810,135.577283,-0.00145418,0.00408015,
6810,109.735277,-0.00141547,0.00399558,
6810,147.551551,-0.00155751,0.00435606,
6810,224.753956,-0.00176656,0.00493033,
6810,335.314358,-0.00210386,0.00582852,
6810,482.097281,-0.00250662,0.00688059,
6810,621.799331,-0.00291074,0.00795154,
6810,776.070101,-0.0033551,0.00912974,
7010,777.181077,-0.00334846,0.00920567,
7010,918.251194,-0.00368237,0.0101268,
7010,995.464492,-0.00392938,0.0107692,
7010,1065.649815,-0.00411207,0.0112497,
7010,1089.400807,-0.00414358,0.0113081,
7010,1052.752704,-0.00401164,0.010989,
7010,984.982598,-0.0037933,0.0103952,
7010,868.909184,-0.00343438,0.00945415,
7010,713.217897,-0.00299725,0.00828228,
7010,571.042452,-0.0026053,0.00726089,
7010,425.82917,-0.00217778,0.00614357,
7010,285.654182,-0.00181104,0.00516976,
7010,188.850463,-0.00157741,0.00454576,
7010,133.819061,-0.00143095,0.00415536,
7010,110.266608,-0.00139804,0.00407218,
7010,147.411473,-0.00152758,0.00441928,
7010,225.125888,-0.00175117,0.00500654,
7010,336.695821,-0.00208954,0.00590242,
7010,483.324177,-0.00248349,0.00695896,
7010,624.649215,-0.00290454,0.00805162,
7210,777.852493,-0.00337848,0.00924774,
7210,916.222446,-0.00373386,0.0101718,
7210,998.47864,-0.00398092,0.0108241,
7210,1067.118251,-0.00415414,0.011305,
7210,1088.719722,-0.00418611,0.011355,
7210,1053.187438,-0.00404883,0.0110355,
7210,982.074719,-0.00383699,0.0104413,
7210,868.537247,-0.00348529,0.00950858,
7210,711.850916,-0.00303073,0.00831357,
7210,568.31816,-0.00264323,0.007305,
7210,429.263509,-0.00222601,0.00620275,
7210,284.026376,-0.001839,0.00520113,
7210,189.768217,-0.00162486,0.00460504,
7210,134.461488,-0.00147663,0.00420538,
7210,109.629011,-0.00144471,0.00412279,
7210,149.198678,-0.00157851,0.00448138,
7210,225.425366,-0.0017909,0.00505725,
7210,338.18355,-0.00214276,0.00597425,
7210,484.826399,-0.00253828,0.00703069,
7210,625.687732,-0.00293758,0.00809442,
7410,777.707583,-0.00289069,0.00806642,
7410,918.115944,-0.00334385,0.00922859,
7410,997.343504,-0.00368141,0.0101503,
7410,1066.495132,-0.00392388,0.0107936,
7410,1088.869464,-0.00410794,0.0112684,
7410,1053.564207,-0.00413104,0.0113317,
7410,982.533603,-0.00400655,0.0110012,
7410,867.923794,-0.0037821,0.0104017,
7410,709.213561,-0.00342648,0.00946913,
7410,567.071941,-0.0029694,0.00825773,
7410,427.341052,-0.00259046,0.00726635,
7410,280.456795,-0.00216837,0.00615741,
7410,189.367304,-0.00178953,0.00514707,
7410,133.089688,-0.00157958,0.0045739,
7410,107.643765,-0.00142192,0.00415171,
7410,150.246849,-0.00139206,0.00408584,
7410,225.32876,-0.0015282,0.00444945,
7410,338.169059,-0.00174255,0.0050202,
7410,484.700812,-0.00208817,0.00593835,
7410,624.692688,-0.00248278,0.00698643,
7610,780.59129,-0.00334978,0.00927714,
7610,917.217499,-0.00368355,0.0101894,
7610,996.647931,-0.00393807,0.0108376,
7610,1070.093766,-0.00412351,0.0113392,
7610,1087.700511,-0.0041313,0.0113537,
7610,1051.197322,-0.00401569,0.0110434,
7610,981.915317,-0.00378493,0.010432,
7610,865.127024,-0.0034361,0.00950155,
7610,709.715914,-0.00297955,0.00829231,
7610,567.719202,-0.00258998,0.00728765,
7610,427.220295,-0.00218277,0.0061864,
7610,281.620894,-0.00180525,0.0051913,
7610,188.599289,-0.00143045,0.0041919,
7610,110.397025,-0.00140937,0.00412813,
7610,149.957032,-0.00153526,0.00447889,
7610,225.449517,-0.00175164,0.00506805,
7610,338.975717,-0.00210269,0.00597339,
7610,487.053167,-0.00250382,0.00703592,
7610,627.701972,-0.00290338,0.00810828,
7810,781.876158,-0.00334162,0.00930687,
7810,917.50732,-0.00367305,0.0102023,
7810,998.816766,-0.00392061,0.0108593,
7810,1069.64454,-0.00410939,0.0113464,
7810,1086.642657,-0.0041085,0.0113601,
7810,1050.134639,-0.00376632,0.0104384,
7810,863.185226,-0.00341808,0.00949628,
7810,708.561467,-0.00296151,0.00830514,
7810,563.396079,-0.00257111,0.00728595,
7810,427.022253,-0.00216399,0.00619412,
7810,281.978335,-0.00179091,0.0051969,
7810,187.043938,-0.00156083,0.00460648,
7810,132.181595,-0.00141284,0.00419927,
7810,109.223267,-0.00138818,0.00413976,
7810,148.614213,-0.0015172,0.00448467,
7810,226.545992,-0.00174664,0.00508495,
7810,340.811226,-0.00208862,0.00600138,
7810,486.280319,-0.00248416,0.00704419,
7810,628.672864,-0.00289792,0.00812702,
8010,779.388538,-0.00331473,0.00937955,
8010,920.038425,-0.00365339,0.0102935,
8010,999.908429,-0.00390454,0.0109332,
8010,1069.51895,-0.00408647,0.0114147,
8010,1086.116145,-0.00409477,0.0114341,
8010,1052.380765,-0.00397395,0.0111252,
8010,980.108761,-0.0037367,0.0105004,
8010,862.330255,-0.00339085,0.00956229,
8010,709.537192,-0.00294212,0.00837693,
8010,562.473491,-0.00254997,0.00733896,
8010,424.785827,-0.00214106,0.00625992,
8010,283.809013,-0.00176346,0.00525997,
8010,185.049031,-0.00152844,0.00463617,
8010,133.326372,-0.00139755,0.00428189,
8010,111.300288,-0.00135913,0.00419411,
8010,149.116563,-0.00149757,0.00455152,
8010,230.888416,-0.00172519,0.00516098,
8010,340.096344,-0.00206986,0.00604314,
8010,486.686064,-0.00247146,0.00712466,
8010,632.47915,-0.00289146,0.00820362,
8210,780.398077,-0.00343499,0.00941081,
8210,920.130202,-0.00377508,0.0103314,
8210,999.386749,-0.00401303,0.0109676,
8210,1068.905492,-0.00419019,0.0114481,
8210,1085.792509,-0.00420183,0.011466,
8210,1050.806062,-0.0040827,0.0111568,
8210,980.693235,-0.00385343,0.0105348,
8210,862.286782,-0.00349286,0.00957656,
8210,705.189903,-0.0030482,0.00840039,
8210,564.091643,-0.00266215,0.0073791,
8210,423.505799,-0.00224741,0.00627427,
8210,279.635646,-0.00186949,0.00527551,
8210,187.874746,-0.00165428,0.00470329,
8210,133.384335,-0.001495,0.00429581,
8210,110.213475,-0.00148219,0.00423977,
8210,150.918258,-0.00161309,0.00459546,
8210,228.183458,-0.00183464,0.00519854,
8210,342.255482,-0.00219279,0.00611769,
8210,489.767794,-0.0025752,0.00716525,
8210,627.334868,-0.00298404,0.00823635,
8410,784.948249,-0.00337937,0.00951028,
8410,920.78713,-0.00371557,0.0103977,
8410,999.328785,-0.00396207,0.0110512,
8410,1069.813603,-0.00414372,0.011534,
8410,1087.410688,-0.00415124,0.011554,
8410,1050.830213,-0.00402033,0.0112118,
8410,976.78064,-0.00378801,0.0106001,
8410,864.22858,-0.00345324,0.00968432,
8410,704.885593,-0.0029829,0.00845203,
8410,560.343326,-0.00260343,0.00744311,
8410,423.597575,-0.00219159,0.00634996,
8410,277.916065,-0.00181492,0.00533697,
8410,185.691459,-0.0015923,0.00475354,
8410,133.944648,-0.00144555,0.004366,
8410,107.986715,-0.00141935,0.00429877,
8410,150.78784,-0.00155989,0.00467391,
8410,229.207478,-0.00178467,0.0052684,
8410,343.72872,-0.00213558,0.00619514,
8410,488.840377,-0.00252306,0.00724288,
8410,629.803157,-0.00293102,0.00832569,
8610,783.890407,-0.00344043,0.00949902,
8610,921.328129,-0.00377443,0.0103954,
8610,998.99549,-0.00401087,0.0110401,
8610,1070.716885,-0.00420297,0.0115266,
8610,1087.908218,-0.00420578,0.0115336,
8610,1048.038256,-0.00407558,0.0112004,
8610,978.215258,-0.00384974,0.0105886,
8610,862.291613,-0.00349927,0.00963297,
8610,702.972786,-0.00304846,0.00844098,
8610,563.173885,-0.00266464,0.00741914,
8610,420.351618,-0.00225135,0.00631002,
8610,279.384471,-0.00187958,0.0053366,
8610,187.647723,-0.00165781,0.00472018,
8610,129.582904,-0.00151117,0.00434217,
8610,111.551463,-0.00149187,0.00429683,
8610,151.497892,-0.00162636,0.00464706,
8610,230.482673,-0.00185669,0.00526016,
8610,344.670626,-0.00220665,0.00618066,
8610,489.883721,-0.00259101,0.00722332,
8610,633.0926,-0.00300296,0.00832105,
8810,786.875551,-0.00340832,0.00960996,
8810,922.241066,-0.00374202,0.0105066,
8810,1001.425164,-0.00397926,0.0111289,
8810,1071.958293,-0.0041559,0.0116043,
8810,1086.101654,-0.00416161,0.0116119,
8810,1049.661262,-0.00404831,0.0112932,
8810,978.64033,-0.00381133,0.0106821,
8810,859.349933,-0.00345968,0.00973898,
8810,704.644077,-0.00300856,0.00854082,
8810,559.164732,-0.0026257,0.007498,
8810,419.743001,-0.00222411,0.00640292,
8810,278.099616,-0.00184576,0.0054036,
8810,183.894594,-0.00162366,0.00479869,
8810,131.283163,-0.00148501,0.0044217,
8810,110.034754,-0.00146453,0.00435872,
8810,150.850634,-0.00160201,0.00473228,
8810,232.714264,-0.00182501,0.00533816,
8810,343.091122,-0.00216693,0.00625268,
8810,490.729024,-0.00256569,0.00732945,
8810,633.382418,-0.0029686,0.00841012,
