Crack_length,Load,u,N_cycles,Specimen_name
31.6047,122.271695,2.062306,1,2_11
31.6047,122.32456,2.064049,2,
31.6047,122.604717,2.068242,3,
31.6047,122.45632,2.070173,4,
31.6047,122.367496,2.06438,5,
31.6047,122.437535,2.064748,6,
31.6047,121.856022,2.063088,101,
31.6047,121.821673,2.067761,102,
31.6047,121.667641,2.061653,103,
31.6047,121.917474,2.063012,104,
31.6047,121.9376,2.063366,105,
31.6047,122.123566,2.065439,106,
31.6047,121.417002,2.064778,201,
31.6047,121.569425,2.063103,202,
31.7477,121.696086,2.067851,203,
31.7477,121.437934,2.066341,204,
31.7477,121.727751,2.067092,205,
31.7477,121.734191,2.064853,206,
31.7477,120.987375,2.06586,301,
31.7477,121.09874,2.064057,302,
31.7477,120.854274,2.068941,303,
31.7477,120.98496,2.068625,304,
31.7477,120.854274,2.06695,305,
31.7477,121.043192,2.068903,306,
31.7477,120.913847,2.065041,401,
31.7477,121.015015,2.066957,402,
31.7477,120.829586,2.062712,403,
31.7477,120.886476,2.065995,404,
31.7477,120.943366,2.063974,405,
31.7477,120.801409,2.066221,406,
31.7477,121.12155,2.067491,501,
31.7477,120.921898,2.067603,502,
31.7477,120.883255,2.068565,503,
31.7477,120.972347,2.066063,504,
31.7477,121.069222,2.067836,505,
31.7477,120.895599,2.066281,506,
31.7477,120.822608,2.070444,601,
31.7477,120.809191,2.071683,602,
31.7477,120.701851,2.0645,603,
31.7477,120.617321,2.062051,604,
31.7477,120.491734,2.068152,605,
31.7477,120.784503,2.065657,606,
31.7477,120.182327,2.064756,701,
31.7477,120.364804,2.067175,702,
31.7477,120.292618,2.067108,703,
31.7477,120.492807,2.066814,704,
31.7477,120.47939,2.070338,705,
31.7477,120.477779,2.068054,706,
31.7477,120.658915,2.064861,801,
31.7477,120.705071,2.070459,802,
31.7477,120.429208,2.065056,803,
31.7477,120.591291,2.067378,804,
31.7477,120.469997,2.067769,805,
31.7477,120.507835,2.070301,806,
31.7477,120.347093,2.068768,901,
31.7477,120.243242,2.067814,902,
31.7477,120.359974,2.064996,903,
31.7477,120.174545,2.06982,904,
31.7477,120.370708,2.066063,905,
31.7477,120.35407,2.068407,906,
31.7477,120.137781,2.065237,1001,
31.7477,120.052714,2.066266,1002,
31.7477,119.718887,2.066371,1003,
31.7477,120.114434,2.063689,1004,
31.7477,119.888753,2.067859,1005,
31.7477,119.745454,2.067295,1006,
31.7477,120.045469,2.066198,1101,
31.7477,119.616646,2.068017,1102,
31.7477,119.922833,2.067588,1103,
31.8907,119.603229,2.061224,1104,
31.8907,119.7315,2.072412,1105,
31.8907,119.767459,2.066476,1106,
31.8907,119.615573,2.067025,1201,
31.8907,119.535873,2.071465,1202,
31.8907,119.795099,2.070053,1203,
31.8907,119.734988,2.067836,1204,
31.8907,119.634089,2.066409,1205,
31.8907,119.657167,2.067273,1206,
31.8907,119.586859,2.067235,1301,
31.8907,119.589006,2.066251,1302,
31.8907,119.386671,2.064846,1303,
31.8907,119.611816,2.066799,1304,
31.8907,119.680513,2.066694,1305,
31.8907,119.603229,2.068182,1306,
31.8907,119.305361,2.067596,1401,
31.8907,119.474421,2.069948,1402,
31.8907,119.532385,2.066326,1403,
31.8907,119.583371,2.068054,1404,
31.8907,119.70869,2.0671,1405,
31.8907,119.416189,2.066506,1406,
31.8907,119.432022,2.06828,1501,
31.8907,119.298384,2.063561,1502,
31.8907,119.370838,2.069377,1503,
31.8907,119.323877,2.06187,1504,
31.8907,119.335416,2.074035,1505,
31.8907,119.28765,2.068024,1506,
31.8907,118.84541,2.065748,1601,
31.8907,118.811061,2.066521,1602,
31.8907,118.79335,2.064936,1603,
31.8907,118.851582,2.065552,1604,
31.8907,118.916523,2.067679,1605,
31.8907,119.175748,2.068107,1606,
31.8907,118.676618,2.067994,1701,
31.8907,118.790935,2.068287,1702,
31.8907,118.773761,2.073449,1703,
31.8907,118.686011,2.067235,1704,
31.8907,118.519902,2.065116,1705,
31.8907,118.78208,2.071315,1706,
31.8907,118.305491,2.065642,1801,
31.8907,118.413368,2.069437,1802,
31.8907,118.290195,2.069174,1803,
31.8907,118.501923,2.067198,1804,
31.8907,118.338498,2.067679,1805,
31.8907,118.468648,2.067724,1806,
32.0338,118.079809,2.068122,1901,
32.0338,118.251285,2.068167,1902,
32.0338,118.000915,2.063839,1903,
32.0338,118.313005,2.06982,1904,
32.0338,117.864593,2.064989,1905,
32.0338,118.050291,2.06731,1906,
32.0338,118.079273,2.065214,2001,
32.0338,118.265239,2.069925,2002,
32.0338,118.023724,2.070376,2003,
32.0338,117.931412,2.072029,2004,
32.0338,118.162193,2.066867,2005,
32.0338,118.182587,2.068197,2006,
32.1768,116.315412,2.066957,3001,
32.1768,116.451734,2.067581,3002,
32.1768,116.289114,2.070789,3003,
32.1768,116.385451,2.072157,3004,
32.1768,116.575443,2.069452,3005,
32.1768,116.285089,2.071428,3006,
32.1768,114.532767,2.068941,4001,
32.1768,114.355925,2.070616,4002,
32.1768,114.52096,2.067401,4003,
32.1768,114.476146,2.063561,4004,
32.1768,114.326675,2.068415,4005,
32.1768,114.613541,2.068385,4006,
32.3198,113.363033,2.071345,5001,
32.3198,113.117761,2.065567,5002,
32.3198,113.014715,2.070226,5003,
32.3198,113.277161,2.071082,5004,
32.3198,113.327879,2.069264,5005,
32.3198,113.25784,2.070556,5006,
32.4628,111.985059,2.070008,6001,
32.4628,111.961176,2.073877,6002,
32.4628,112.072272,2.068746,6003,
32.4628,111.831026,2.071924,6004,
32.4628,112.217986,2.07254,6005,
32.4628,111.920387,2.074343,6006,
32.4628,111.008804,2.072059,7001,
32.4628,111.026783,2.06994,7002,
32.4628,110.787684,2.06834,7003,
32.4628,111.065694,2.073795,7004,
32.4628,111.041006,2.068783,7005,
32.4628,111.013098,2.074501,7006,
32.6058,110.275405,2.071916,8001,
32.6058,110.244277,2.071405,8002,
32.6058,110.258231,2.069121,8003,
32.6058,110.233543,2.068933,8004,
32.6058,110.305192,2.066762,8005,
32.6058,110.255548,2.068723,8006,
32.7488,109.576624,2.068227,9001,
32.7488,109.579844,2.070399,9002,
32.7488,109.747026,2.070947,9003,
32.7488,109.747562,2.073179,9004,
32.7488,109.763395,2.070075,9005,
32.7488,109.705431,2.06861,9006,
32.7488,107.976725,2.065988,10001,
32.7488,108.376566,2.069737,10002,
32.7488,108.268421,2.072675,10003,
32.7488,108.549383,2.072284,10004,
32.7488,108.656186,2.067611,10005,
32.7488,108.571656,2.074216,10006,
32.8918,107.704082,2.071736,11001,
32.8918,107.487525,2.072532,11002,
32.8918,107.39065,2.072292,11003,
32.8918,107.581983,2.075155,11004,
32.8918,107.604525,2.071864,11005,
32.8918,107.588692,2.070151,11006,
32.8918,107.363279,2.072916,12001,
32.8918,107.18429,2.071285,12002,
32.8918,107.005301,2.068843,12003,
32.8918,107.347983,2.072938,12004,
32.8918,107.08178,2.074982,12005,
32.8918,107.345299,2.070489,12006,
33.0348,106.21367,2.073134,13001,
33.0348,106.467261,2.075132,13002,
33.0348,106.438279,2.07275,13003,
33.0348,106.425398,2.075275,13004,
33.0348,106.210719,2.077687,13005,
33.0348,106.205352,2.073389,13006,
33.0348,105.339389,2.071345,14001,
33.0348,105.292964,2.07541,14002,
33.0348,105.331875,2.073239,14003,
33.0348,105.513011,2.075756,14004,
33.0348,105.536089,2.071961,14005,
33.0348,105.318457,2.070699,14006,
33.1778,104.590694,2.071924,15001,
33.1778,104.834355,2.072525,15002,
33.1778,104.933644,2.074058,15003,
33.1778,104.649999,2.063178,15004,
33.1778,104.646242,2.074741,15005,
33.1778,104.81074,2.075711,15006,
33.1778,104.228691,2.071526,16001,
33.1778,104.317246,2.073802,16002,
33.1778,104.063656,2.069467,16003,
33.3208,104.309196,2.076725,16004,
33.3208,104.380577,2.076319,16005,
33.3208,104.203466,2.075095,16006,
33.3208,103.828851,2.070098,17001,
33.3208,103.762568,2.074832,17002,
33.3208,103.870981,2.072217,17003,
33.3208,103.772766,2.069888,17004,
33.3208,103.686625,2.071022,17005,
33.3208,103.736002,2.077446,17006,
33.4638,103.205475,2.070075,18001,
33.4638,103.114236,2.070526,18002,
33.4638,103.318182,2.074636,18003,
33.4638,103.291347,2.073149,18004,
33.4638,103.223455,2.074403,18005,
33.4638,103.092769,2.076387,18006,
33.4638,102.89902,2.074291,19001,
33.4638,102.898484,2.072322,19002,
33.4638,102.619669,2.071518,19003,
33.6068,102.588004,2.075839,19004,
33.6068,102.844545,2.073269,19005,
33.6068,102.784435,2.074576,19006,
33.6068,102.292014,2.074463,20001,
33.6068,102.371982,2.072082,20002,
33.6068,102.46832,2.074636,20003,
33.6068,102.216608,2.073825,20004,
33.6068,102.337365,2.071015,20005,
33.6068,102.216608,2.073314,20006,
33.7499,101.726603,2.071225,21001,
33.7499,101.839309,2.071668,21002,
33.7499,101.696816,2.076297,21003,
33.7499,101.731433,2.07245,21004,
33.7499,101.821867,2.079084,21005,
33.7499,101.673469,2.078311,21006,
33.7499,101.291608,2.075643,22001,
33.7499,101.144285,2.072352,22002,
33.7499,101.019502,2.074253,22003,
33.7499,101.331056,2.076244,22004,
33.7499,101.089541,2.073291,22005,
33.7499,101.201711,2.069114,22006,
33.8929,100.815289,2.077168,23001,
33.8929,100.753837,2.074418,23002,
33.8929,100.875935,2.073412,23003,
33.8929,100.830048,2.073479,23004,
33.8929,100.865201,2.064019,23005,
33.8929,100.987837,2.074185,23006,
33.8929,100.573238,2.066469,24001,
33.8929,100.563577,2.075425,24002,
33.8929,100.89955,2.074351,24003,
33.8929,100.740151,2.07372,24004,
33.8929,100.640593,2.073599,24005,
33.8929,100.370365,2.069129,24006,
34.0359,100.46885,2.077221,25001,
34.0359,100.419473,2.074268,25002,
34.0359,100.336017,2.071901,25003,
34.0359,100.522788,2.076612,25004,
34.0359,100.449797,2.071834,25005,
34.0359,100.534059,2.072104,25006,
34.0359,100.239679,2.072713,26001,
34.0359,100.045663,2.075996,26002,
34.1789,100.129925,2.074772,26003,
34.1789,100.039759,2.077266,26004,
34.1789,99.919807,2.077672,26005,
34.1789,100.076791,2.078311,26006,
34.1789,99.481593,2.0778,27001,
34.1789,99.746722,2.080159,27002,
34.1789,99.710226,2.074764,27003,
34.1789,99.600203,2.070722,27004,
34.1789,99.775972,2.07372,27005,
34.1789,99.718277,2.073344,27006,
34.1789,99.51299,2.074741,28001,
34.1789,99.468444,2.076244,28002,
34.1789,99.424434,2.071646,28003,
34.1789,99.565318,2.077927,28004,
34.1789,99.40726,2.075651,28005,
34.1789,99.585444,2.073254,28006,
34.3219,98.649442,2.073584,29001,
34.3219,98.658297,2.078927,29002,
34.3219,98.580208,2.073028,29003,
34.3219,98.746584,2.075936,29004,
34.3219,98.608653,2.074884,29005,
34.3219,98.490848,2.075185,29006,
34.3219,98.814745,2.074711,30001,
34.3219,98.881832,2.071916,30002,
34.3219,98.869488,2.074546,30003,
34.3219,98.910814,2.076237,30004,
34.3219,98.823064,2.075666,30005,
34.3219,98.567864,2.075508,30006,
34.4649,98.682986,2.079761,31001,
34.4649,98.597382,2.077484,31002,
34.4649,98.268654,2.0671,31003,
34.4649,98.785227,2.077679,31004,
34.4649,98.695061,2.075478,31005,
34.4649,98.89686,2.078258,31006,
34.4649,98.227865,2.071721,32001,
34.4649,98.241014,2.07692,32002,
34.4649,98.333058,2.078055,32003,
34.4649,98.340304,2.074569,32004,
34.4649,98.278315,2.077401,32005,
34.4649,98.038411,2.070684,32006,
34.6079,98.014528,2.080745,33001,
34.6079,97.787773,2.077529,33002,
34.6079,97.901016,2.071,33003,
34.6079,97.811924,2.077687,33004,
34.6079,97.784016,2.075493,33005,
34.6079,97.801727,2.076703,33006,
34.6079,97.291327,2.074441,34001,
34.6079,97.191501,2.076244,34002,
34.6079,97.119583,2.076748,34003,
34.6079,97.285423,2.075155,34004,
34.6079,97.483733,2.074028,34005,
34.6079,97.368611,2.072322,34006,
34.6079,97.042835,2.072134,35001,
34.6079,96.948376,2.076064,35002,
34.6079,96.881557,2.075606,35003,
34.6079,96.934154,2.070579,35004,
34.6079,96.732087,2.078228,35005,
34.6079,96.725915,2.070541,35006,
34.7509,96.7235,2.075673,36001,
34.7509,96.799442,2.074674,36002,
34.7509,96.880216,2.076793,36003,
34.7509,96.977895,2.074711,36004,
34.7509,96.938179,2.071646,36005,
34.7509,96.65185,2.075726,36006,
34.7509,96.388063,2.073644,37001,
34.7509,96.354251,2.078386,37002,
34.7509,96.437439,2.075598,37003,
34.7509,96.246106,2.079813,37004,
34.7509,96.34298,2.073464,37005,
34.7509,96.461859,2.077657,37006,
34.7509,95.837411,2.07242,38001,
34.7509,95.904766,2.077146,38002,
34.7509,95.645273,2.069317,38003,
34.7509,95.911475,2.075485,38004,
34.7509,95.940188,2.07819,38005,
34.7509,95.942067,2.076222,38006,
34.8939,95.511903,2.076477,39001,
34.8939,95.589993,2.073509,39002,
34.8939,95.376923,2.077056,39003,
34.8939,95.523442,2.076605,39004,
34.8939,95.541958,2.080294,39005,
34.8939,95.645004,2.077544,39006,
34.8939,95.358944,2.077221,40001,
34.8939,95.491777,2.073472,40002,
34.8939,95.394366,2.078837,40003,
34.8939,95.379338,2.078558,40004,
34.8939,95.395976,2.074899,40005,
34.8939,95.443474,2.074772,40006,
34.8939,95.197934,2.077304,41001,
34.8939,95.183712,2.07789,41002,
34.8939,95.162781,2.074809,41003,
34.8939,95.027801,2.07417,41004,
34.8939,95.239529,2.075433,41005,
34.8939,95.185322,2.072525,41006,
35.0369,95.273341,2.079453,42001,
35.0369,95.033168,2.074636,42002,
35.0369,95.122528,2.075298,42003,
35.0369,94.561678,2.067085,42004,
35.0369,94.81339,2.07124,42005,
35.0369,95.204375,2.078746,42006,
35.0369,95.036657,2.073096,43001,
35.0369,94.657211,2.077612,43002,
35.0369,94.714101,2.078378,43003,
35.0369,94.870012,2.077732,43004,
35.0369,94.743619,2.076297,43005,
35.0369,94.635475,2.077732,43006,
35.0369,94.616958,2.078108,44001,
35.0369,94.604346,2.072788,44002,
35.0369,94.270788,2.075876,44003,
35.0369,94.620447,2.07692,44004,
35.0369,94.22812,2.074366,44005,
35.0369,94.376249,2.076207,44006,
35.0369,94.169084,2.07656,45001,
35.1799,94.252004,2.077063,45002,
35.1799,94.381079,2.073983,45003,
35.1799,94.267299,2.073006,45004,
35.1799,94.382153,2.073028,45005,
35.1799,94.42321,2.078476,45006,
35.1799,93.870143,2.077026,46001,
35.1799,94.054767,2.077837,46002,
35.1799,94.065769,2.080753,46003,
35.1799,93.665124,2.072082,46004,
35.1799,94.228657,2.079377,46005,
35.1799,93.85592,2.074328,46006,
35.1799,93.849211,2.076402,47001,
35.1799,93.869338,2.074644,47002,
35.1799,94.044301,2.074599,47003,
35.1799,93.942329,2.083615,47004,
35.1799,93.874705,2.081346,47005,
35.1799,93.938572,2.081263,47006,
35.1799,93.646339,2.07523,48001,
35.1799,93.748849,2.078596,48002,
35.1799,93.650365,2.076973,48003,
35.1799,93.808959,2.076515,48004,
35.1799,93.668612,2.074666,48005,
35.1799,93.625945,2.077454,48006,
35.1799,93.422805,2.07783,49001,
35.1799,93.714232,2.075733,49002,
35.1799,93.711817,2.076695,49003,
35.1799,93.788028,2.076673,49004,
35.1799,93.594011,2.074095,49005,
35.1799,93.360816,2.074471,49006,
35.1799,93.40241,2.076582,50001,
35.3229,93.647413,2.076049,50002,
35.3229,93.636142,2.076695,50003,
35.3229,93.306878,2.07822,50004,
35.3229,93.543293,2.075846,50005,
35.3229,93.415559,2.074516,50006,
35.609,91.259642,2.078401,60001,
35.609,91.352222,2.078882,60002,
35.609,91.271181,2.076605,60003,
35.609,91.132981,2.076515,60004,
35.609,91.056502,2.078987,60005,
35.609,91.047109,2.080009,60006,
35.895,90.071392,2.079092,70001,
35.895,90.323103,2.077041,70002,
35.895,90.139821,2.079573,70003,
35.895,90.159142,2.079813,70004,
35.895,90.174438,2.07405,70005,
35.895,90.188392,2.077514,70006,
36.038,89.196037,2.082638,80001,
36.038,89.089502,2.07656,80002,
36.038,89.090307,2.076612,80003,
36.038,88.870529,2.0781,80004,
36.038,89.298278,2.081602,80005,
36.038,89.205429,2.078205,80006,
36.324,87.600164,2.080512,90001,
36.324,87.688988,2.082203,90002,
36.324,87.382265,2.077649,90003,
36.324,87.651151,2.079115,90004,
36.324,87.536566,2.07372,90005,
36.324,87.551325,2.079851,90006,
36.467,86.578291,2.079175,100001,
36.467,86.861399,2.082421,100002,
36.467,86.626594,2.075478,100003,
36.467,86.665236,2.078416,100004,
36.467,86.845567,2.079265,100005,
36.467,86.609151,2.078371,100006,
36.61,85.969407,2.082203,110001,
36.61,86.060377,2.078611,110002,
36.61,85.643631,2.081496,110003,
36.61,85.901514,2.077431,110004,
36.61,85.941767,2.079926,110005,
36.61,85.991143,2.085358,110006,
36.753,84.953168,2.076387,120001,
36.753,85.052726,2.080106,120002,
36.753,84.729097,2.080392,120003,
36.753,84.759689,2.081098,120004,
36.753,84.7562,2.078791,120005,
36.753,84.822214,2.079633,120006,
36.896,84.208231,2.081151,130001,
36.896,84.267,2.08097,130002,
36.896,84.35153,2.080565,130003,
36.896,84.163417,2.081151,130004,
36.896,84.201523,2.077116,130005,
36.896,84.129605,2.080279,130006,
36.896,83.402647,2.081316,140001,
36.896,83.284305,2.079873,140002,
36.896,83.436191,2.077567,140003,
36.896,83.397012,2.080249,140004,
36.896,83.390035,2.080798,140005,
36.896,83.740767,2.082736,140006,
37.039,82.867827,2.080091,150001,
37.039,82.671933,2.079588,150002,
37.039,82.824355,2.082037,150003,
37.039,82.60565,2.080189,150004,
37.039,82.782492,2.081932,150005,
37.039,82.706281,2.082067,150006,
37.039,82.159386,2.080535,160001,
37.039,82.288998,2.078919,160002,
37.039,82.40734,2.078874,160003,
37.039,82.154287,2.079498,160004,
37.039,82.138455,2.080993,160005,
37.039,82.392313,2.084036,160006,
37.182,81.497905,2.079934,170001,
37.182,81.530912,2.082864,170002,
37.182,81.593437,2.082894,170003,
37.182,81.747738,2.081677,170004,
37.182,81.481536,2.082496,170005,
37.182,81.689506,2.078814,170006,
37.182,81.370171,2.080993,180001,
37.182,81.195744,2.080858,180002,
37.182,81.244047,2.085591,180003,
37.182,81.334481,2.081324,180004,
37.182,81.102627,2.081594,180005,
37.182,81.399958,2.084509,180006,
37.3251,80.770947,2.082443,190001,
37.3251,80.766386,2.07822,190002,
37.3251,80.79322,2.081,190003,
37.3251,80.676489,2.080129,190004,
37.3251,80.79161,2.079873,190005,
37.3251,80.655557,2.081203,190006,
37.3251,80.537484,2.077341,200001,
37.3251,80.407066,2.086343,200002,
37.3251,80.695273,2.077897,200003,
37.3251,80.550365,2.077492,200004,
37.3251,80.576663,2.082466,200005,
37.3251,80.456979,2.081654,200006,
37.3251,80.088267,2.083705,210001,
37.3251,79.910084,2.079986,210002,
37.3251,80.13335,2.080159,210003,
37.3251,80.191045,2.081632,210004,
37.3251,79.984685,2.080632,210005,
37.3251,80.175481,2.078213,210006,
37.3251,79.610874,2.084322,220001,
37.3251,79.129724,2.080159,220002,
37.3251,79.646833,2.077296,220003,
37.3251,79.705333,2.081767,220004,
37.3251,79.369897,2.082924,220005,
37.4681,79.499509,2.0807,220006,
37.4681,79.71392,2.080933,230001,
37.4681,79.687085,2.079009,230002,
37.4681,79.45711,2.083119,230003,
37.4681,79.399415,2.081121,230004,
37.4681,79.488775,2.081181,230005,
37.4681,79.59692,2.08221,230006,
37.4681,78.950199,2.081414,240001,
37.4681,79.064247,2.079633,240002,
37.4681,78.882307,2.08221,240003,
37.4681,79.123284,2.080535,240004,
37.4681,79.175075,2.084089,240005,
37.4681,79.13375,2.080948,240006,
37.6111,78.840712,2.081699,250001,
37.6111,78.851715,2.08061,250002,
37.6111,78.996355,2.08188,250003,
37.6111,78.930341,2.085298,250004,
37.6111,78.944563,2.079393,250005,
37.6111,78.984548,2.085787,250006,
37.7541,76.590874,2.080655,300001,
37.7541,76.785695,2.083119,300002,
37.7541,76.775766,2.08221,300003,
37.7541,76.674867,2.078746,300004,
37.7541,76.755372,2.083172,300005,
37.7541,76.708947,2.076725,300006,
37.8971,75.773482,2.079069,350001,
37.8971,75.45361,2.085704,350002,
37.8971,75.58698,2.083796,350003,
37.8971,75.586443,2.082684,350004,
37.8971,75.655677,2.0836,350005,
37.8971,75.721691,2.083119,350006,
38.0401,74.321714,2.087402,400001,
38.0401,74.308296,2.080955,400002,
38.1831,74.453742,2.086516,400003,
38.1831,74.406244,2.084622,400004,
38.1831,74.394436,2.08644,400005,
38.1831,74.447033,2.089634,400006,
38.3261,73.289912,2.082548,450001,
38.3261,73.499224,2.084742,450002,
38.3261,73.553699,2.085667,450003,
38.3261,73.602002,2.080249,450004,
38.3261,73.425696,2.085404,450005,
38.3261,73.502981,2.084201,450006,
38.4691,73.022636,2.078243,500001,
38.4691,73.145003,2.082729,500002,
38.4691,72.990166,2.080655,500003,
38.4691,73.014049,2.086989,500004,
38.4691,72.832108,2.082375,500005,
38.4691,73.1552,2.081391,500006,
38.4691,72.919322,2.077492,550001,
38.4691,72.811177,2.080475,550002,
38.4691,72.876386,2.079648,550003,
38.4691,73.044641,2.084577,550004,
38.4691,73.014854,2.086749,550005,
38.4691,72.941863,2.0833,550006,
38.6121,72.694982,2.084998,600001,
38.6121,72.594082,2.084013,600002,
38.6121,72.408117,2.082195,600003,
38.6121,72.654998,2.084712,600004,
38.6121,72.498819,2.085313,600005,
38.6121,72.522433,2.083503,600006,
38.6121,71.842973,2.080024,650001,
38.6121,72.025182,2.088988,650002,
38.7551,72.038332,2.080429,650003,
38.7551,71.974196,2.085742,650004,
38.7551,71.812918,2.081173,650005,
38.7551,71.98171,2.086846,650006,
38.7551,71.368264,2.084682,700001,
38.7551,71.287223,2.084615,700002,
38.7551,71.29742,2.084419,700003,
38.7551,71.222014,2.084284,700004,
38.7551,71.167539,2.08508,700005,
38.7551,71.125408,2.081248,700006,
38.7551,70.797486,2.0833,750001,
38.7551,71.185518,2.085253,750002,
38.7551,70.794265,2.083232,750003,
38.7551,71.019947,2.081526,750004,
38.7551,71.010555,2.084878,750005,
38.7551,71.004651,2.084487,750006,
38.8981,70.662506,2.083638,800001,
38.8981,70.514377,2.083112,800002,
38.8981,70.501497,2.081143,800003,
38.8981,70.559192,2.083352,800004,
38.8981,70.753745,2.085171,800005,
38.8981,70.599712,2.086448,800006,
38.8981,70.255689,2.078724,850001,
38.8981,70.429311,2.081098,850002,
38.8981,70.313921,2.085621,850003,
38.8981,70.38718,2.08076,850004,
38.8981,70.552214,2.08617,850005,
38.8981,70.767699,2.08771,850006,
39.0411,70.091459,2.08363,900001,
39.0411,70.180551,2.086335,900002,
39.0411,69.915959,2.079099,900003,
39.0411,69.960773,2.082804,900004,
39.0411,69.82794,2.081737,900005,
39.0411,70.215973,2.085171,900006,
39.0411,69.949771,2.084216,950001,
39.0411,70.008539,2.082188,950002,
39.0411,69.877317,2.081376,950003,
39.0411,69.739922,2.084494,950004,
39.0411,70.047987,2.082781,950005,
39.0411,69.935548,2.08493,950006,
