MD_N_cycles--1,MD_Load--1 ,MD_index--1 ,eyy--1 ,exx--1 ,exy--1
0,5.066446,0,0,0,1.03E-18
0,0.637276,1,6.49E-05,8.85E-06,8.71E-05
0,10.912949,2,5.23E-05,-7.07E-06,2.83E-06
0,-3.775787,3,2.74E-05,-1.11E-05,5.78E-05
0,-10.765821,4,-5.20E-06,-9.71E-05,9.04E-06
0,-18.110189,5,2.70E-05,-5.76E-05,1.35E-05
0,-15.017824,6,8.72E-05,-5.68E-05,2.83E-05
1,1282.247457,7,-0.0014916,0.00412817,-6.13E-05
1,1231.400415,8,-0.0015004,0.0040982,-6.42E-05
1,1132.363875,9,-0.00140465,0.0038718,-0.000107709
1,1019.492225,10,-0.00128692,0.003528,-0.000130069
1,951.572764,11,-0.00115558,0.00317905,-0.000135781
1,946.289961,12,-0.00110376,0.00303507,-0.000133711
1,1019.621073,13,-0.00113393,0.00306798,-0.000131546
1,1158.19809,14,-0.00124181,0.00339743,-0.000134913
1,1290.219991,15,-0.00140294,0.00384546,-9.49E-05
50,1962.394345,16,-0.00222448,0.00602379,-0.000286061
50,1971.655403,17,-0.00249927,0.00673168,-0.000273279
50,1681.969746,18,-0.00239539,0.00644933,-0.000273678
50,1208.433083,19,-0.00189934,0.00525348,-0.000310824
50,708.370653,20,-0.00126953,0.00361411,-0.000389927
50,388.986952,21,-0.000733287,0.00210845,-0.000446532
50,379.774274,22,-0.000439964,0.00139377,-0.000482873
50,682.053297,23,-0.000542482,0.00165133,-0.000472408
50,1187.994414,24,-0.00100854,0.00282955,-0.00040677
50,1679.537716,25,-0.00158599,0.00451605,-0.000348044
100,2076.780534,26,-0.00237885,0.00641629,-0.000361105
100,2072.915046,27,-0.00268477,0.00719811,-0.000316484
100,1746.297765,28,-0.00255513,0.00684278,-0.000323083
100,1199.252593,29,-0.00204402,0.00547109,-0.000397865
100,648.311035,30,-0.00137723,0.00361657,-0.00044335
100,284.571244,31,-0.000682614,0.00192992,-0.000549934
100,271.621958,32,-0.000386673,0.00112803,-0.000558866
100,628.645498,33,-0.000493199,0.00142709,-0.000559412
100,1194.340227,34,-0.00101841,0.00278919,-0.000502492
100,1749.454575,35,-0.00177389,0.00469222,-0.000436367
150,2103.307447,36,-0.00241809,0.00656046,-0.000315463
150,2095.657002,37,-0.00270218,0.0073428,-0.000264199
150,1745.798473,38,-0.00256739,0.00694428,-0.000291466
150,1196.546765,39,-0.00208423,0.005522,-0.00035736
150,632.366006,40,-0.00134068,0.00363363,-0.000421087
150,264.229269,41,-0.000677889,0.00191041,-0.000490557
150,260.331598,42,-0.000358389,0.00109403,-0.000539916
150,625.843039,43,-0.000493674,0.00143303,-0.000525234
150,1205.839998,44,-0.00101282,0.00284669,-0.000466568
150,1780.587799,45,-0.00182008,0.00478243,-0.000380758
200,2118.898253,46,-0.00232592,0.00665827,-0.000300534
200,2102.53435,47,-0.00259796,0.00741746,-0.000252807
200,1749.615635,48,-0.00245697,0.00700903,-0.000289258
200,1188.71919,49,-0.00196869,0.00555732,-0.000346775
200,625.34375,50,-0.00119987,0.00364982,-0.000418526
200,268.432955,51,-0.000561945,0.00194331,-0.000473456
200,262.199903,52,-0.000242259,0.0011417,-0.000536771
200,636.505271,53,-0.000369841,0.00148231,-0.000518689
200,1218.177289,54,-0.000901529,0.00291367,-0.000457167
200,1789.091857,55,-0.00170676,0.00485119,-0.000364344
400,1812.92899,56,-0.00184817,0.00501373,-0.000375189
400,2117.706393,57,-0.00251939,0.00677119,-0.000310389
400,2090.937884,58,-0.00275672,0.00748664,-0.000287199
400,1722.831082,59,-0.00261603,0.0070485,-0.000311058
400,1157.054556,60,-0.00205944,0.00552723,-0.00035781
400,595.096514,61,-0.00129569,0.0036157,-0.000445792
400,251.698741,62,-0.000692026,0.00192995,-0.000500938
400,267.09615,63,-0.000357127,0.00114018,-0.000568995
400,655.011169,64,-0.000526751,0.00157195,-0.000567045
400,1248.118574,65,-0.00110573,0.00305317,-0.000484641
600,1836.97551,66,-0.00185395,0.00518592,-0.000375044
600,2124.535424,67,-0.00254153,0.00690346,-0.000315442
600,2077.698587,68,-0.00277103,0.00755906,-0.00029852
600,1696.771309,69,-0.00260454,0.00705895,-0.000309618
600,1128.289028,70,-0.00197593,0.00550477,-0.000378935
600,572.354718,71,-0.000648697,0.00191689,-0.000524803
600,283.572667,72,-0.000351099,0.00120768,-0.000568308
600,685.612744,73,-0.000536408,0.00167099,-0.000579717
600,1280.62074,74,-0.00115875,0.00321979,-0.000465054
800,1863.808399,75,-0.00189148,0.00535318,-0.000385061
800,2136.421804,76,-0.002565,0.00704458,-0.000301762
800,2068.356992,77,-0.00279372,0.00763834,-0.000284155
800,1669.680746,78,-0.00257981,0.00705214,-0.000297766
800,1098.573241,79,-0.00192433,0.00545506,-0.000385175
800,549.757878,80,-0.00127082,0.00353532,-0.000443119
800,240.4567,81,-0.000617619,0.0018954,-0.000518064
800,303.72137,82,-0.000356606,0.00123909,-0.000556446
800,717.261217,83,-0.000559677,0.00176736,-0.000542189
800,1313.509456,84,-0.00120389,0.00336263,-0.000444379
1000,1883.82838,85,-0.00191406,0.0054727,-0.000400333
1000,2137.806938,86,-0.00257044,0.00713099,-0.000290529
1000,2045.74389,87,-0.00278237,0.00765024,-0.000281629
1000,1632.845962,88,-0.00252841,0.00699312,-0.000302958
1000,1063.655186,89,-0.00188436,0.00537664,-0.000393622
1000,525.614855,90,-0.00121887,0.00344605,-0.000453326
1000,238.008577,91,-0.00058481,0.00185803,-0.000520029
1000,315.156685,92,-0.000356203,0.00127157,-0.000564669
1000,748.651997,93,-0.000580926,0.00186477,-0.000527467
1000,1341.566338,94,-0.00124634,0.00349801,-0.000460964
1200,1908.486943,95,-0.00193082,0.00561468,-0.000403176
1200,2140.706055,96,-0.00255854,0.00721058,-0.000298431
1200,2035.629199,97,-0.00275581,0.00769069,-0.000285425
1200,1604.547446,98,-0.00246851,0.00696225,-0.000314713
1200,1027.609705,99,-0.00183263,0.005319,-0.00040466
1200,498.282828,100,-0.00114327,0.00338454,-0.000473305
1200,227.088658,101,-0.000533696,0.00182182,-0.000534746
1200,325.351833,102,-0.000329811,0.00131419,-0.000584157
1200,778.915352,103,-0.000581097,0.00197016,-0.000543338
1200,1372.747814,104,-0.00124429,0.00361687,-0.000493682
1400,1928.007639,105,-0.00197608,0.00574993,-0.000399703
1400,2148.034379,106,-0.00258084,0.00728789,-0.000310396
1400,2012.935571,107,-0.00275548,0.00771246,-0.000295469
1400,1577.183093,108,-0.00243432,0.00693268,-0.000339991
1400,1001.356746,109,-0.00182346,0.00523851,-0.000409222
1400,470.145499,110,-0.00109529,0.00330589,-0.000489478
1400,224.447261,111,-0.000511477,0.00177229,-0.000545789
1400,341.860563,112,-0.000336728,0.00132965,-0.000595276
1400,805.232716,113,-0.000601166,0.0020498,-0.000554738
1400,1398.420995,114,-0.00128836,0.00373872,-0.000493351
1600,1943.630638,115,-0.00202317,0.00586808,-0.00036712
1600,2143.524641,116,-0.00259102,0.00735326,-0.000286148
1600,2005.558935,117,-0.00274747,0.00771508,-0.000267972
1600,1552.508469,118,-0.00239573,0.00687131,-0.000318886
1600,974.234058,119,-0.00180898,0.00517224,-0.000382397
1600,459.257787,120,-0.00105475,0.00323086,-0.000479168
1600,218.66518,121,-0.000503993,0.00175064,-0.000524332
1600,361.526086,122,-0.000345702,0.00136139,-0.000579622
1600,839.731981,123,-0.000633661,0.00214787,-0.000547815
1600,1439.395013,124,-0.00133631,0.00387903,-0.000460628
1800,1971.413811,125,-0.002059,0.00599099,-0.000371611
1800,2149.51615,126,-0.0026095,0.00744286,-0.000297643
1800,1981.125843,127,-0.00273845,0.00773942,-0.000272104
1800,1519.26538,128,-0.00236067,0.00682373,-0.000338107
1800,942.102374,129,-0.00176845,0.00508244,-0.00038571
1800,434.583268,130,-0.00100068,0.0031535,-0.000492351
1800,211.820098,131,-0.000471018,0.00170728,-0.000532812
1800,373.879449,132,-0.00033232,0.00137005,-0.000589017
1800,868.143144,133,-0.000650107,0.00223536,-0.000552434
1800,1465.180945,134,-0.00135612,0.00397983,-0.000456497
2000,1989.050089,135,-0.00210435,0.00613099,-0.00035555
2000,2148.678627,136,-0.00262764,0.00753903,-0.00027868
2000,1969.448856,137,-0.00273586,0.00777155,-0.000260831
2000,1490.242104,138,-0.00233522,0.00678752,-0.000328733
2000,907.232657,139,-0.00174186,0.00501442,-0.000371969
2000,408.636371,140,-0.000959087,0.00309625,-0.000491816
2000,214.815828,141,-0.00044836,0.00168503,-0.000535457
2000,388.197754,142,-0.000331617,0.00140985,-0.000581879
2000,895.845641,143,-0.00066718,0.002337,-0.000536124
2000,1500.7111,144,-0.00138589,0.00411837,-0.000441001
2200,2006.235395,145,-0.00213039,0.00624751,-0.000390988
2200,2152.173674,146,-0.00264923,0.00760143,-0.00031532
2200,1950.346918,147,-0.00272577,0.00776717,-0.000302883
2200,1460.8645,148,-0.00230404,0.00672671,-0.000374761
2200,880.399888,149,-0.00170665,0.00492195,-0.000422665
2200,392.175956,150,-0.000924978,0.0030059,-0.000543251
2200,214.042737,151,-0.000438103,0.00166414,-0.000581555
2200,414.498985,152,-0.000346702,0.00145123,-0.000623915
2200,930.151644,153,-0.000708059,0.00244783,-0.000549739
2200,1535.178252,154,-0.00144951,0.00425215,-0.000472886
2400,2017.960704,155,-0.00212191,0.00635815,-0.000335768
2400,2142.429419,156,-0.00266683,0.00775486,-0.000250217
2400,1432.211673,157,-0.00224334,0.00666607,-0.000329879
2400,845.385223,158,-0.00162751,0.00483118,-0.000379818
2400,373.927768,159,-0.000863985,0.00293648,-0.000505421
2400,217.457225,160,-0.000396146,0.00165971,-0.000547904
2400,435.163088,161,-0.00032525,0.00148775,-0.000580736
2400,955.889202,162,-0.000716102,0.00253846,-0.000499749
2400,1558.45164,163,-0.00146985,0.00437077,-0.000423254
2600,2039.736279,164,-0.00218923,0.00650079,-0.000390153
2600,2150.418098,165,-0.00265508,0.00772446,-0.000316438
2600,1913.673135,166,-0.00268388,0.0077805,-0.000314607
2600,1407.40822,167,-0.00224485,0.00664029,-0.000393105
2600,825.558613,168,-0.00161237,0.00477478,-0.000441718
2600,355.131972,169,-0.000854959,0.00289823,-0.00056772
2600,225.39752,170,-0.000398614,0.0016521,-0.000610179
2600,463.397051,171,-0.000357029,0.00156002,-0.000631351
2600,998.570388,172,-0.000774952,0.00268265,-0.000554806
2600,1596.284989,173,-0.00153274,0.00455134,-0.00047428
2800,2049.383891,174,-0.00223598,0.00658059,-0.000355742
2800,2143.170304,175,-0.00267783,0.00774697,-0.000281277
2800,1878.078473,176,-0.00267649,0.00773757,-0.000287956
2800,1366.031555,177,-0.00223037,0.00652552,-0.000361303
2800,782.426481,178,-0.00156942,0.00464594,-0.000425484
2800,331.391612,179,-0.000829833,0.00278568,-0.000531187
2800,216.796875,180,-0.000387698,0.00159506,-0.00060278
2800,476.7651,181,-0.000363711,0.00155753,-0.000605639
2800,1014.628181,182,-0.000803497,0.00272532,-0.000528618
2800,1617.883343,183,-0.00156915,0.00463179,-0.000437386
3000,2065.329026,184,-0.00226484,0.00668114,-0.000350912
3000,2138.660567,185,-0.00267266,0.0077827,-0.000273975
3000,1863.566808,186,-0.00264747,0.00772101,-0.000286344
3000,1339.375904,187,-0.0022097,0.00647906,-0.00034989
3000,761.198645,188,-0.00151783,0.00457551,-0.000426437
3000,316.541808,189,-0.000790721,0.00271506,-0.000513566
3000,223.126563,190,-0.000362817,0.00158466,-0.000600848
3000,509.363815,191,-0.000377157,0.00162547,-0.000579923
3000,1062.028467,192,-0.000831809,0.00284514,-0.000531103
3000,1654.540956,193,-0.00161227,0.00478932,-0.000418335
3200,2075.073277,194,-0.00232748,0.00680815,-0.000351665
3200,2132.040916,195,-0.00272457,0.00783823,-0.000271322
3200,1844.964172,196,-0.00267348,0.00771016,-0.00029241
3200,1314.749629,197,-0.00221805,0.00641978,-0.000352163
3200,735.60606,198,-0.00151959,0.00450708,-0.000433948
3200,306.797631,199,-0.000802771,0.00266395,-0.000509722
3200,234.433028,200,-0.000394317,0.00159151,-0.000592936
3200,535.536204,201,-0.00043498,0.001689,-0.000555408
3200,1091.083899,202,-0.000900568,0.0029527,-0.000519922
3200,1686.0285,203,-0.0016942,0.00490258,-0.000404505
3400,2092.548504,204,-0.00231305,0.0069324,-0.000347808
3400,2129.383392,205,-0.00270055,0.00788477,-0.000273401
3400,1824.605967,206,-0.00261618,0.00768317,-0.000299728
3400,1279.863751,207,-0.00209505,0.00613813,-0.000365413
3400,708.386759,208,-0.00143899,0.0044076,-0.000448537
3400,298.438576,209,-0.000754364,0.00259853,-0.000514782
3400,241.761292,210,-0.00044587,0.00174365,-0.000547493
3400,1124.439665,211,-0.000921521,0.00305663,-0.000514403
3400,1708.351641,212,-0.00172492,0.00501787,-0.000398695
3600,2095.447621,213,-0.00240204,0.0070001,-0.000335403
3600,2112.729576,214,-0.00275792,0.00789502,-0.000267515
3600,1245.686551,215,-0.00217106,0.00622453,-0.000354784
3600,675.095465,216,-0.00143197,0.00430971,-0.000449236
3600,282.348605,217,-0.000743319,0.00251633,-0.000511027
3600,240.472806,218,-0.000373093,0.00154632,-0.000613059
3600,584.208799,219,-0.000464944,0.00178959,-0.000535939
3600,1151.997235,220,-0.00095846,0.00316269,-0.000491397
3600,1738.63123,221,-0.00176894,0.00514428,-0.000394102
3800,2113.712055,222,-0.00240433,0.00713638,-0.00033293
3800,2114.630109,223,-0.00272125,0.00796208,-0.000271808
3800,1771.214008,224,-0.00258898,0.00762965,-0.000304564
3800,1214.553409,225,-0.00210913,0.00616758,-0.000356765
3800,650.88801,226,-0.00133384,0.0042371,-0.000462501
3800,272.330625,227,-0.00067763,0.00246807,-0.000523073
3800,254.356244,228,-0.000324916,0.0015617,-0.000610406
3800,611.782422,229,-0.000442966,0.00185644,-0.000538311
3800,1189.766088,230,-0.000969145,0.00329676,-0.000488136
3800,1763.644108,231,-0.00178556,0.00528111,-0.000402177
4000,2113.438249,232,-0.00238739,0.00721154,-0.000360882
4000,2097.106559,233,-0.00268905,0.00798885,-0.000303412
4000,1734.797963,234,-0.00252894,0.00757759,-0.000340465
4000,1177.944195,235,-0.00204151,0.00606519,-0.00038468
4000,618.369813,236,-0.00125169,0.0041367,-0.000498709
4000,253.325455,237,-0.000605104,0.00238016,-0.000562938
4000,256.788262,238,-0.000282107,0.00153919,-0.000643275
4000,636.634119,239,-0.000439367,0.0019176,-0.000563028
4000,1213.458195,240,-0.000977619,0.00339343,-0.000516851
4000,1786.160532,241,-0.0017965,0.00538974,-0.000422666
4200,1808.274306,242,-0.00186249,0.00548845,-0.000401643
4200,2118.624447,243,-0.00245454,0.00727533,-0.000328081
4200,2083.609563,244,-0.00272692,0.0079968,-0.000272418
4200,1711.605085,245,-0.00254966,0.00752376,-0.000316342
4200,1145.103815,246,-0.00204775,0.00596725,-0.000349944
4200,595.579697,247,-0.00124156,0.00403236,-0.000468758
4200,248.203723,248,-0.000611792,0.00231649,-0.000549798
4200,268.465167,249,-0.000311719,0.00153561,-0.000616282
4200,664.207747,250,-0.000487252,0.0019757,-0.000549703
4200,1253.224218,251,-0.0010432,0.00348772,-0.000503254
4400,1840.905416,252,-0.00192452,0.00562113,-0.000404277
4400,2129.335073,253,-0.00249893,0.0073593,-0.00034272
4400,2070.563541,254,-0.00275298,0.00803144,-0.000288305
4400,1683.532045,255,-0.00253918,0.00747274,-0.00033547
4400,1114.067327,256,-0.00201986,0.0058847,-0.000373513
4400,561.257624,257,-0.0012105,0.00394235,-0.000494638
4400,240.955989,258,-0.000595784,0.00225361,-0.000578037
4400,283.476031,259,-0.000315302,0.00154089,-0.000636441
4400,694.277822,260,-0.000507481,0.0020421,-0.000572197
4400,1281.748169,261,-0.00109139,0.00362011,-0.000516928
4600,1865.048576,262,-0.00193481,0.00574024,-0.000357206
4600,2135.745343,263,-0.00248823,0.00744413,-0.000308132
4600,2061.012565,264,-0.00271968,0.00805213,-0.00025897
4600,1662.223594,265,-0.00248977,0.00742945,-0.00031033
4600,1088.539132,266,-0.00194712,0.00581324,-0.000340896
4600,544.5234,267,-0.00113893,0.0038681,-0.000462034
4600,232.757996,268,-0.000529413,0.00220095,-0.000554228
4600,303.914643,269,-0.000268435,0.00154698,-0.000599714
4600,723.011093,270,-0.000480499,0.00210968,-0.000544251
4600,1317.874219,271,-0.00107553,0.00372429,-0.000477908
4800,1890.850675,272,-0.00197836,0.00586913,-0.000377053
4800,2136.30906,273,-0.0025222,0.00753412,-0.000331851
4800,2043.988315,274,-0.00272046,0.0080511,-0.000293083
4800,1626.451818,275,-0.00247975,0.00736296,-0.000343355
4800,1052.380907,276,-0.00191708,0.00571219,-0.000379587
4800,514.904308,277,-0.00111271,0.0037598,-0.000500399
4800,226.6699,278,-0.00051592,0.00213216,-0.000590531
4800,314.077578,279,-0.000286254,0.00154496,-0.000635355
4800,753.532144,280,-0.00053199,0.00218468,-0.000584318
4800,1348.314807,281,-0.00114495,0.00385046,-0.000495687
5000,1914.913311,282,-0.00214676,0.00594895,-0.000450608
5000,2144.281633,283,-0.00267548,0.00758908,-0.000403287
5000,2037.52973,284,-0.0028448,0.00804899,-0.000378823
5000,1606.158061,285,-0.00259605,0.00730398,-0.000426442
5000,1022.08531,286,-0.00200084,0.00562359,-0.000471794
5000,491.421636,287,-0.0012018,0.00364604,-0.000584508
5000,222.578957,288,-0.000612488,0.00208117,-0.000678848
5000,324.707589,289,-0.000399306,0.00154395,-0.000711257
5000,783.940454,290,-0.000662352,0.00222397,-0.000675862
5000,1380.929732,291,-0.00129551,0.00392654,-0.000573482
5200,1936.398961,292,-0.00207612,0.00609329,-0.000349322
5200,2149.951018,293,-0.00259086,0.00768135,-0.000299281
5200,2019.45858,294,-0.0027388,0.00809262,-0.000280503
5200,1577.505216,295,-0.00246802,0.00727829,-0.000321787
5200,1004.787347,296,-0.00185471,0.00556697,-0.000383029
5200,475.170597,297,-0.00107351,0.00359568,-0.000488543
5200,224.672746,298,-0.000495985,0.00207461,-0.000572821
5200,344.437536,299,-0.000304933,0.00159773,-0.000601272
5200,816.700258,300,-0.000595979,0.00234483,-0.000552786
5200,1415.155271,301,-0.001238,0.00407487,-0.000474167
5400,1956.161251,302,-0.002122,0.00620742,-0.00035747
5400,2149.081283,303,-0.00261934,0.00773448,-0.000303736
5400,1998.117874,304,-0.00275046,0.00808426,-0.00029103
5400,1541.137528,305,-0.00244804,0.00719209,-0.000335143
5400,960.382806,306,-0.00181858,0.00545778,-0.000411567
5400,449.481395,307,-0.00104379,0.00348854,-0.000500307
5400,217.280058,308,-0.000480184,0.0020014,-0.000574647
5400,359.673887,309,-0.000312865,0.00159379,-0.000616398
5400,841.890199,310,-0.000636338,0.00242507,-0.000552188
5400,1444.098006,311,-0.0012807,0.00416541,-0.000483979
5600,1978.548852,312,-0.00215884,0.00634888,-0.000353816
5600,2149.693318,313,-0.00263971,0.00780662,-0.000297626
5600,1984.588674,314,-0.00274502,0.00809495,-0.000295008
5600,1508.44205,315,-0.00243064,0.0071339,-0.00033071
5600,936.143114,316,-0.00176044,0.00535837,-0.000414028
5600,217.489437,317,-0.000453635,0.00196349,-0.000572498
5600,382.689475,318,-0.00031192,0.00161779,-0.000601278
5600,878.402731,319,-0.00066937,0.00251577,-0.000542558
5600,1479.209395,320,-0.00132419,0.00429407,-0.000476458
5800,1994.236282,321,-0.00219092,0.00643982,-0.000349104
5800,2150.949603,322,-0.00265124,0.00784265,-0.000296036
5800,1965.438414,323,-0.00273503,0.00807088,-0.000293722
5800,1482.253457,324,-0.0024104,0.00706442,-0.000327124
5800,895.813429,325,-0.00171509,0.00526096,-0.000413055
5800,405.463473,326,-0.000977367,0.00331853,-0.000489082
5800,212.786463,327,-0.000435312,0.00190863,-0.000565906
5800,402.467742,328,-0.000319095,0.00162663,-0.000592211
5800,905.219394,329,-0.000714348,0.00260506,-0.000541079
5800,1508.715854,330,-0.00137578,0.00441713,-0.000464251
6000,2014.981058,331,-0.00223265,0.00655043,-0.00035321
6000,2152.834029,332,-0.00267459,0.00790174,-0.000294255
6000,1946.57807,333,-0.00273614,0.0080775,-0.000295969
6000,1450.79816,334,-0.00238923,0.00699979,-0.000329641
6000,874.97213,335,-0.00167716,0.00518185,-0.000416208
6000,393.416125,336,-0.000956058,0.00325844,-0.000491725
6000,218.826241,337,-0.000430204,0.00190062,-0.00056597
6000,426.336955,338,-0.000335867,0.00168098,-0.000571837
6000,947.465706,339,-0.000759358,0.00271676,-0.000545307
6000,1542.281065,340,-0.00142908,0.00455714,-0.000457848
6200,2036.901589,341,-0.00227845,0.00668582,-0.000351481
6200,2154.734562,342,-0.00269835,0.0079714,-0.000292282
6200,1929.827637,343,-0.0027406,0.00808959,-0.000297001
6200,1429.135401,344,-0.00237341,0.00695408,-0.000335321
6200,838.588448,345,-0.001625,0.00509259,-0.000418164
6200,221.12941,346,-0.000409416,0.00186881,-0.000561779
6200,447.355392,347,-0.000344259,0.00171594,-0.000570406
6200,972.832827,348,-0.000788681,0.00280974,-0.00054948
6200,1576.458316,349,-0.00146245,0.00466896,-0.000455137
6400,2046.919642,350,-0.00230606,0.00678062,-0.00035602
6400,2146.794201,351,-0.00270538,0.00800684,-0.000299475
6400,1899.870137,352,-0.00271897,0.00803424,-0.000303788
6400,1388.805631,353,-0.00233557,0.00685327,-0.000346505
6400,806.585628,354,-0.00156629,0.00496965,-0.000426593
6400,348.125828,355,-0.000878916,0.00307018,-0.000507094
6400,216.974042,356,-0.000380595,0.00182192,-0.000568954
6400,460.127516,357,-0.00034109,0.00173203,-0.000574295
6400,997.523491,358,-0.000803552,0.0028678,-0.000548449
6400,1597.154722,359,-0.00149353,0.0047709,-0.000449738
6600,2060.819291,360,-0.00232814,0.00688893,-0.000345502
6600,2146.085528,361,-0.00271137,0.00805088,-0.000294161
6600,1876.951041,362,-0.00266988,0.00790203,-0.00030607
6600,1361.570157,363,-0.00230416,0.00676844,-0.000350388
6600,781.1541,364,-0.00151885,0.0048606,-0.00043385
6600,335.144328,365,-0.000846798,0.0029896,-0.000519937
6600,227.378567,366,-0.000373745,0.00180757,-0.000563925
6600,488.313162,367,-0.000358481,0.00177891,-0.000569012
6600,1032.554283,368,-0.000835549,0.00297036,-0.000528623
6600,1631.734637,369,-0.00154044,0.00489829,-0.000435102
6800,2077.054339,370,-0.00237638,0.00699684,-0.000339149
6800,2139.739683,371,-0.00273235,0.00808985,-0.000300974
6800,1856.190177,372,-0.00270424,0.00796937,-0.000308136
6800,1333.481058,373,-0.00228799,0.00670458,-0.000357171
6800,754.997798,374,-0.00148851,0.00477167,-0.000446107
6800,322.259466,375,-0.000820575,0.00289767,-0.000546222
6800,227.298037,376,-0.000367886,0.00178199,-0.000572282
6800,514.775459,377,-0.000375973,0.00182502,-0.000572923
6800,1067.730032,378,-0.000875276,0.00307208,-0.000517807
6800,1660.532447,379,-0.00159535,0.00503383,-0.000434935
7000,2085.719475,380,-0.00241009,0.00709503,-0.000262107
7000,2135.858087,381,-0.00275509,0.0081259,-0.000225466
7000,1831.531622,382,-0.00271037,0.00792962,-0.000242195
7000,1299.287744,383,-0.00228039,0.00659579,-0.000289981
7000,720.804558,384,-0.00149553,0.00466701,-0.000397148
7000,303.077127,385,-0.000834465,0.0028004,-0.000507745
7000,226.782642,386,-0.000411614,0.00173011,-0.000533615
7000,542.075275,387,-0.000456253,0.00184252,-0.000540676
7000,1095.786885,388,-0.000977693,0.00314111,-0.000484547
7000,1689.974507,389,-0.00171218,0.00511424,-0.000418939
7200,2093.015585,390,-0.0024455,0.00716106,-0.000343807
7200,2120.653829,391,-0.00275499,0.00813384,-0.00030233
7200,1803.571304,392,-0.0026848,0.00787684,-0.000319075
7200,1261.084006,393,-0.0022215,0.00650684,-0.000355851
7200,690.186874,394,-0.00142035,0.00456527,-0.000459136
7200,286.713352,395,-0.000759638,0.00273875,-0.000570491
7200,235.624878,396,-0.000352793,0.00173052,-0.000581877
7200,566.137768,397,-0.000417218,0.00190934,-0.000586706
7200,1131.751844,398,-0.000959783,0.00327094,-0.000510704
7200,1715.228973,399,-0.00169685,0.00526209,-0.000445924
7400,2098.411162,400,-0.00248481,0.00724298,-0.000316997
7400,2111.666567,401,-0.00276872,0.00815459,-0.000283938
7400,1781.666912,402,-0.00268244,0.00782955,-0.000297507
7400,1236.135618,403,-0.00219421,0.00642441,-0.000333715
7400,662.049531,404,-0.00139398,0.00447125,-0.000437874
7400,275.213613,405,-0.000737697,0.0026697,-0.000550038
7400,249.121769,406,-0.000346282,0.00170953,-0.000563773
7400,600.363206,407,-0.000446809,0.00198659,-0.000571482
7400,1168.03893,408,-0.001012,0.0033913,-0.000494861
7400,1749.583423,409,-0.00175053,0.00538553,-0.00041848
7600,2108.670813,410,-0.00242348,0.00734812,-0.000281107
7600,2107.269574,411,-0.00269297,0.008208,-0.000239407
7600,1759.955795,412,-0.00257342,0.00781337,-0.00025453
7600,1199.300912,413,-0.00206809,0.00636072,-0.000290534
7600,636.505271,414,-0.00126505,0.00439422,-0.000398351
7600,269.657017,415,-0.0006086,0.00262011,-0.000495528
7600,257.899581,416,-0.000246279,0.00172436,-0.000516976
7600,622.573502,417,-0.000363834,0.00204913,-0.000525156
7600,1198.221803,418,-0.000947082,0.00350556,-0.000445772
7600,1773.774889,419,-0.00169193,0.00549986,-0.000359694
7800,2114.614002,420,-0.00253523,0.00741447,-0.000321909
7800,2091.453283,421,-0.00278086,0.00820418,-0.00029174
7800,1724.683291,422,-0.00264786,0.00774386,-0.000303092
7800,1166.718229,423,-0.00208876,0.00622201,-0.00035261
7800,602.891861,424,-0.00130737,0.00424069,-0.000462359
7800,256.305079,425,-0.000657988,0.00252194,-0.00056576
7800,259.848416,426,-0.000317966,0.00167105,-0.000578235
7800,642.883282,427,-0.000462902,0.00207701,-0.000600818
7800,1223.137974,428,-0.00107425,0.00357069,-0.000501875
7800,1793.633797,429,-0.0018224,0.00559395,-0.000411172
8000,1823.059775,430,-0.0018636,0.00571689,-0.00039637
8000,2120.412236,431,-0.00256178,0.00750796,-0.000319338
8000,2078.954871,432,-0.00278661,0.00823435,-0.000296477
8000,1699.895904,433,-0.00262714,0.00769108,-0.000311664
8000,1132.057859,434,-0.00203606,0.00611746,-0.00036252
8000,580.794309,435,-0.00127591,0.00415502,-0.000468558
8000,241.761293,436,-0.000610321,0.00244195,-0.000571421
8000,265.74324,437,-0.000303663,0.00166273,-0.000578582
8000,667.606132,438,-0.000471115,0.00212412,-0.000603861
8000,1255.076423,439,-0.0011721,0.00388214,-0.000481373
8200,1849.957087,440,-0.00190636,0.00583061,-0.000383096
8200,2136.840565,441,-0.00258895,0.00759359,-0.000311992
8200,2068.083186,442,-0.00280387,0.00826874,-0.000296882
8200,1674.754187,443,-0.00263686,0.00766767,-0.00031471
8200,1107.431606,444,-0.0020196,0.00603136,-0.000375936
8200,555.523857,445,-0.00127952,0.00407779,-0.000474594
8200,242.196157,446,-0.000627451,0.00239992,-0.000583789
8200,292.06057,447,-0.000350386,0.00168505,-0.00058228
8200,704.42466,448,-0.000541265,0.00219321,-0.000617653
8200,1293.505642,449,-0.00119768,0.00382046,-0.000491557
8400,1871.990339,450,-0.00196224,0.00595455,-0.000381312
8400,2137.468707,451,-0.0026146,0.00766147,-0.000311212
8400,2057.066546,452,-0.00279997,0.00826964,-0.000294619
8400,1647.518671,453,-0.00260141,0.00761229,-0.000310349
8400,1077.055473,454,-0.00195262,0.00594869,-0.000374141
8400,533.442413,455,-0.00121607,0.00397744,-0.000473889
8400,232.870739,456,-0.000558347,0.00231877,-0.00058783
8400,303.818006,457,-0.000314275,0.00168812,-0.000571872
8400,728.148937,458,-0.000526636,0.00226307,-0.000601567
8400,1323.769063,459,-0.00119255,0.00391165,-0.000480315
8600,1898.356154,460,-0.00203355,0.00606632,-0.000351588
8600,2137.7103,461,-0.00265232,0.00772257,-0.00028627
8600,2039.365836,462,-0.00281785,0.00825853,-0.000276121
8600,1613.856804,463,-0.00259481,0.00752532,-0.000293265
8600,1046.566599,464,-0.00192176,0.00584806,-0.000358461
8600,509.492663,465,-0.00118673,0.00387754,-0.000455831
8600,224.060715,466,-0.000531161,0.00226043,-0.000574486
8600,315.494913,467,-0.000540509,0.00231919,-0.000571337
8600,1351.906475,468,-0.00120535,0.00399854,-0.000464266
8800,1923.127465,469,-0.00207082,0.00621062,-0.00035978
8800,2148.356503,470,-0.00267012,0.00781976,-0.000302197
8800,2027.28619,471,-0.0028091,0.00827287,-0.00029504
8800,1591.227658,472,-0.00257013,0.00748873,-0.00031659
8800,1014.869772,473,-0.00187693,0.00578354,-0.000383103
8800,487.523964,474,-0.00115627,0.00380286,-0.000482405
8800,221.354895,475,-0.000518696,0.00223508,-0.000596816
8800,340.861986,476,-0.000328151,0.00172578,-0.000564451
8800,793.072612,477,-0.000606189,0.00244753,-0.000575946
8800,1395.634634,478,-0.00127259,0.00415187,-0.000475641
9000,1942.728691,479,-0.0021014,0.00630314,-0.000359828
9000,2145.457386,480,-0.00267907,0.00784516,-0.000303114
9000,2010.35858,481,-0.00280706,0.0082574,-0.000296613
9000,1563.621713,482,-0.00255212,0.00740626,-0.000318103
9000,986.861246,483,-0.00182442,0.00567271,-0.000394969
9000,457.180103,484,-0.00112013,0.00369733,-0.000490383
9000,221.644804,485,-0.000494422,0.00217507,-0.000600852
9000,351.81412,486,-0.000324362,0.00171241,-0.000563066
9000,827.990633,487,-0.000633896,0.00250274,-0.000574638
9000,1425.624263,488,-0.00131635,0.00425477,-0.00047033
9200,1962.893638,489,-0.00216128,0.00642318,-0.000362127
9200,2148.614203,490,-0.00271335,0.00791654,-0.000307391
9200,2004.14159,491,-0.00282204,0.00826551,-0.000301808
9200,1538.061254,492,-0.00253108,0.00733603,-0.000324042
9200,953.296119,493,-0.00179705,0.00558363,-0.000414408
9200,442.990644,494,-0.00109586,0.00361283,-0.000509956
9200,226.363884,495,-0.000480439,0.00211545,-0.000604048
9200,373.863343,496,-0.000344191,0.00173799,-0.000561998
9200,855.129415,497,-0.000679706,0.00259059,-0.000575967
9200,1461.379896,498,-0.00136321,0.00435745,-0.000463055
9400,1983.815577,499,-0.00219686,0.00653967,-0.000354437
9400,2151.078452,500,-0.00272522,0.00799045,-0.000301246
9400,1979.128676,501,-0.00281452,0.00827347,-0.000297968
9400,1504.334981,502,-0.00249144,0.00726309,-0.000320351
9400,922.291864,503,-0.00174778,0.00548926,-0.000421617
9400,419.234173,504,-0.00104862,0.00352134,-0.000516523
9400,216.329799,505,-0.000456338,0.00207573,-0.000593764
9400,388.938634,506,-0.000331745,0.00175388,-0.000559535
9400,885.280037,507,-0.000707212,0.00267832,-0.00057499
9400,1485.635747,508,-0.00139193,0.00447867,-0.000453378
9600,1994.349026,509,-0.00222184,0.00662173,-0.000361442
9600,2145.795616,510,-0.00273464,0.00802986,-0.000310928
9600,1952.569572,511,-0.00280219,0.0082326,-0.00030391
9600,1466.211739,512,-0.00244547,0.00716216,-0.00032738
9600,882.284302,513,-0.00169043,0.00535036,-0.000441565
9600,393.432231,514,-0.000994556,0.00340404,-0.000530157
9600,209.629672,515,-0.000425099,0.00201059,-0.000589129
9600,403.562956,516,-0.000324731,0.00175064,-0.000566452
9600,907.796371,517,-0.000720219,0.00273713,-0.000590446
9600,1518.105736,518,-0.00142649,0.0045726,-0.000462517
9800,2023.114686,519,-0.0022192,0.00674236,-0.000377893
9800,2149.564469,520,-0.00269743,0.00808252,-0.000329852
9800,1934.256838,521,-0.00274702,0.00822732,-0.000322888
9800,1441.327748,522,-0.00237281,0.007109,-0.000344757
9800,862.409372,523,-0.00160532,0.00525876,-0.000456522
9800,392.208169,524,-0.000917371,0.00335324,-0.000544852
9800,224.350625,525,-0.00037286,0.00200936,-0.000610383
9800,433.149827,526,-0.000294386,0.00179864,-0.000579065
9800,954.101424,527,-0.000718058,0.00286501,-0.000588191
9800,1551.719269,528,-0.00141687,0.0047219,-0.000465662
10000,2149.451725,529,-0.0027878,0.00814383,-0.000290223
10000,1915.460921,530,-0.00281127,0.00820685,-0.000292371
10000,1415.880049,531,-0.00239675,0.00704069,-0.000319465
10000,827.298072,532,-0.00163881,0.00517212,-0.000424994
10000,362.460238,533,-0.000936896,0.00325308,-0.00052757
10000,220.050303,534,-0.000412144,0.00195468,-0.000575111
10000,448.353969,535,-0.000351035,0.00181375,-0.00056014
10000,974.523968,536,-0.000799418,0.00292967,-0.000564307
10000,1580.468746,537,-0.00151633,0.00481614,-0.000445752
10200,2045.212386,538,-0.00228681,0.00697154,-0.000351938
10200,2145.199687,539,-0.00274291,0.00820789,-0.000314383
10200,1893.427664,540,-0.00275617,0.00820835,-0.000320772
10200,1381.267959,541,-0.00231203,0.00699554,-0.000354951
10200,805.345459,542,-0.00155859,0.00509588,-0.000445309
10200,344.05099,543,-0.000850601,0.00319945,-0.0005574
10200,219.180575,544,-0.000365917,0.00196906,-0.000599835
10200,475.492719,545,-0.000328089,0.00188491,-0.00059151
10200,1009.715817,546,-0.000791748,0.00303654,-0.000580977
10200,1606.834521,547,-0.00152969,0.00497017,-0.000463242
10400,2065.812212,548,-0.0023758,0.00706341,-0.00033561
10400,2143.830659,549,-0.00279631,0.00822367,-0.000303954
10400,1870.492464,550,-0.00278373,0.0081642,-0.00030678
10400,1349.796572,551,-0.00230194,0.006901,-0.000346675
10400,770.797879,552,-0.00155371,0.00497703,-0.000428948
10400,333.630357,553,-0.000838679,0.00309771,-0.000549622
10400,227.442991,554,-0.000371501,0.00192021,-0.000578104
10400,499.2653,555,-0.000363164,0.00192211,-0.000579607
10400,1043.876879,556,-0.000860689,0.00314999,-0.000546017
10400,1648.791057,557,-0.00160121,0.00510156,-0.000437531
10600,2073.204958,558,-0.00242313,0.00713262,-0.000319805
10600,2135.906405,559,-0.00281907,0.0082324,-0.00028846
10600,1842.338865,560,-0.00278763,0.00810622,-0.000291694
10600,1318.003067,561,-0.00228606,0.00680166,-0.000343879
10600,738.891703,562,-0.00153854,0.0048581,-0.000419807
10600,311.532818,563,-0.000820982,0.00299166,-0.000547991
10600,224.237882,564,-0.000375577,0.00186616,-0.000553892
10600,518.979147,565,-0.000395071,0.00194119,-0.000565889
10600,1074.011417,566,-0.000908531,0.00321414,-0.000529377
10600,1665.026066,567,-0.00164792,0.00518558,-0.000428962
10800,2086.92744,568,-0.00246131,0.00724437,-0.000318631
10800,2122.924804,569,-0.00282785,0.00827778,-0.000291125
10800,1820.788804,570,-0.00276698,0.00807155,-0.000297326
10800,1291.476271,571,-0.00222818,0.00671306,-0.000359648
10800,711.527447,572,-0.0015058,0.0047704,-0.000434658
10800,299.517684,573,-0.000777127,0.00291553,-0.000561613
10800,230.358191,574,-0.0003598,0.00185873,-0.000556275
10800,547.519132,575,-0.000402905,0.00199717,-0.000585691
10800,1103.743305,576,-0.000947337,0.00332407,-0.000536587
10800,1694.677508,577,-0.0016789,0.00530288,-0.00043748
11000,2100.198951,578,-0.00250388,0.00734715,-0.000325369
11000,2125.389053,579,-0.00283881,0.00831088,-0.000299349
11000,1796.275208,580,-0.00275916,0.00803665,-0.000308187
11000,1260.294807,581,-0.00219661,0.00663326,-0.000369996
11000,686.434155,582,-0.00148015,0.0046838,-0.000447746
11000,287.889096,583,-0.000744379,0.00283675,-0.000579355
11000,237.299909,584,-0.000356687,0.00184094,-0.000564916
11000,580.536611,585,-0.000427501,0.00205472,-0.000601638
11000,1145.796379,586,-0.000996391,0.00343787,-0.000549546
11000,1727.195853,587,-0.00172177,0.0054339,-0.000443525
11200,2104.644262,588,-0.00255,0.00742944,-0.000301363
11200,2112.955063,589,-0.00286436,0.00833682,-0.000281035
11200,1770.102682,590,-0.00276297,0.00798732,-0.000295134
11200,1227.083975,591,-0.00216979,0.00653666,-0.000362213
11200,657.040536,592,-0.00145882,0.00457829,-0.000440319
11200,271.460897,593,-0.00073447,0.00276815,-0.000572608
11200,254.146865,594,-0.000361589,0.00182614,-0.000552546
11200,604.115924,595,-0.00045745,0.0021129,-0.000599849
11200,1177.219418,596,-0.00105051,0.00354662,-0.000530314
11200,1754.817928,597,-0.00176421,0.005545,-0.000424708
11400,2112.407452,598,-0.00256679,0.00752714,-0.000312336
11400,2101.551871,599,-0.00284989,0.00835634,-0.000302271
11400,1744.461663,600,-0.00272703,0.00793675,-0.000308041
11400,1191.924308,601,-0.00210522,0.00644775,-0.000373187
11400,630.417169,602,-0.00140719,0.00448636,-0.000456026
11400,261.378493,603,-0.000686667,0.00269673,-0.000581213
11400,255.177654,604,-0.00033918,0.00181435,-0.000559251
11400,633.235734,605,-0.000459179,0.00215798,-0.000606356
11400,1207.804946,606,-0.00107269,0.00364252,-0.000531364
11400,1776.931698,607,-0.00179488,0.0056689,-0.00041446
11600,1806.309353,608,-0.00184014,0.00577699,-0.000410018
11600,2120.009581,609,-0.00259328,0.00760901,-0.000311693
11600,2093.611514,610,-0.00286586,0.00838624,-0.000303343
11600,1721.478164,611,-0.0027119,0.0079042,-0.000310977
11600,1162.256832,612,-0.00206246,0.00636692,-0.000385769
11600,603.181771,613,-0.00137487,0.00439205,-0.000471315
11600,254.533411,614,-0.000662245,0.0026423,-0.000582919
11600,270.446214,615,-0.000341002,0.00182766,-0.000563435
11600,659.472556,616,-0.000487503,0.0022381,-0.000605443
11600,1242.336475,617,-0.00112551,0.00378605,-0.000523708
11800,1826.925256,618,-0.00188807,0.0058647,-0.000408428
11800,2121.845688,619,-0.00263099,0.00765471,-0.000307177
11800,2070.048142,620,-0.00287839,0.00836732,-0.000300357
11800,1687.719646,621,-0.00269932,0.00780882,-0.000310335
11800,1120.541986,622,-0.00202176,0.00621449,-0.000392895
11800,569.954911,623,-0.00133749,0.00423179,-0.000481167
11800,236.204696,624,-0.00063165,0.00251673,-0.000581917
11800,274.875385,625,-0.000339556,0.00176566,-0.00056623
11800,681.940555,626,-0.000513063,0.0022443,-0.000603078
11800,1270.634941,627,-0.00117309,0.00383361,-0.00052148
12000,1859.024864,628,-0.00190115,0.00599923,-0.000396066
12000,2133.989767,629,-0.00262489,0.00775899,-0.000300565
12000,2071.014515,630,-0.00284951,0.00841032,-0.000296919
12000,1671.629591,631,-0.00196928,0.00617569,-0.000387172
12000,553.671657,632,-0.00127507,0.00418339,-0.000485289
12000,240.649973,633,-0.000586693,0.00250498,-0.000576884
12000,300.629003,634,-0.000312764,0.00181037,-0.0005616
12000,717.325641,635,-0.000520791,0.00235231,-0.000592887
12000,1309.772834,636,-0.00119076,0.00397986,-0.000509317
12200,1886.163776,637,-0.0020084,0.00612558,-0.000361139
12200,2134.424634,638,-0.00270313,0.00781922,-0.000263239
12200,2052.47628,639,-0.00289429,0.0083994,-0.000258644
12200,1636.904714,640,-0.0026528,0.00771734,-0.00026543
12200,1064.943675,641,-0.00194944,0.00604806,-0.000354916
12200,528.852178,642,-0.00125089,0.00406344,-0.000464978
12200,231.244025,643,-0.00057119,0.00241551,-0.000546285
12200,312.611925,644,-0.000332676,0.00180932,-0.000530266
12200,743.691319,645,-0.000559184,0.00240414,-0.000557401
12200,1338.022989,646,-0.00124661,0.00406384,-0.000482961
12400,1902.398807,647,-0.00203528,0.00621395,-0.000378607
12400,2135.858087,648,-0.00272387,0.00786705,-0.000291737
12400,2028.220349,649,-0.00289968,0.00838577,-0.000279231
12400,1601.873824,650,-0.00263406,0.00763518,-0.000286717
12400,1025.596441,651,-0.00192496,0.00592192,-0.000382129
12400,493.499321,652,-0.00122297,0.00394191,-0.000489642
12400,226.073975,653,-0.000560553,0.0023393,-0.000564096
12400,329.007912,654,-0.0003422,0.00178799,-0.000543189
12400,775.74245,655,-0.000601902,0.00246781,-0.000560047
12400,1367.545533,656,-0.0013053,0.00416866,-0.000475938
12600,1930.359141,657,-0.00206865,0.00639688,-0.000383578
12600,2152.205887,658,-0.00273081,0.00799523,-0.000293283
12600,2023.404597,659,-0.00289934,0.00843414,-0.000279333
12600,1580.146626,660,-0.0025844,0.00761986,-0.00029785
12600,1006.526806,661,-0.00190086,0.00588861,-0.000387652
12600,486.976357,662,-0.00117159,0.0039003,-0.000506245
12600,223.287624,663,-0.000534701,0.00232325,-0.000575868
12600,344.743552,664,-0.00034201,0.00183793,-0.000554073
12600,806.82722,665,-0.000630398,0.00258327,-0.000571424
12600,1401.062401,666,-0.00134169,0.0043081,-0.000473343
