Machine_N_cycles,Machine_Load,Machine_Displacement,DIC_index,DIC_N_cycles,DIC_exx,DIC_eyy,DIC_exy,DIC_crack_length,Th_sN_cycles,Th_time,Th_specimen_max,Th_specimen_mean,Th_chamber,Th_uppergrips,Th_lowergrips
1,33.6676191655759,0.00334350061955641,,,,,,,,,,,,,
1,36.209903100809896,0.0036384514941249,,,,,,,,,,,,,
1,44.546229260713204,0.00393882044194399,,,,,,,,,,,,,
1,43.541140310081396,0.00408522251719763,,,,,,,,,,,,,
1,50.4585170991706,0.00441567493998751,,,,,,,,,,,,,
1,48.743953644811,0.00458857363423639,,,,,,,,,,,,,
1,53.8876439615593,0.00476274462868961,,,,,,,,,,,,,
1,50.5176399766322,0.004856138411414771,,,,,,,,,,,,,
1,53.2964151966018,0.00487954029641167,,,,,,,,,,,,,
1,50.4585170991706,0.00482107549004853,,,,,,,,,,,,,
1,49.571673935045396,0.00466969828323005,,,,,,,,,,,,,
1,45.0192122944915,0.00446165381917325,,,,,,,,,,,,,
1,41.5900852733418,0.00425549950589685,,,,,,,,,,,,,
1,34.850076813965,0.0038940002365139602,,,,,,,,,,,,,
1,31.480072497343002,0.0036384514941249,,,,,,,,,,,,,
1,25.153923888499104,0.00336515004486553,,,,,,,,,,,,,
1,21.2518134317984,0.0030334610235733302,,,,,,,,,,,,,
1,15.3986476054343,0.00283459584663281,,,,,,,,,,,,,
1,12.974609183649699,0.00254859365047415,,,,,,,,,,,,,
1,8.244778034429231,0.0024388349767726,,,,,,,,,,,,,
1,7.476180462454599,0.00225323010672643,,,,,,,,,,,,,
1,5.7024937470409,0.00221486165589078,,,,,,,,,,,,,
1,6.70758288763333,0.0022725112033523303,,,,,,,,,,,,,
1,6.94407444941972,0.0023015505782135897,,,,,,,,,,,,,
1,10.9053080692193,0.0024388349767726,,,,,,,,,,,,,
1,12.974609183649699,0.00255864893931193,,,,,,,,,,,,,
1,18.946020853692502,0.0027828776479843697,,,,,,,,,,,,,
1,21.4291820905628,0.00295977788067696,,,,,,,,,,,,,
1,29.056034269141303,0.00323575605808536,,,,,,,,,,,,,
100,35.086568342789,0.00480939854638788,,,,,,,,,,,,,
100,38.1018353102753,0.00505572145222738,,,,,,,,,,,,,
100,44.7827207777475,0.00542341647909093,,,,,,,,,,,,,
100,46.379038510128794,0.00565104965642052,,,,,,,,,,,,,
100,50.75413148629539,0.0058803234412898794,,,,,,,,,,,,,
100,50.8132543636654,0.00601378540612399,,,,,,,,,,,,,
100,54.4788727246706,0.006147764142423621,,,,,,,,,,,,,
100,51.9957119072065,0.00598948082447542,,,,,,,,,,,,,
100,53.4146609497409,0.00608680137229794,,,,,,,,,,,,,
100,48.4483392545728,0.00589243469214034,,,,,,,,,,,,,
100,46.2016698738521,0.00565104965642052,,,,,,,,,,,,,
100,40.939733590060705,0.00545924671154912,,,,,,,,,,,,,
100,37.510606496784504,0.005268648506038071,,,,,,,,,,,,,
100,31.1253351975081,0.00477440000132054,,,,,,,,,,,,,
100,27.755330817414798,0.00449619926353994,,,,,,,,,,,,,
100,21.96128806592,0.0041758607253672,,,,,,,,,,,,,
100,17.8818088857131,0.0038716309849823397,,,,,,,,,,,,,
100,12.678994740006699,0.0036164105880208295,,,,,,,,,,,,,
100,10.5505707332279,0.00339768564706648,,,,,,,,,,,,,
100,7.9491635840069295,0.0031928984183191,,,,,,,,,,,,,
100,7.12144312058286,0.00310760902998869,,,,,,,,,,,,,
100,5.82073952853899,0.00310760902998869,,,,,,,,,,,,,
100,8.77688404412633,0.00311823860524693,,,,,,,,,,,,,
100,8.65863826431181,0.00323575605808536,,,,,,,,,,,,,
100,13.5067151811337,0.00337598708543621,,,,,,,,,,,,,
100,15.6942620451494,0.0036054013330255297,,,,,,,,,,,,,
100,22.4342711539466,0.00388281218686971,,,,,,,,,,,,,
100,25.2130467736233,0.00414182370835264,,,,,,,,,,,,,
100,31.243580964190397,0.00448467831219101,,,,,,,,,,,,,
200,35.0274454606097,0.00500862596644897,,,,,,,,,,,,,
200,38.9886785271522,0.0053757091993526206,,,,,,,,,,,,,
200,42.7725428737149,0.00580774794209217,,,,,,,,,,,,,
200,47.2067588105869,0.00595305613017561,,,,,,,,,,,,,
200,50.872377241016906,0.00622105729163841,,,,,,,,,,,,,
200,51.7592203990865,0.00634354219968673,,,,,,,,,,,,,
200,52.823432183307894,0.0065033775130142295,,,,,,,,,,,,,
200,53.1781694433889,0.00646643249424107,,,,,,,,,,,,,
200,52.5278177994003,0.00639265009446094,,,,,,,,,,,,,
200,48.389216376470394,0.00624552147499376,,,,,,,,,,,,,
200,46.9702672965347,0.00609898551904665,,,,,,,,,,,,,
200,42.595174234119504,0.00578359137614815,,,,,,,,,,,,,
200,37.392360733871605,0.0054951192886773205,,,,,,,,,,,,,
200,32.3669157441445,0.005233049038510729,,,,,,,,,,,,,
200,28.2283138917539,0.00484444543641027,,,,,,,,,,,,,
200,23.202868669619104,0.0045307967394184,,,,,,,,,,,,,
200,17.8226859984395,0.00434688393613996,,,,,,,,,,,,,
200,7.12144312058286,0.0034520732547888,,,,,,,,,,,,,
200,5.87986241926286,0.00336515004486553,,,,,,,,,,,,,
200,9.6046045009354,0.00343029417435811,,,,,,,,,,,,,
200,12.974609183649699,0.00369368308377807,,,,,,,,,,,,,
200,15.3986476054343,0.0037602009307942702,,,,,,,,,,,,,
200,20.837953227408498,0.0040739215382059,,,,,,,,,,,,,
200,25.449538313945304,0.00436979044383603,,,,,,,,,,,,,
200,30.120246177856398,0.0046580922894867705,,,,,,,,,,,,,
300,32.5442843930268,0.0051738150286843605,,,,,,,,,,,,,
300,39.579907336161,0.00556699035552237,,,,,,,,,,,,,
300,41.1171022311718,0.00585611404732388,,,,,,,,,,,,,
300,47.9753562292416,0.00620883139263865,,,,,,,,,,,,,
300,48.507462132657004,0.006478743530958129,,,,,,,,,,,,,
300,51.640974644916106,0.00658972073588225,,,,,,,,,,,,,
300,50.872377241016906,0.00671339977607622,,,,,,,,,,,,,
300,53.710275332265795,0.00672578890705184,,,,,,,,,,,,,
300,51.9957119072065,0.006663881710101329,,,,,,,,,,,,,
300,50.04465695642529,0.00658972073588225,,,,,,,,,,,,,
300,45.96517835856171,0.006294499163289139,,,,,,,,,,,,,
300,44.132369105204894,0.0061111738776476,,,,,,,,,,,,,
300,37.510606496784504,0.00581983286043269,,,,,,,,,,,,,
300,34.4953395201951,0.00550708617556528,,,,,,,,,,,,,
300,27.577962164248,0.00520934061118228,,,,,,,,,,,,,
300,24.5626950362976,0.00478606078793821,,,,,,,,,,,,,
300,15.457770493411601,0.004266901228246379,,,,,,,,,,,,,
300,11.2600454045999,0.0038158285329659295,,,,,,,,,,,,,
300,9.308990052455382,0.00366052207203192,,,,,,,,,,,,,
300,6.53021421611695,0.0035943995818153705,,,,,,,,,,,,,
300,7.476180462454599,0.00355046820083979,,,,,,,,,,,,,
300,7.062320230211969,0.0035614396432786,,,,,,,,,,,,,
300,9.545481611273221,0.00367156841766074,,,,,,,,,,,,,
300,11.3782911829244,0.00383812870524842,,,,,,,,,,,,,
300,15.753384933041,0.003972506355176221,,,,,,,,,,,,,
300,25.5677840840014,0.0045307967394184,,,,,,,,,,,,,
300,28.8195427330966,0.00492640742666632,,,,,,,,,,,,,
400,39.7572759785135,0.0057232778054936,,,,,,,,,,,,,
400,40.7623649487875,0.00601378540612399,,,,,,,,,,,,,
400,47.38412744593471,0.00633127534112144,,,,,,,,,,,,,
400,53.946766837953604,0.0068374627400133794,,,,,,,,,,,,,
400,51.3453602591685,0.00689963611593561,,,,,,,,,,,,,
400,53.946766837953604,0.00689963611593561,,,,,,,,,,,,,
400,51.227114504740804,0.006912082038856421,,,,,,,,,,,,,
400,51.227114504740804,0.00678779191267276,,,,,,,,,,,,,
400,46.379038510128794,0.00649105853963125,,,,,,,,,,,,,
400,44.132369105204894,0.00635581311186186,,,,,,,,,,,,,
400,38.2200810727585,0.0061111738776476,,,,,,,,,,,,,
400,34.850076813965,0.005759452565963039,,,,,,,,,,,,,
400,27.8735765861049,0.00539955332308081,,,,,,,,,,,,,
400,25.272169658729997,0.00492640742666632,,,,,,,,,,,,,
400,18.768652192750302,0.0047045494783214,,,,,,,,,,,,,
400,16.6402282493583,0.0044041949245421895,,,,,,,,,,,,,
400,10.136710507133401,0.00393882044194399,,,,,,,,,,,,,
400,6.411968435021981,0.0037490966691945296,,,,,,,,,,,,,
400,7.476180462454599,0.00367156841766074,,,,,,,,,,,,,
400,6.11635398199044,0.0037602009307942702,,,,,,,,,,,,,
400,9.308990052455382,0.0037713123128219205,,,,,,,,,,,,,
400,10.6096936226022,0.00393882044194399,,,,,,,,,,,,,
400,16.1081222600309,0.0041191640549873105,,,,,,,,,,,,,
400,18.1183004346352,0.0044731631585393,,,,,,,,,,,,,
400,25.5677840840014,0.00466969828323005,,,,,,,,,,,,,
400,27.3414706264466,0.00500862596644897,,,,,,,,,,,,,
500,38.9295556461526,0.00578359137614815,,,,,,,,,,,,,
500,39.402538693646896,0.00622105729163841,,,,,,,,,,,,,
500,46.8520215393992,0.006478743530958129,,,,,,,,,,,,,
500,46.911144417976,0.00677538368700125,,,,,,,,,,,,,
500,51.4044831363548,0.00699930770787259,,,,,,,,,,,,,
500,52.1730805381034,0.00702426263535946,,,,,,,,,,,,,
500,45.0192122944915,0.0065033775130142295,,,,,,,,,,,,,
500,38.0427124290068,0.00619660963264666,,,,,,,,,,,,,
500,36.0325344552345,0.0058440159221308605,,,,,,,,,,,,,
500,28.996911385156498,0.005531033929110829,,,,,,,,,,,,,
500,25.863398508836003,0.005233049038510729,,,,,,,,,,,,,
500,19.2416352882513,0.00489124917917002,,,,,,,,,,,,,
500,17.6453173365157,0.00449619926353994,,,,,,,,,,,,,
500,6.175476872630349,0.00384928922005069,,,,,,,,,,,,,
500,7.771794913551201,0.0038269751346912797,,,,,,,,,,,,,
500,6.23459976325346,0.0038269751346912797,,,,,,,,,,,,,
500,10.0184647280968,0.0038604566546996204,,,,,,,,,,,,,
500,10.0184647280968,0.00401751408966264,,,,,,,,,,,,,
500,15.5760162693147,0.00425549950589685,,,,,,,,,,,,,
500,17.349702899632,0.00449619926353994,,,,,,,,,,,,,
500,24.740063692141298,0.00477440000132054,,,,,,,,,,,,,
500,26.4546273571934,0.00511470533343815,,,,,,,,,,,,,
600,39.284292931881,0.00595305613017561,,,,,,,,,,,,,
600,38.9295556461526,0.006233287321720861,,,,,,,,,,,,,
600,47.1476359321012,0.006565031598962929,,,,,,,,,,,,,
600,46.6746529035594,0.00687475549860747,,,,,,,,,,,,,
600,52.823432183307894,0.007061722597440691,,,,,,,,,,,,,
600,50.75413148629539,0.00713674117404778,,,,,,,,,,,,,
600,54.7153642293976,0.00724951324864001,,,,,,,,,,,,,
600,50.872377241016906,0.00724951324864001,,,,,,,,,,,,,
600,52.35044916883471,0.007174299463990209,,,,,,,,,,,,,
600,46.7337757821909,0.00702426263535946,,,,,,,,,,,,,
600,45.3739495690629,0.0067629792669632,,,,,,,,,,,,,
600,39.2251700509712,0.00633127534112144,,,,,,,,,,,,,
600,36.091657337110796,0.00603810706969002,,,,,,,,,,,,,
600,29.3516486888012,0.00569918371134557,,,,,,,,,,,,,
600,26.277258702869897,0.00536379430158471,,,,,,,,,,,,,
600,19.5372497223788,0.00506750809004421,,,,,,,,,,,,,
600,17.172334237295402,0.00478606078793821,,,,,,,,,,,,,
600,11.3782911829244,0.00439272082512619,,,,,,,,,,,,,
600,10.7279394012999,0.00419858352897774,,,,,,,,,,,,,
600,5.93898530996995,0.00404005749480768,,,,,,,,,,,,,
600,7.89004069387188,0.00380468892484926,,,,,,,,,,,,,
600,5.82073952853899,0.00388281218686971,,,,,,,,,,,,,
600,10.1958333966263,0.00404005749480768,,,,,,,,,,,,,
600,9.486358721594131,0.004266901228246379,,,,,,,,,,,,,
600,14.393558507203199,0.00445015031078536,,,,,,,,,,,,,
600,16.521982474072303,0.0045307967394184,,,,,,,,,,,,,
600,24.089711953280602,0.0047510946843335395,,,,,,,,,,,,,
600,26.0998900483889,0.005032163471116621,,,,,,,,,,,,,
700,37.451483615337,0.0058803234412898794,,,,,,,,,,,,,
700,39.284292931881,0.00627000211970599,,,,,,,,,,,,,
700,46.497284267555706,0.00660207116949234,,,,,,,,,,,,,
700,46.911144417976,0.00694944218839481,,,,,,,,,,,,,
700,52.054834784190504,0.00718682611386523,,,,,,,,,,,,,
700,50.6950086089072,0.00728716842900265,,,,,,,,,,,,,
700,54.4788727246706,0.007400325270572341,,,,,,,,,,,,,
700,51.3453602591685,0.0073122896616216095,,,,,,,,,,,,,
700,52.113957661156206,0.00729972727120745,,,,,,,,,,,,,
700,47.2067588105869,0.0071117204230209405,,,,,,,,,,,,,
700,46.08342411624329,0.00682503935758609,,,,,,,,,,,,,
700,39.9937675013985,0.006565031598962929,,,,,,,,,,,,,
700,36.9785005631131,0.00622105729163841,,,,,,,,,,,,,
700,30.4158605959305,0.00592879455345872,,,,,,,,,,,,,
700,20.6605845681246,0.0051738150286843605,,,,,,,,,,,,,
700,17.2314571247581,0.00482107549004853,,,,,,,,,,,,,
700,9.66372739058065,0.0041191640549873105,,,,,,,,,,,,,
700,10.254956286102301,0.004187218994421729,,,,,,,,,,,,,
700,14.097944065606802,0.00436979044383603,,,,,,,,,,,,,
700,16.521982474072303,0.00461172407306035,,,,,,,,,,,,,
700,23.025500012416895,0.00489124917917002,,,,,,,,,,,,,
700,26.868487550002104,0.00515015614974248,,,,,,,,,,,,,
800,35.796042927551,0.00601378540612399,,,,,,,,,,,,,
800,40.8806107096543,0.00635581311186186,,,,,,,,,,,,,
800,43.600263189675296,0.00675057865918612,,,,,,,,,,,,,
800,47.3250045675037,0.00701178332946444,,,,,,,,,,,,,
800,50.6358857315005,0.00727461314069675,,,,,,,,,,,,,
800,53.0599236901023,0.00751376589739283,,,,,,,,,,,,,
800,51.936589030204104,0.007576909626057209,,,,,,,,,,,,,
800,52.113957661156206,0.007400325270572341,,,,,,,,,,,,,
800,48.566585010722896,0.007236968656368541,,,,,,,,,,,,,
800,45.84693260080729,0.007061722597440691,,,,,,,,,,,,,
800,40.23025902399579,0.00672578890705184,,,,,,,,,,,,,
800,36.505517509745204,0.00638036706677691,,,,,,,,,,,,,
800,31.716564030212698,0.00607462144566802,,,,,,,,,,,,,
800,26.868487550002104,0.0057353315858566,,,,,,,,,,,,,
800,20.719707454569896,0.00535188419438269,,,,,,,,,,,,,
800,17.8818088857131,0.00498510903966761,,,,,,,,,,,,,
800,13.8614525120224,0.00473945018262314,,,,,,,,,,,,,
800,10.3140791755613,0.00445015031078536,,,,,,,,,,,,,
800,8.54039248442975,0.004209954309522,,,,,,,,,,,,,
800,7.35793468189804,0.004096529943477221,,,,,,,,,,,,,
800,5.93898530996995,0.00408522251719763,,,,,,,,,,,,,
800,8.244778034429231,0.00414182370835264,,,,,,,,,,,,,
800,9.368112942185212,0.00425549950589685,,,,,,,,,,,,,
800,13.4475922925926,0.00446165381917325,,,,,,,,,,,,,
800,16.521982474072303,0.0046580922894867705,,,,,,,,,,,,,
800,21.547427862985803,0.00496161279331602,,,,,,,,,,,,,
800,24.976555233021898,0.0053280783955071895,,,,,,,,,,,,,
800,31.243580964190397,0.00568714341657017,,,,,,,,,,,,,
900,34.0223564608392,0.00606244574745905,,,,,,,,,,,,,
900,40.6441191878487,0.00654035814939086,,,,,,,,,,,,,
900,43.1864030321383,0.00680020393737506,,,,,,,,,,,,,
900,48.093601985684,0.007061722597440691,,,,,,,,,,,,,
900,48.093601985684,0.007337425064417509,,,,,,,,,,,,,
900,53.0599236901023,0.00751376589739283,,,,,,,,,,,,,
900,52.2913262919427,0.007589548676538041,,,,,,,,,,,,,
900,52.9416779367419,0.0076021911496201595,,,,,,,,,,,,,
900,52.1730805381034,0.0075516418139571,,,,,,,,,,,,,
900,50.222025589140394,0.00734999806551828,,,,,,,,,,,,,
900,45.7286868429803,0.00713674117404778,,,,,,,,,,,,,
900,42.1813140744311,0.0068374627400133794,,,,,,,,,,,,,
900,36.8602547998783,0.00655269290972369,,,,,,,,,,,,,
900,32.4851615100838,0.00618439201962072,,,,,,,,,,,,,
900,27.1641019729114,0.0058440159221308605,,,,,,,,,,,,,
900,23.9123432968617,0.00541148252742216,,,,,,,,,,,,,
900,17.704440223840802,0.00507929980942001,,,,,,,,,,,,,
900,14.807418724720499,0.00479772697433589,,,,,,,,,,,,,
900,10.373202065003301,0.0045307967394184,,,,,,,,,,,,,
900,8.83600693400825,0.004358334196967011,,,,,,,,,,,,,
900,5.7024937470409,0.00425549950589685,,,,,,,,,,,,,
900,7.35793468189804,0.00424410393391845,,,,,,,,,,,,,
900,7.65354913316311,0.00425549950589685,,,,,,,,,,,,,
900,9.486358721594131,0.00432400144387162,,,,,,,,,,,,,
900,12.3242574070733,0.0045654458071286794,,,,,,,,,,,,,
900,17.349702899632,0.00472781113801191,,,,,,,,,,,,,
900,20.010232816084898,0.005020392152912829,,,,,,,,,,,,,
900,25.686029853987698,0.00536379430158471,,,,,,,,,,,,,
900,30.3567377123509,0.005747389842478579,,,,,,,,,,,,,
1000,33.1946361042305,0.0061111738776476,,,,,,,,,,,,,
1000,41.057979350819394,0.00655269290972369,,,,,,,,,,,,,
1000,41.412716632663205,0.00693698508141107,,,,,,,,,,,,,
1000,48.507462132657004,0.0072244276409549,,,,,,,,,,,,,
1000,47.916233350993096,0.00743810747954867,,,,,,,,,,,,,
1000,52.6460635530186,0.00761483704006105,,,,,,,,,,,,,
1000,51.4636060135227,0.00774148275821,,,,,,,,,,,,,
1000,53.946766837953604,0.007754165898518,,,,,,,,,,,,,
1000,51.522728890672205,0.00769078385584718,,,,,,,,,,,,,
1000,49.9855340788169,0.007576909626057209,,,,,,,,,,,,,
1000,42.831665753544,0.0070367456194042706,,,,,,,,,,,,,
1000,37.037623444703605,0.00675057865918612,,,,,,,,,,,,,
1000,33.963233578339704,0.00631901254377095,,,,,,,,,,,,,
1000,26.6911188960463,0.00603810706969002,,,,,,,,,,,,,
1000,24.148834838718802,0.00562700984984596,,,,,,,,,,,,,
1000,17.586194449173302,0.00528052476976192,,,,,,,,,,,,,
1000,15.5760162693147,0.00492640742666632,,,,,,,,,,,,,
1000,10.0775876176236,0.0046464918564073894,,,,,,,,,,,,,
1000,9.6046045009354,0.0044271608542365,,,,,,,,,,,,,
1000,6.411968435021981,0.004289723049211221,,,,,,,,,,,,,
1000,8.1856551443785,0.004289723049211221,,,,,,,,,,,,,
1000,7.35793468189804,0.004358334196967011,,,,,,,,,,,,,
1000,10.9053080692193,0.00434688393613996,,,,,,,,,,,,,
1000,11.496536961180901,0.00455389041227495,,,,,,,,,,,,,
1000,16.9949655748043,0.00480939854638788,,,,,,,,,,,,,
1000,19.300758175111397,0.00510289844339803,,,,,,,,,,,,,
1000,26.3363815876619,0.0053280783955071895,,,,,,,,,,,,,
1000,29.174280037058,0.00571122851082897,,,,,,,,,,,,,
2000,33.0172674559332,0.00698683577675989,,,,,,,,,,,,,
2000,38.0427124290068,0.007375154639069991,,,,,,,,,,,,,
2000,41.057979350819394,0.0078430415625128,,,,,,,,,,,,,
2000,47.088513053597204,0.00817456280438951,,,,,,,,,,,,,
2000,48.389216376470394,0.00855976953412933,,,,,,,,,,,,,
2000,52.2913262919427,0.008701709981365059,,,,,,,,,,,,,
2000,51.3453602591685,0.00881811543931579,,,,,,,,,,,,,
2000,53.946766837953604,0.00893476292172898,,,,,,,,,,,,,
2000,51.286237381963794,0.008805169495582221,,,,,,,,,,,,,
2000,51.4636060135227,0.00859844397526036,,,,,,,,,,,,,
2000,45.84693260080729,0.00850824658855706,,,,,,,,,,,,,
2000,44.3097377433887,0.008187357317827021,,,,,,,,,,,,,
2000,38.6930641219748,0.007881181046372891,,,,,,,,,,,,,
2000,34.6135852848562,0.00751376589739283,,,,,,,,,,,,,
2000,28.346559660163003,0.00709921549805885,,,,,,,,,,,,,
2000,24.5626950362976,0.00662678373204346,,,,,,,,,,,,,
2000,19.655495495908898,0.00625775974359778,,,,,,,,,,,,,
2000,15.516893381371698,0.00589243469214034,,,,,,,,,,,,,
2000,12.087765851443999,0.00560298829453349,,,,,,,,,,,,,
2000,10.136710507133401,0.005244910628991,,,,,,,,,,,,,
2000,7.0031973398242595,0.005091096597975829,,,,,,,,,,,,,
2000,6.8849515589983605,0.00505572145222738,,,,,,,,,,,,,
2000,6.53021421611695,0.00506750809004421,,,,,,,,,,,,,
2000,8.65863826431181,0.0051856519327809795,,,,,,,,,,,,,
2000,10.4914478438367,0.0053399788886907395,,,,,,,,,,,,,
2000,15.753384933041,0.00561499678586691,,,,,,,,,,,,,
2000,18.413914870400397,0.0058440159221308605,,,,,,,,,,,,,
2000,24.976555233021898,0.006147764142423621,,,,,,,,,,,,,
2000,28.405682544341303,0.0066515118420595,,,,,,,,,,,,,
3000,35.7369200455855,0.00790662390852549,,,,,,,,,,,,,
3000,43.541140310081396,0.00836681381288958,,,,,,,,,,,,,
3000,43.06815727267921,0.00875341567789368,,,,,,,,,,,,,
3000,51.522728890672205,0.00903865047847425,,,,,,,,,,,,,
3000,48.507462132657004,0.00928612973816115,,,,,,,,,,,,,
3000,54.0058897143293,0.00953463941992704,,,,,,,,,,,,,
3000,50.990622995665,0.00961332641161252,,,,,,,,,,,,,
3000,53.8285210851466,0.009547746966689209,,,,,,,,,,,,,
3000,49.9855340788169,0.00945605281714506,,,,,,,,,,,,,
3000,47.7979875944412,0.009246984937275821,,,,,,,,,,,,,
3000,43.718508948808605,0.00896071716768524,,,,,,,,,,,,,
3000,40.8214878292299,0.00858554943344715,,,,,,,,,,,,,
3000,33.6676191655759,0.00814898337677462,,,,,,,,,,,,,
3000,31.775686913385897,0.00779223543407418,,,,,,,,,,,,,
3000,24.148834838718802,0.007324855594574991,,,,,,,,,,,,,
3000,21.9021651798386,0.006912082038856421,,,,,,,,,,,,,
3000,14.9256645010001,0.00654035814939086,,,,,,,,,,,,,
3000,13.743206735127801,0.006172178561552471,,,,,,,,,,,,,
3000,8.54039248442975,0.005904550300353579,,,,,,,,,,,,,
3000,8.59951537437922,0.0057353315858566,,,,,,,,,,,,,
3000,5.1703877294689695,0.00560298829453349,,,,,,,,,,,,,
3000,7.89004069387188,0.00557898506940312,,,,,,,,,,,,,
3000,8.06740936422644,0.0057353315858566,,,,,,,,,,,,,
3000,11.555659850283599,0.00589243469214034,,,,,,,,,,,,,
3000,13.3884694040344,0.006001630975805001,,,,,,,,,,,,,
3000,19.5372497223788,0.00639265009446094,,,,,,,,,,,,,
3000,21.488304976783,0.0067629792669632,,,,,,,,,,,,,
3000,30.474983479492398,0.00709921549805885,,,,,,,,,,,,,
3000,30.5932292465632,0.00762748634263572,,,,,,,,,,,,,
4000,37.2149920893681,0.008405349046617891,,,,,,,,,,,,,
4000,40.7623649487875,0.00885697118221369,,,,,,,,,,,,,
4000,44.9009665361558,0.00928612973816115,,,,,,,,,,,,,
4000,47.916233350993096,0.009731543555172441,,,,,,,,,,,,,
4000,51.0497458729615,0.0099950392776609,,,,,,,,,,,,,
4000,52.35044916883471,0.010087516944230998,,,,,,,,,,,,,
4000,52.1730805381034,0.0101933649304691,,,,,,,,,,,,,
4000,53.1190465667548,0.0102198532944132,,,,,,,,,,,,,
4000,51.1679916274994,0.009942253702589141,,,,,,,,,,,,,
4000,48.80307652280379,0.00986315605460511,,,,,,,,,,,,,
4000,45.0192122944915,0.00965270732768032,,,,,,,,,,,,,
4000,41.2353479918224,0.00922090272103846,,,,,,,,,,,,,
4000,35.914288691428496,0.00885697118221369,,,,,,,,,,,,,
4000,30.9479665473521,0.00850824658855706,,,,,,,,,,,,,
4000,26.4546273571934,0.00802127941385521,,,,,,,,,,,,,
4000,21.488304976783,0.0075516418139571,,,,,,,,,,,,,
4000,18.0000546602086,0.007174299463990209,,,,,,,,,,,,,
4000,10.0775876176236,0.006404937145642779,,,,,,,,,,,,,
4000,7.1805660109369,0.006233287321720861,,,,,,,,,,,,,
4000,7.476180462454599,0.00606244574745905,,,,,,,,,,,,,
4000,6.76670577810516,0.0061233664398693205,,,,,,,,,,,,,
4000,7.35793468189804,0.006147764142423621,,,,,,,,,,,,,
4000,10.0775876176236,0.006404937145642779,,,,,,,,,,,,,
4000,14.038821177236303,0.006478743530958129,,,,,,,,,,,,,
4000,18.2365462089929,0.00684988989530841,,,,,,,,,,,,,
4000,21.96128806592,0.00716177642012968,,,,,,,,,,,,,
4000,26.6319960113594,0.0076021911496201595,,,,,,,,,,,,,
5000,37.333237852388294,0.00889585371107089,,,,,,,,,,,,,
5000,38.57481835977829,0.0093253002257212,,,,,,,,,,,,,
5000,45.5513182061034,0.00974469253219549,,,,,,,,,,,,,
5000,45.1374580527546,0.0101404197957614,,,,,,,,,,,,,
5000,51.227114504740804,0.0104986105724905,,,,,,,,,,,,,
5000,49.630796812782,0.0106584099234786,,,,,,,,,,,,,
5000,54.4197498484426,0.0106717430553958,,,,,,,,,,,,,
5000,50.6358857315005,0.0107651456297027,,,,,,,,,,,,,
5000,52.7051864298001,0.0106450793229401,,,,,,,,,,,,,
5000,47.0293901750751,0.010418849082102,,,,,,,,,,,,,
5000,47.088513053597204,0.0102463521578632,,,,,,,,,,,,,
5000,39.8163988592617,0.00990269273870009,,,,,,,,,,,,,
5000,37.333237852388294,0.0095084326954339,,,,,,,,,,,,,
5000,30.474983479492398,0.00905164961602193,,,,,,,,,,,,,
5000,28.523928312645,0.00861134157302616,,,,,,,,,,,,,
5000,21.1335676592022,0.0081617714891928,,,,,,,,,,,,,
5000,18.1183004346352,0.007766852394610309,,,,,,,,,,,,,
5000,13.033732072327302,0.00729972727120745,,,,,,,,,,,,,
5000,11.4374140720611,0.00702426263535946,,,,,,,,,,,,,
5000,6.94407444941972,0.0066515118420595,,,,,,,,,,,,,
5000,7.71267202336558,0.00654035814939086,,,,,,,,,,,,,
5000,5.5842479654756705,0.00646643249424107,,,,,,,,,,,,,
5000,8.30390092446308,0.00654035814939086,,,,,,,,,,,,,
5000,8.363023814480059,0.0067629792669632,,,,,,,,,,,,,
5000,14.393558507203199,0.006912082038856421,,,,,,,,,,,,,
5000,22.729885583399,0.007539013062911109,,,,,,,,,,,,,
5000,25.0948010033575,0.00794481291402152,,,,,,,,,,,,,
6000,33.1355132214825,0.00916877277979322,,,,,,,,,,,,,
6000,40.3485047851866,0.009547746966689209,,,,,,,,,,,,,
6000,41.826576793994,0.0101536521228636,,,,,,,,,,,,,
6000,47.5614960811183,0.0103922825401241,,,,,,,,,,,,,
6000,48.034479107472,0.0108319371020227,,,,,,,,,,,,,
6000,54.0650125906866,0.0110192842149564,,,,,,,,,,,,,
6000,51.8774661531833,0.0110997238541575,,,,,,,,,,,,,
6000,53.769398208715494,0.0112877576901493,,,,,,,,,,,,,
6000,51.936589030204104,0.011180251508181999,,,,,,,,,,,,,
6000,50.16290271158711,0.0109523188117751,,,,,,,,,,,,,
6000,45.492195327108,0.0107117576122474,,,,,,,,,,,,,
6000,42.7725428737149,0.0103922825401241,,,,,,,,,,,,,
6000,36.8011319182341,0.009981838862124759,,,,,,,,,,,,,
6000,33.4902505177045,0.009560857298648709,,,,,,,,,,,,,
6000,27.3414706264466,0.00912970561729343,,,,,,,,,,,,,
6000,23.9123432968617,0.00854688418487996,,,,,,,,,,,,,
6000,17.7635631111488,0.0081617714891928,,,,,,,,,,,,,
6000,15.516893381371698,0.0077034535224634,,,,,,,,,,,,,
6000,10.254956286102301,0.0073877382003563405,,,,,,,,,,,,,
6000,9.07249849336701,0.007074216579236509,,,,,,,,,,,,,
6000,5.87986241926286,0.00687475549860747,,,,,,,,,,,,,
6000,7.771794913551201,0.0068374627400133794,,,,,,,,,,,,,
6000,7.65354913316311,0.00692453169612717,,,,,,,,,,,,,
6000,9.6046045009354,0.007049232275467659,,,,,,,,,,,,,
6000,10.7279394012999,0.00721189020818912,,,,,,,,,,,,,
6000,16.7584740245756,0.007539013062911109,,,,,,,,,,,,,
6000,20.601461681662,0.00780493196744958,,,,,,,,,,,,,
6000,25.686029853987698,0.00831547736702342,,,,,,,,,,,,,
6000,28.7012969649687,0.008701709981365059,,,,,,,,,,,,,
7000,32.5442843930268,0.00945605281714506,,,,,,,,,,,,,
7000,39.520784455341,0.010021448133791999,,,,,,,,,,,,,
7000,41.1171022311718,0.0104454259499268,,,,,,,,,,,,,
7000,47.5614960811183,0.0109255499431834,,,,,,,,,,,,,
7000,48.4483392545728,0.0112339852401517,,,,,,,,,,,,,
7000,52.113957661156206,0.0115437007759649,,,,,,,,,,,,,
7000,51.0497458729615,0.0115706920900577,,,,,,,,,,,,,
7000,54.0058897143293,0.0116652359010095,,,,,,,,,,,,,
7000,50.3993942216905,0.0116247030172574,,,,,,,,,,,,,
7000,50.8132543636654,0.0114223571774125,,,,,,,,,,,,,
7000,44.3097377433887,0.0110997238541575,,,,,,,,,,,,,
7000,43.777631828348206,0.0108586711850295,,,,,,,,,,,,,
7000,38.0427124290068,0.0104587182489389,,,,,,,,,,,,,
7000,33.963233578339704,0.009955446071499629,,,,,,,,,,,,,
7000,28.405682544341303,0.009547746966689209,,,,,,,,,,,,,
7000,24.444449265647997,0.00911668901933843,,,,,,,,,,,,,
7000,18.946020853692502,0.00867587525814803,,,,,,,,,,,,,
7000,15.6942620451494,0.00820015502498125,,,,,,,,,,,,,
7000,11.3782911829244,0.007754165898518,,,,,,,,,,,,,
7000,9.486358721594131,0.00751376589739283,,,,,,,,,,,,,
7000,6.76670577810516,0.00727461314069675,,,,,,,,,,,,,
7000,7.0031973398242595,0.007174299463990209,,,,,,,,,,,,,
7000,6.175476872630349,0.00727461314069675,,,,,,,,,,,,,
7000,9.90021894899245,0.00736257459226643,,,,,,,,,,,,,
7000,10.4323249544285,0.0075516418139571,,,,,,,,,,,,,
7000,16.3446138110146,0.00774148275821,,,,,,,,,,,,,
7000,18.532160644586,0.00812341677849527,,,,,,,,,,,,,
7000,25.0356781181985,0.00858554943344715,,,,,,,,,,,,,
7000,27.755330817414798,0.00905164961602193,,,,,,,,,,,,,
8000,34.6135852848562,0.00979731576678908,,,,,,,,,,,,,
8000,35.67779716360221,0.0102596055195481,,,,,,,,,,,,,
8000,43.659386069251006,0.0107651456297027,,,,,,,,,,,,,
8000,44.132369105204894,0.0111936813027025,,,,,,,,,,,,,
8000,50.2811484666755,0.0115571952519386,,,,,,,,,,,,,
8000,48.15272486387779,0.0118953188380012,,,,,,,,,,,,,
8000,53.8285210851466,0.0121668567656525,,,,,,,,,,,,,
8000,51.3453602591685,0.0121260679847734,,,,,,,,,,,,,
8000,53.1190465667548,0.0119766842012597,,,,,,,,,,,,,
8000,48.862199400778294,0.0118953188380012,,,,,,,,,,,,,
8000,49.335182423915796,0.011705789876859,,,,,,,,,,,,,
8000,42.3586827144059,0.0113281123416546,,,,,,,,,,,,,
8000,40.1711361433735,0.010938933139702,,,,,,,,,,,,,
8000,33.549373400346106,0.0105119131464731,,,,,,,,,,,,,
8000,30.534106363036603,0.0101007386825776,,,,,,,,,,,,,
8000,24.326203494928603,0.00957397041245657,,,,,,,,,,,,,
8000,21.6065507491713,0.00907765664533083,,,,,,,,,,,,,
8000,15.5760162693147,0.00865005266112393,,,,,,,,,,,,,
8000,13.3884694040344,0.008264191309140221,,,,,,,,,,,,,
8000,9.07249849336701,0.00791935028688699,,,,,,,,,,,,,
8000,8.30390092446308,0.0076021911496201595,,,,,,,,,,,,,
8000,5.347756402143889,0.007501147493600909,,,,,,,,,,,,,
8000,7.83091780371997,0.007564274003437579,,,,,,,,,,,,,
8000,7.89004069387188,0.0076527951633725295,,,,,,,,,,,,,
8000,11.9103971845435,0.00781763183661691,,,,,,,,,,,,,
8000,13.5067151811337,0.00803403524578643,,,,,,,,,,,,,
8000,19.832864156074603,0.008405349046617891,,,,,,,,,,,,,
8000,22.729885583399,0.00879222654364373,,,,,,,,,,,,,
8000,29.8837546430797,0.00929918371798487,,,,,,,,,,,,,
8000,31.420949614081398,0.00981047839101838,,,,,,,,,,,,,
9000,32.2486699781344,0.009955446071499629,,,,,,,,,,,,,
9000,36.8011319182341,0.010485310563036,,,,,,,,,,,,,
9000,41.5309623931336,0.0110729008347013,,,,,,,,,,,,,
9000,44.841843656960705,0.0115437007759649,,,,,,,,,,,,,
9000,50.990622995665,0.0121532582409183,,,,,,,,,,,,,
9000,52.054834784190504,0.0123438426217355,,,,,,,,,,,,,
9000,53.3555380731806,0.0123711048437146,,,,,,,,,,,,,
9000,50.2811484666755,0.0122621096445379,,,,,,,,,,,,,
9000,48.15272486387779,0.0120038243474301,,,,,,,,,,,,,
9000,43.06815727267921,0.0116382116310994,,,,,,,,,,,,,
9000,40.1120132627331,0.0114223571774125,,,,,,,,,,,,,
9000,34.9091996961977,0.0109121692248167,,,,,,,,,,,,,
9000,30.6523521300722,0.0104321362267038,,,,,,,,,,,,,
9000,25.863398508836003,0.00990269273870009,,,,,,,,,,,,,
9000,16.9949655748043,0.008999670618927159,,,,,,,,,,,,,
9000,12.7381176287694,0.00855976953412933,,,,,,,,,,,,,
9000,9.722850280208991,0.0082129559213424,,,,,,,,,,,,,
9000,7.41705757218474,0.00802127941385521,,,,,,,,,,,,,
9000,7.0031973398242595,0.00780493196744958,,,,,,,,,,,,,
9000,7.476180462454599,0.00783033503661851,,,,,,,,,,,,,
9000,10.7870622906233,0.00803403524578643,,,,,,,,,,,,,
9000,13.6249609581649,0.008302651117718121,,,,,,,,,,,,,
9000,18.3547919832818,0.00865005266112393,,,,,,,,,,,,,
9000,21.9021651798386,0.00905164961602193,,,,,,,,,,,,,
9000,28.464805428501897,0.00957397041245657,,,,,,,,,,,,,
10000,38.3974497163491,0.0106850787159714,,,,,,,,,,,,,
10000,39.875521739991896,0.0112608666352631,,,,,,,,,,,,,
10000,46.6746529035594,0.011705789876859,,,,,,,,,,,,,
10000,45.906055479693606,0.0121396619799127,,,,,,,,,,,,,
10000,52.8825550600341,0.0124256560325171,,,,,,,,,,,,,
10000,50.3993942216905,0.0125758547143385,,,,,,,,,,,,,
10000,55.2474701139516,0.0127400112756413,,,,,,,,,,,,,
10000,51.1088687502396,0.0127400112756413,,,,,,,,,,,,,
10000,52.054834784190504,0.0126305385451413,,,,,,,,,,,,,
10000,47.2067588105869,0.012493894995503,,,,,,,,,,,,,
10000,46.26079275262921,0.0120717147057904,,,,,,,,,,,,,
10000,39.0478014081339,0.0117463648828262,,,,,,,,,,,,,
10000,37.333237852388294,0.0113281123416546,,,,,,,,,,,,,
10000,29.647263108021,0.0108453028965947,,,,,,,,,,,,,
10000,26.8093646653677,0.0103259115106084,,,,,,,,,,,,,
10000,21.6065507491713,0.00987633224632801,,,,,,,,,,,,,
10000,18.295669096146,0.0094037178812362,,,,,,,,,,,,,
10000,12.856363406243599,0.00892179022659166,,,,,,,,,,,,,
10000,10.8461851799298,0.00853400190809399,,,,,,,,,,,,,
10000,6.471091325577871,0.008264191309140221,,,,,,,,,,,,,
10000,8.30390092446308,0.00808509101617152,,,,,,,,,,,,,
10000,5.93898530996995,0.00800852683555985,,,,,,,,,,,,,
10000,8.71776115422751,0.00811063830178034,,,,,,,,,,,,,
10000,8.895129823873289,0.00827700808436878,,,,,,,,,,,,,
10000,15.2212789413998,0.00858554943344715,,,,,,,,,,,,,
10000,15.6351391572406,0.00888288989834855,,,,,,,,,,,,,
10000,23.8532204113539,0.0092730786124061,,,,,,,,,,,,,
10000,24.148834838718802,0.00978415586559153,,,,,,,,,,,,,
11000,34.6135852848562,0.0109255499431834,,,,,,,,,,,,,
11000,41.057979350819394,0.0114493057818724,,,,,,,,,,,,,
11000,43.127280152417796,0.0119495532225611,,,,,,,,,,,,,
11000,48.034479107472,0.0124120148973658,,,,,,,,,,,,,
11000,49.3943053017257,0.0127674012553807,,,,,,,,,,,,,
11000,53.2964151966018,0.0129731019461566,,,,,,,,,,,,,
11000,51.9957119072065,0.0131930473460308,,,,,,,,,,,,,
11000,53.4146609497409,0.0131655244313291,,,,,,,,,,,,,
11000,50.9315001183502,0.0130143001520515,,,,,,,,,,,,,
11000,48.9804451566724,0.0127810995040265,,,,,,,,,,,,,
11000,45.96517835856171,0.0124529449663987,,,,,,,,,,,,,
11000,40.4667505463054,0.012180457551982,,,,,,,,,,,,,
11000,35.9734115733404,0.0117869608573259,,,,,,,,,,,,,
11000,32.3077928611483,0.0112205481711676,,,,,,,,,,,,,
11000,26.4546273571934,0.0106317512565073,,,,,,,,,,,,,
11000,22.848131355058303,0.0102331014151726,,,,,,,,,,,,,
11000,18.0000546602086,0.00978415586559153,,,,,,,,,,,,,
11000,14.452681395471199,0.00929918371798487,,,,,,,,,,,,,
11000,10.3140791755613,0.00889585371107089,,,,,,,,,,,,,
11000,8.65863826431181,0.00850824658855706,,,,,,,,,,,,,
11000,6.58933710663923,0.008405349046617891,,,,,,,,,,,,,
11000,8.06740936422644,0.00827700808436878,,,,,,,,,,,,,
11000,7.476180462454599,0.00843105480405005,,,,,,,,,,,,,
11000,9.6046045009354,0.00844391235040005,,,,,,,,,,,,,
11000,12.856363406243599,0.00877928658742412,,,,,,,,,,,,,
11000,16.7584740245756,0.00902565426395404,,,,,,,,,,,,,
11000,20.897076113801898,0.00945605281714506,,,,,,,,,,,,,
11000,26.4546273571934,0.00987633224632801,,,,,,,,,,,,,
11000,30.5932292465632,0.0104587182489389,,,,,,,,,,,,,
12000,31.8348097965414,0.0105252182821854,,,,,,,,,,,,,
12000,32.6034072759522,0.0110863111207456,,,,,,,,,,,,,
12000,41.2353479918224,0.0114897465405075,,,,,,,,,,,,,
12000,41.4718395129074,0.0122076659009149,,,,,,,,,,,,,
12000,49.2760595460877,0.0126031922386142,,,,,,,,,,,,,
12000,48.507462132657004,0.0129456471874972,,,,,,,,,,,,,
12000,53.710275332265795,0.0132068119740261,,,,,,,,,,,,,
12000,49.4534281795172,0.0133445740748429,,,,,,,,,,,,,
12000,54.4197498484426,0.0134135337311471,,,,,,,,,,,,,
12000,50.222025589140394,0.0133170048516966,,,,,,,,,,,,,
12000,50.576762854075604,0.0131242559401545,,,,,,,,,,,,,
12000,43.895877587372894,0.0127810995040265,,,,,,,,,,,,,
12000,42.890788633354894,0.012493894995503,,,,,,,,,,,,,
12000,36.4463946279939,0.0120309736435587,,,,,,,,,,,,,
12000,33.963233578339704,0.0115706920900577,,,,,,,,,,,,,
12000,26.513750241932897,0.011059492998558,,,,,,,,,,,,,
12000,23.9714661823521,0.0104986105724905,,,,,,,,,,,,,
12000,17.586194449173302,0.0099950392776609,,,,,,,,,,,,,
12000,14.570927171956,0.00963957759262111,,,,,,,,,,,,,
12000,10.7870622906233,0.00916877277979322,,,,,,,,,,,,,
12000,9.308990052455382,0.00885697118221369,,,,,,,,,,,,,
12000,6.58933710663923,0.00859844397526036,,,,,,,,,,,,,
12000,7.476180462454599,0.00859844397526036,,,,,,,,,,,,,
12000,6.648459997144691,0.008624242222647209,,,,,,,,,,,,,
12000,10.254956286102301,0.00875341567789368,,,,,,,,,,,,,
12000,11.9103971845435,0.00896071716768524,,,,,,,,,,,,,
12000,17.4088257870431,0.00919483199229275,,,,,,,,,,,,,
12000,18.886897966729,0.009600204972265509,,,,,,,,,,,,,
12000,26.572873126654898,0.01011396307262,,,,,,,,,,,,,
12000,28.642174080878302,0.0106317512565073,,,,,,,,,,,,,
13000,34.9091996961977,0.0112608666352631,,,,,,,,,,,,,
13000,36.387271746224606,0.0118140364592752,,,,,,,,,,,,,
13000,44.7235978985162,0.0123847393009058,,,,,,,,,,,,,
13000,45.787809721902896,0.0128222072616853,,,,,,,,,,,,,
13000,50.6950086089072,0.0132618915808217,,,,,,,,,,,,,
13000,49.8081654458819,0.0135239774661599,,,,,,,,,,,,,
13000,54.95185573382879,0.0136207244411977,,,,,,,,,,,,,
13000,51.936589030204104,0.0137868106590529,,,,,,,,,,,,,
13000,51.8774661531833,0.0136898911918194,,,,,,,,,,,,,
13000,49.1578137903765,0.0134963540770771,,,,,,,,,,,,,
13000,47.088513053597204,0.0131655244313291,,,,,,,,,,,,,
13000,42.0039454342938,0.0128496232571487,,,,,,,,,,,,,
13000,38.5156954786531,0.0125348649296997,,,,,,,,,,,,,
13000,32.721653041749605,0.0119766842012597,,,,,,,,,,,,,
13000,29.4698944565419,0.0115032315443952,,,,,,,,,,,,,
13000,22.3160253820441,0.0110058862038679,,,,,,,,,,,,,
13000,20.305847249089602,0.0103790031484462,,,,,,,,,,,,,
13000,14.2161898422966,0.01000824236924,,,,,,,,,,,,,
13000,12.5016260736166,0.009560857298648709,,,,,,,,,,,,,
13000,8.363023814480059,0.00916877277979322,,,,,,,,,,,,,
13000,7.2396889012741195,0.00893476292172898,,,,,,,,,,,,,
13000,5.0521419476018705,0.00881811543931579,,,,,,,,,,,,,
13000,7.83091780371997,0.00879222654364373,,,,,,,,,,,,,
13000,8.77688404412633,0.00894773857002806,,,,,,,,,,,,,
13000,12.2060116292927,0.00914272511245175,,,,,,,,,,,,,
13000,14.6300500601728,0.0095084326954339,,,,,,,,,,,,,
13000,20.719707454569896,0.00981047839101838,,,,,,,,,,,,,
13000,23.7940975258287,0.0101933649304691,,,,,,,,,,,,,
13000,30.7705978970371,0.0108319371020227,,,,,,,,,,,,,
14000,33.9041106958225,0.0114627836568727,,,,,,,,,,,,,
14000,36.8011319182341,0.0120581320722042,,,,,,,,,,,,,
14000,42.3586827144059,0.0125895223776954,,,,,,,,,,,,,
14000,44.368860622747,0.0130830065504714,,,,,,,,,,,,,
14000,50.04465695642529,0.0134273319220803,,,,,,,,,,,,,
14000,50.4585170991706,0.0137314158457443,,,,,,,,,,,,,
14000,53.2964151966018,0.0139115679997293,,,,,,,,,,,,,
14000,50.872377241016906,0.0140503793092848,,,,,,,,,,,,,
14000,53.0599236901023,0.0139948306274129,,,,,,,,,,,,,
14000,49.0986909124934,0.0137868106590529,,,,,,,,,,,,,
14000,47.38412744593471,0.0135792490703778,,,,,,,,,,,,,
14000,42.0039454342938,0.0132205787133345,,,,,,,,,,,,,
14000,40.05289038207479,0.0127947999225891,,,,,,,,,,,,,
14000,33.6084962829699,0.0123165893367766,,,,,,,,,,,,,
14000,29.5881402242122,0.0118275777391643,,,,,,,,,,,,,
14000,25.0356781181985,0.0113146583851872,,,,,,,,,,,,,
14000,20.483215908684897,0.0108052130050314,,,,,,,,,,,,,
14000,15.2804018294285,0.0102861200881907,,,,,,,,,,,,,
14000,12.5016260736166,0.00988951114207312,,,,,,,,,,,,,
14000,8.71776115422751,0.009482237152136641,,,,,,,,,,,,,
14000,7.476180462454599,0.00920786591893559,,,,,,,,,,,,,
14000,6.175476872630349,0.00903865047847425,,,,,,,,,,,,,
14000,6.648459997144691,0.00906465167287735,,,,,,,,,,,,,
14000,7.71267202336558,0.00907765664533083,,,,,,,,,,,,,
14000,12.5016260736166,0.00931224054834556,,,,,,,,,,,,,
14000,15.2212789413998,0.009600204972265509,,,,,,,,,,,,,
14000,19.2416352882513,0.01000824236924,,,,,,,,,,,,,
14000,22.3160253820441,0.0104720131209149,,,,,,,,,,,,,
14000,30.0611232941886,0.0109523188117751,,,,,,,,,,,,,
15000,33.0763903387167,0.0110192842149564,,,,,,,,,,,,,
15000,35.7369200455855,0.0116247030172574,,,,,,,,,,,,,
15000,43.009034392922494,0.0122621096445379,,,,,,,,,,,,,
15000,43.83675470786961,0.0126989426292705,,,,,,,,,,,,,
15000,50.6950086089072,0.0130555175940946,,,,,,,,,,,,,
15000,54.0650125906866,0.01366221833207,,,,,,,,,,,,,
15000,51.8774661531833,0.0136898911918194,,,,,,,,,,,,,
15000,53.1190465667548,0.0137314158457443,,,,,,,,,,,,,
15000,50.6950086089072,0.0134687389821119,,,,,,,,,,,,,
15000,48.2118477420533,0.0132481185185603,,,,,,,,,,,,,
15000,42.7725428737149,0.0128907634472298,,,,,,,,,,,,,
15000,39.875521739991896,0.0124802427714163,,,,,,,,,,,,,
15000,34.4362166378378,0.0120038243474301,,,,,,,,,,,,,
15000,29.8837546430797,0.0116247030172574,,,,,,,,,,,,,
15000,24.5626950362976,0.0110058862038679,,,,,,,,,,,,,
15000,21.6065507491713,0.0104986105724905,,,,,,,,,,,,,
15000,15.9898764844362,0.0100346565682546,,,,,,,,,,,,,
15000,13.5067151811337,0.009600204972265509,,,,,,,,,,,,,
15000,9.308990052455382,0.00910367532224542,,,,,,,,,,,,,
15000,7.83091780371997,0.00881811543931579,,,,,,,,,,,,,
15000,5.22951062037738,0.008688791105997259,,,,,,,,,,,,,
15000,7.83091780371997,0.00872755679860768,,,,,,,,,,,,,
15000,7.0031973398242595,0.008844016286527579,,,,,,,,,,,,,
15000,10.6096936226022,0.009090664529683209,,,,,,,,,,,,,
15000,12.856363406243599,0.00929918371798487,,,,,,,,,,,,,
15000,19.4781268355878,0.009718397317246009,,,,,,,,,,,,,
15000,21.4291820905628,0.01011396307262,,,,,,,,,,,,,
15000,28.642174080878302,0.0106584099234786,,,,,,,,,,,,,
16000,38.2792039539733,0.0119088739820148,,,,,,,,,,,,,
16000,38.6930641219748,0.012493894995503,,,,,,,,,,,,,
16000,47.0293901750751,0.0129456471874972,,,,,,,,,,,,,
16000,46.556407146241796,0.0133721516705327,,,,,,,,,,,,,
16000,53.0599236901023,0.0137037306962721,,,,,,,,,,,,,
16000,50.576762854075604,0.0138560999997468,,,,,,,,,,,,,
16000,55.779575997006205,0.0140781656896583,,,,,,,,,,,,,
16000,51.227114504740804,0.0140364891264932,,,,,,,,,,,,,
16000,51.818343276144105,0.0137868106590529,,,,,,,,,,,,,
16000,47.2067588105869,0.0136207244411977,,,,,,,,,,,,,
16000,45.6695639640395,0.0132618915808217,,,,,,,,,,,,,
16000,39.8163988592617,0.0128633344961845,,,,,,,,,,,,,
16000,36.9785005631131,0.0124120148973658,,,,,,,,,,,,,
16000,30.238491945138897,0.0119631175648789,,,,,,,,,,,,,
16000,27.2823477419524,0.011355027460316003,,,,,,,,,,,,,
16000,20.6605845681246,0.0108720419646935,,,,,,,,,,,,,
16000,18.0000546602086,0.0103790031484462,,,,,,,,,,,,,
16000,12.974609183649699,0.009929064022078559,,,,,,,,,,,,,
16000,10.136710507133401,0.0095084326954339,,,,,,,,,,,,,
16000,6.648459997144691,0.00923394239501172,,,,,,,,,,,,,
16000,7.59442624294379,0.00903865047847425,,,,,,,,,,,,,
16000,5.87986241926286,0.008986683195911959,,,,,,,,,,,,,
16000,8.54039248442975,0.00914272511245175,,,,,,,,,,,,,
16000,10.136710507133401,0.0092730786124061,,,,,,,,,,,,,
16000,14.511804283722201,0.009521534661719771,,,,,,,,,,,,,
16000,16.5811053617239,0.00991587703307667,,,,,,,,,,,,,
16000,23.025500012416895,0.0103391805249905,,,,,,,,,,,,,
16000,25.6269069690033,0.0108586711850295,,,,,,,,,,,,,
17000,35.7369200455855,0.0120173978528413,,,,,,,,,,,,,
17000,40.05289038207479,0.0125758547143385,,,,,,,,,,,,,
17000,44.9009665361558,0.0131242559401545,,,,,,,,,,,,,
17000,48.15272486387779,0.0135930721333061,,,,,,,,,,,,,
17000,50.222025589140394,0.0138560999997468,,,,,,,,,,,,,
17000,53.4146609497409,0.0141476666505756,,,,,,,,,,,,,
17000,53.710275332265795,0.0142311335901662,,,,,,,,,,,,,
17000,53.6511524557977,0.0142450517015138,,,,,,,,,,,,,
17000,51.818343276144105,0.0140503793092848,,,,,,,,,,,,,
17000,47.9753562292416,0.0138422380673921,,,,,,,,,,,,,
17000,45.492195327108,0.0136068972574928,,,,,,,,,,,,,
17000,41.2353479918224,0.0130692610073641,,,,,,,,,,,,,
17000,36.269025982632705,0.0127537051786011,,,,,,,,,,,,,
17000,32.0713013289865,0.0122076659009149,,,,,,,,,,,,,
17000,27.2823477419524,0.0116517225931202,,,,,,,,,,,,,
17000,22.4342711539466,0.0111399767133478,,,,,,,,,,,,,
17000,17.1132113498156,0.0106584099234786,,,,,,,,,,,,,
17000,14.570927171956,0.0101404197957614,,,,,,,,,,,,,
17000,10.3140791755613,0.00961332641161252,,,,,,,,,,,,,
17000,7.71267202336558,0.009482237152136641,,,,,,,,,,,,,
17000,6.648459997144691,0.009155747501164591,,,,,,,,,,,,,
17000,6.648459997144691,0.00911668901933843,,,,,,,,,,,,,
17000,9.841096059414891,0.009429879717712279,,,,,,,,,,,,,
17000,13.0928549609877,0.00967897507046677,,,,,,,,,,,,,
17000,16.8767197997243,0.009955446071499629,,,,,,,,,,,,,
17000,22.138656724060198,0.0105518362276379,,,,,,,,,,,,,
17000,26.3955044724364,0.0110192842149564,,,,,,,,,,,,,
17000,31.1253351975081,0.0115841912879819,,,,,,,,,,,,,
18000,31.8939326796792,0.0115706920900577,,,,,,,,,,,,,
18000,32.899021690313,0.0120852996159981,,,,,,,,,,,,,
18000,40.8214878292299,0.0127947999225891,,,,,,,,,,,,,
18000,41.767453913858,0.0131930473460308,,,,,,,,,,,,,
18000,49.630796812782,0.013717572248152001,,,,,,,,,,,,,
18000,48.2118477420533,0.0140642714975529,,,,,,,,,,,,,
18000,53.8876439615593,0.0144122232399445,,,,,,,,,,,,,
18000,51.5818517678033,0.0143425339097097,,,,,,,,,,,,,
18000,54.242381219647704,0.014509870737671002,,,,,,,,,,,,,
18000,50.6950086089072,0.0142450517015138,,,,,,,,,,,,,
18000,50.5176399766322,0.0141059600788385,,,,,,,,,,,,,
18000,44.250614864012206,0.0138422380673921,,,,,,,,,,,,,
18000,42.713419993867895,0.0133721516705327,,,,,,,,,,,,,
18000,35.6186742816011,0.0129593734943696,,,,,,,,,,,,,
18000,32.6034072759522,0.0124256560325171,,,,,,,,,,,,,
18000,26.040767163526898,0.0120038243474301,,,,,,,,,,,,,
18000,23.7940975258287,0.0114627836568727,,,,,,,,,,,,,
18000,18.3547919832818,0.0108586711850295,,,,,,,,,,,,,
18000,14.8665416128688,0.010418849082102,,,,,,,,,,,,,
18000,9.7819731698204,0.009942253702589141,,,,,,,,,,,,,
18000,10.0184647280968,0.00967897507046677,,,,,,,,,,,,,
18000,6.11635398199044,0.009429879717712279,,,,,,,,,,,,,
18000,7.0031973398242595,0.00936449630485786,,,,,,,,,,,,,
18000,6.411968435021981,0.009429879717712279,,,,,,,,,,,,,
18000,9.841096059414891,0.00962645061949955,,,,,,,,,,,,,
18000,11.2600454045999,0.00983681179582632,,,,,,,,,,,,,
18000,19.1233895144796,0.0105784643865922,,,,,,,,,,,,,
18000,27.3414706264466,0.0110863111207456,,,,,,,,,,,,,
18000,28.642174080878302,0.011705789876859,,,,,,,,,,,,,
19000,34.9091996961977,0.0121668567656525,,,,,,,,,,,,,
19000,38.1609581915259,0.0127537051786011,,,,,,,,,,,,,
19000,44.3097377433887,0.013330788415801001,,,,,,,,,,,,,
19000,45.314826690013106,0.0138422380673921,,,,,,,,,,,,,
19000,50.872377241016906,0.0142172174632105,,,,,,,,,,,,,
19000,49.6899196905003,0.014509870737671002,,,,,,,,,,,,,
19000,54.18325834334579,0.0146215850204389,,,,,,,,,,,,,
19000,51.9957119072065,0.0146495330275502,,,,,,,,,,,,,
19000,51.227114504740804,0.0144680100617274,,,,,,,,,,,,,
19000,49.2760595460877,0.014426167003626,,,,,,,,,,,,,
19000,47.0293901750751,0.0140503793092848,,,,,,,,,,,,,
19000,41.412716632663205,0.0137452614873374,,,,,,,,,,,,,
19000,38.57481835977829,0.0132894440155271,,,,,,,,,,,,,
19000,32.9581445731319,0.0128085025091226,,,,,,,,,,,,,
19000,28.7604198490414,0.0122757262026645,,,,,,,,,,,,,
19000,22.9663771266481,0.0116787515524619,,,,,,,,,,,,,
19000,19.655495495908898,0.011180251508181999,,,,,,,,,,,,,
19000,13.802329623583601,0.0106317512565073,,,,,,,,,,,,,
19000,11.9695200735274,0.010272861497298,,,,,,,,,,,,,
19000,8.06740936422644,0.00986315605460511,,,,,,,,,,,,,
19000,6.648459997144691,0.00967897507046677,,,,,,,,,,,,,
19000,6.58933710663923,0.00953463941992704,,,,,,,,,,,,,
19000,7.476180462454599,0.009600204972265509,,,,,,,,,,,,,
19000,8.244778034429231,0.009718397317246009,,,,,,,,,,,,,
19000,12.087765851443999,0.00991587703307667,,,,,,,,,,,,,
19000,16.0489993722421,0.0103790031484462,,,,,,,,,,,,,
19000,20.837953227408498,0.0106850787159714,,,,,,,,,,,,,
19000,23.5576059835537,0.0111668241434524,,,,,,,,,,,,,
19000,30.8297207804931,0.0117328375479671,,,,,,,,,,,,,
20000,33.7267420481642,0.0123302148610902,,,,,,,,,,,,,
20000,37.392360733871605,0.0128633344961845,,,,,,,,,,,,,
20000,43.3637716711913,0.0134273319220803,,,,,,,,,,,,,
20000,44.7827207777475,0.0139115679997293,,,,,,,,,,,,,
20000,50.2811484666755,0.0144122232399445,,,,,,,,,,,,,
20000,50.75413148629539,0.0146635099381578,,,,,,,,,,,,,
20000,53.4146609497409,0.0149014123964396,,,,,,,,,,,,,
20000,52.46869492256349,0.0149294373625623,,,,,,,,,,,,,
20000,52.8825550600341,0.0148173833985161,,,,,,,,,,,,,
20000,48.9804451566724,0.0146355580544696,,,,,,,,,,,,,
20000,47.6797418378162,0.0144680100617274,,,,,,,,,,,,,
20000,42.299559834432394,0.0140503793092848,,,,,,,,,,,,,
20000,39.343415812772996,0.0135101647357355,,,,,,,,,,,,,
20000,33.3128818696733,0.0131380099839649,,,,,,,,,,,,,
20000,29.706385991812102,0.0125758547143385,,,,,,,,,,,,,
20000,23.7940975258287,0.0120445517174041,,,,,,,,,,,,,
20000,20.4240930221704,0.0115437007759649,,,,,,,,,,,,,
20000,15.2212789413998,0.0110058862038679,,,,,,,,,,,,,
20000,12.678994740006699,0.0104587182489389,,,,,,,,,,,,,
20000,9.368112942185212,0.0101271901113488,,,,,,,,,,,,,
20000,8.4812695944634,0.00983681179582632,,,,,,,,,,,,,
20000,6.648459997144691,0.00961332641161252,,,,,,,,,,,,,
20000,6.94407444941972,0.009718397317246009,,,,,,,,,,,,,
20000,7.1805660109369,0.00987633224632801,,,,,,,,,,,,,
20000,11.3191682937706,0.0101271901113488,,,,,,,,,,,,,
20000,19.5372497223788,0.0108052130050314,,,,,,,,,,,,,
20000,22.729885583399,0.0112877576901493,,,,,,,,,,,,,
20000,30.474983479492398,0.0117734265397744,,,,,,,,,,,,,
21000,38.5156954786531,0.0129044811553968,,,,,,,,,,,,,
21000,39.63903021696321,0.0135792490703778,,,,,,,,,,,,,
21000,48.4483392545728,0.0140226009508201,,,,,,,,,,,,,
21000,47.0293901750751,0.014509870737671002,,,,,,,,,,,,,
21000,53.1190465667548,0.0148874027784575,,,,,,,,,,,,,
21000,49.630796812782,0.0150135579963032,,,,,,,,,,,,,
21000,54.95185573382879,0.0151258251210067,,,,,,,,,,,,,
21000,50.990622995665,0.0150556439668834,,,,,,,,,,,,,
21000,51.818343276144105,0.0149014123964396,,,,,,,,,,,,,
21000,46.7928986608041,0.0146495330275502,,,,,,,,,,,,,
21000,44.605352139999,0.0143286019523164,,,,,,,,,,,,,
21000,37.628852259625894,0.0139115679997293,,,,,,,,,,,,,
21000,35.1456912249505,0.0133721516705327,,,,,,,,,,,,,
21000,28.878665617134104,0.0127947999225891,,,,,,,,,,,,,
21000,25.9225213937504,0.0123438426217355,,,,,,,,,,,,,
21000,19.7146183826481,0.0117193125452177,,,,,,,,,,,,,
21000,16.8767197997243,0.0112743109564628,,,,,,,,,,,,,
21000,12.0286429624942,0.0108319371020227,,,,,,,,,,,,,
21000,10.8461851799298,0.0103790031484462,,,,,,,,,,,,,
21000,6.411968435021981,0.01000824236924,,,,,,,,,,,,,
21000,7.35793468189804,0.00984998257005247,,,,,,,,,,,,,
21000,5.82073952853899,0.00991587703307667,,,,,,,,,,,,,
21000,9.01337560355267,0.009981838862124759,,,,,,,,,,,,,
21000,9.722850280208991,0.0101668870896677,,,,,,,,,,,,,
21000,15.6942620451494,0.0105119131464731,,,,,,,,,,,,,
21000,17.8818088857131,0.0108586711850295,,,,,,,,,,,,,
21000,24.0305890678251,0.0113819521704491,,,,,,,,,,,,,
21000,26.6319960113594,0.0118953188380012,,,,,,,,,,,,,
22000,31.9530555627993,0.0124256560325171,,,,,,,,,,,,,
22000,35.3230598713281,0.0130555175940946,,,,,,,,,,,,,
22000,41.826576793994,0.0135930721333061,,,,,,,,,,,,,
22000,44.605352139999,0.0141059600788385,,,,,,,,,,,,,
22000,49.0986909124934,0.0145377876219485,,,,,,,,,,,,,
22000,49.867288323545196,0.0149434527077552,,,,,,,,,,,,,
22000,53.1781694433889,0.0151398670193035,,,,,,,,,,,,,
22000,52.8825550600341,0.0152241579607971,,,,,,,,,,,,,
22000,52.764309306563206,0.015252269974358001,,,,,,,,,,,,,
22000,50.990622995665,0.0151117851099467,,,,,,,,,,,,,
22000,47.7388647161378,0.0148033852749171,,,,,,,,,,,,,
22000,43.895877587372894,0.0144819616649116,,,,,,,,,,,,,
22000,40.3485047851866,0.0140503793092848,,,,,,,,,,,,,
22000,35.5004285175454,0.0135239774661599,,,,,,,,,,,,,
22000,30.8297207804931,0.0130143001520515,,,,,,,,,,,,,
22000,25.6269069690033,0.0125621892505477,,,,,,,,,,,,,
22000,21.547427862985803,0.0119631175648789,,,,,,,,,,,,,
22000,16.9949655748043,0.0114223571774125,,,,,,,,,,,,,
22000,13.8614525120224,0.0110729008347013,,,,,,,,,,,,,
22000,9.95934183855309,0.0105385259768354,,,,,,,,,,,,,
22000,8.71776115422751,0.0101536521228636,,,,,,,,,,,,,
22000,6.175476872630349,0.0100610814347005,,,,,,,,,,,,,
22000,6.411968435021981,0.01000824236924,,,,,,,,,,,,,
22000,8.30390092446308,0.0101404197957614,,,,,,,,,,,,,
22000,9.486358721594131,0.0103391805249905,,,,,,,,,,,,,
22000,14.2161898422966,0.0105917822892063,,,,,,,,,,,,,
22000,18.0000546602086,0.010938933139702,,,,,,,,,,,,,
22000,22.138656724060198,0.011408886452731002,,,,,,,,,,,,,
22000,27.3414706264466,0.0119088739820148,,,,,,,,,,,,,
23000,32.4851615100838,0.0125348649296997,,,,,,,,,,,,,
23000,34.7318310494462,0.0131380099839649,,,,,,,,,,,,,
23000,41.353593752401,0.0136760537365117,,,,,,,,,,,,,
23000,43.127280152417796,0.0141893911688965,,,,,,,,,,,,,
23000,49.0986909124934,0.0146914695658729,,,,,,,,,,,,,
23000,49.1578137903765,0.0150556439668834,,,,,,,,,,,,,
23000,53.4737838262828,0.0153085164829284,,,,,,,,,,,,,
23000,51.7592203990865,0.0153929422802949,,,,,,,,,,,,,
23000,53.769398208715494,0.0154210991104484,,,,,,,,,,,,,
23000,49.8081654458819,0.0152382130296708,,,,,,,,,,,,,
23000,50.6358857315005,0.0150837107552942,,,,,,,,,,,,,
23000,44.368860622747,0.0147054522799466,,,,,,,,,,,,,
23000,40.8806107096543,0.0143007439588261,,,,,,,,,,,,,
23000,35.6186742816011,0.0138560999997468,,,,,,,,,,,,,
23000,32.4851615100838,0.0133032233843355,,,,,,,,,,,,,
23000,26.277258702869897,0.0128496232571487,,,,,,,,,,,,,
23000,22.493394039871802,0.0122212734592734,,,,,,,,,,,,,
23000,17.4088257870431,0.0117463648828262,,,,,,,,,,,,,
23000,14.807418724720499,0.0110997238541575,,,,,,,,,,,,,
23000,10.373202065003301,0.0107918547079094,,,,,,,,,,,,,
23000,8.06740936422644,0.0104454259499268,,,,,,,,,,,,,
23000,5.998108200660241,0.0101536521228636,,,,,,,,,,,,,
23000,6.94407444941972,0.0101668870896677,,,,,,,,,,,,,
23000,5.998108200660241,0.0102198532944132,,,,,,,,,,,,,
23000,10.9644309584918,0.0103922825401241,,,,,,,,,,,,,
23000,12.0286429624942,0.0106317512565073,,,,,,,,,,,,,
23000,18.6504064187026,0.011059492998558,,,,,,,,,,,,,
23000,20.837953227408498,0.0114358302879236,,,,,,,,,,,,,
23000,28.346559660163003,0.0119902531295072,,,,,,,,,,,,,
23000,29.8837546430797,0.0125895223776954,,,,,,,,,,,,,
24000,36.74200903657211,0.0131655244313291,,,,,,,,,,,,,
24000,38.2200810727585,0.0137314158457443,,,,,,,,,,,,,
24000,45.6104410850805,0.0143286019523164,,,,,,,,,,,,,
24000,45.6104410850805,0.0147614024357426,,,,,,,,,,,,,
24000,52.5869406762186,0.0151117851099467,,,,,,,,,,,,,
24000,50.990622995665,0.0154774350504824,,,,,,,,,,,,,
24000,54.8927328577488,0.0156607310503542,,,,,,,,,,,,,
24000,51.5818517678033,0.0156184043505549,,,,,,,,,,,,,
24000,52.2913262919427,0.0154492633708746,,,,,,,,,,,,,
24000,48.743953644811,0.0153507209911776,,,,,,,,,,,,,
24000,46.2016698738521,0.014999533135128999,,,,,,,,,,,,,
24000,40.4667505463054,0.014593644775635,,,,,,,,,,,,,
24000,38.1609581915259,0.0141476666505756,,,,,,,,,,,,,
24000,32.3077928611483,0.0137037306962721,,,,,,,,,,,,,
24000,28.464805428501897,0.013028037164561001,,,,,,,,,,,,,
24000,21.8430422937398,0.0124802427714163,,,,,,,,,,,,,
24000,19.5372497223788,0.0120038243474301,,,,,,,,,,,,,
24000,13.9796982888488,0.0115302086644819,,,,,,,,,,,,,
24000,11.3191682937706,0.010938933139702,,,,,,,,,,,,,
24000,7.71267202336558,0.0106317512565073,,,,,,,,,,,,,
24000,7.89004069387188,0.0103657263467861,,,,,,,,,,,,,
24000,5.64337085626667,0.0103922825401241,,,,,,,,,,,,,
24000,7.476180462454599,0.0103790031484462,,,,,,,,,,,,,
24000,8.71776115422751,0.0105119131464731,,,,,,,,,,,,,
24000,13.211100738257501,0.01073844659067,,,,,,,,,,,,,
24000,16.0489993722421,0.0110997238541575,,,,,,,,,,,,,
24000,24.621817921596303,0.0120988868006674,,,,,,,,,,,,,
25000,34.3770937554628,0.0132481185185603,,,,,,,,,,,,,
25000,38.1609581915259,0.0139393141386007,,,,,,,,,,,,,
25000,43.83675470786961,0.0143982814400469,,,,,,,,,,,,,
25000,46.2016698738521,0.0148453854025661,,,,,,,,,,,,,
25000,49.4534281795172,0.0153788666550464,,,,,,,,,,,,,
25000,51.7592203990865,0.0156325114139508,,,,,,,,,,,,,
25000,54.0650125906866,0.0158302025720311,,,,,,,,,,,,,
25000,52.5278177994003,0.015787810055675,,,,,,,,,,,,,
25000,52.35044916883471,0.0157736828595354,,,,,,,,,,,,,
25000,49.74904256820021,0.0155056141382164,,,,,,,,,,,,,
25000,46.4381613888513,0.015294452049138001,,,,,,,,,,,,,
25000,41.5309623931336,0.0149154239249663,,,,,,,,,,,,,
25000,38.2200810727585,0.0144540604160793,,,,,,,,,,,,,
25000,33.1355132214825,0.0139670683522588,,,,,,,,,,,,,
25000,27.932699470423604,0.0133721516705327,,,,,,,,,,,,,
25000,23.9123432968617,0.0128359141783387,,,,,,,,,,,,,
25000,18.709529305735103,0.0122757262026645,,,,,,,,,,,,,
25000,15.2804018294285,0.011759894547518999,,,,,,,,,,,,,
25000,12.5016260736166,0.0113146583851872,,,,,,,,,,,,,
25000,8.895129823873289,0.0108052130050314,,,,,,,,,,,,,
25000,7.062320230211969,0.0106184257269132,,,,,,,,,,,,,
25000,5.7024937470409,0.0104454259499268,,,,,,,,,,,,,
25000,7.35793468189804,0.0104454259499268,,,,,,,,,,,,,
25000,7.771794913551201,0.0105917822892063,,,,,,,,,,,,,
25000,12.560748962430301,0.0108720419646935,,,,,,,,,,,,,
25000,15.33952471744,0.0111668241434524,,,,,,,,,,,,,
25000,20.719707454569896,0.011597692843376002,,,,,,,,,,,,,
25000,24.089711953280602,0.0120988868006674,,,,,,,,,,,,,
25000,30.120246177856398,0.0127400112756413,,,,,,,,,,,,,
26000,39.9937675013985,0.0139393141386007,,,,,,,,,,,,,
26000,40.1120132627331,0.0144401127295253,,,,,,,,,,,,,
26000,48.2709706202106,0.0150275847562902,,,,,,,,,,,,,
26000,53.4737838262828,0.0158443370490334,,,,,,,,,,,,,
26000,50.576762854075604,0.0159291820197272,,,,,,,,,,,,,
26000,54.7744871055332,0.0160424099026958,,,,,,,,,,,,,
26000,50.6950086089072,0.0159857815310316,,,,,,,,,,,,,
26000,52.1730805381034,0.0158443370490334,,,,,,,,,,,,,
26000,45.906055479693606,0.0154774350504824,,,,,,,,,,,,,
26000,44.0732462257741,0.015153910803401,,,,,,,,,,,,,
26000,36.150780218969295,0.0146495330275502,,,,,,,,,,,,,
26000,34.6727081671601,0.0142450517015138,,,,,,,,,,,,,
26000,28.346559660163003,0.0135930721333061,,,,,,,,,,,,,
26000,24.8583094626165,0.0130967542215483,,,,,,,,,,,,,
26000,18.946020853692502,0.0125212060766707,,,,,,,,,,,,,
26000,16.9949655748043,0.0118953188380012,,,,,,,,,,,,,
26000,11.3782911829244,0.0114493057818724,,,,,,,,,,,,,
26000,9.841096059414891,0.011180251508181999,,,,,,,,,,,,,
26000,6.648459997144691,0.0107918547079094,,,,,,,,,,,,,
26000,7.298811791594501,0.0105917822892063,,,,,,,,,,,,,
26000,6.175476872630349,0.0106450793229401,,,,,,,,,,,,,
26000,9.308990052455382,0.0107517948539521,,,,,,,,,,,,,
26000,10.373202065003301,0.0109790975722241,,,,,,,,,,,,,
26000,16.1672451478026,0.0113684886176583,,,,,,,,,,,,,
26000,18.5912835316529,0.0117193125452177,,,,,,,,,,,,,
26000,26.513750241932897,0.0123165893367766,,,,,,,,,,,,,
26000,27.1641019729114,0.0128359141783387,,,,,,,,,,,,,
27000,32.5442843930268,0.01345493454934,,,,,,,,,,,,,
27000,36.209903100809896,0.0140503793092848,,,,,,,,,,,,,
27000,43.304648791525096,0.0146774887847714,,,,,,,,,,,,,
27000,44.0732462257741,0.015252269974358001,,,,,,,,,,,,,
27000,49.867288323545196,0.0156607310503542,,,,,,,,,,,,,
27000,50.6358857315005,0.0159857815310316,,,,,,,,,,,,,
27000,53.8876439615593,0.0161274063917114,,,,,,,,,,,,,
27000,50.576762854075604,0.0163117862536618,,,,,,,,,,,,,
27000,52.5869406762186,0.0161982860593604,,,,,,,,,,,,,
27000,50.6358857315005,0.0159574781626198,,,,,,,,,,,,,
27000,47.50237320274201,0.015787810055675,,,,,,,,,,,,,
27000,42.890788633354894,0.0155760941958746,,,,,,,,,,,,,
27000,39.1069242890976,0.0149714891150533,,,,,,,,,,,,,
27000,33.963233578339704,0.0144959152240769,,,,,,,,,,,,,
27000,30.0611232941886,0.0139670683522588,,,,,,,,,,,,,
27000,25.2130467736233,0.0132894440155271,,,,,,,,,,,,,
27000,21.015321886536697,0.0128222072616853,,,,,,,,,,,,,
27000,16.1672451478026,0.0122348832707371,,,,,,,,,,,,,
27000,13.0928549609877,0.0117869608573259,,,,,,,,,,,,,
27000,8.42214670448017,0.0113012068338723,,,,,,,,,,,,,
27000,7.535303352707619,0.010965706956810997,,,,,,,,,,,,,
27000,6.11635398199044,0.0107784989152452,,,,,,,,,,,,,
27000,6.8849515589983605,0.0107918547079094,,,,,,,,,,,,,
27000,7.83091780371997,0.010818573803953,,,,,,,,,,,,,
27000,10.7279394012999,0.0110997238541575,,,,,,,,,,,,,
27000,15.2212789413998,0.0113819521704491,,,,,,,,,,,,,
27000,19.0051437406388,0.0118546672455342,,,,,,,,,,,,,
27000,22.4342711539466,0.0123302148610902,,,,,,,,,,,,,
27000,28.7012969649687,0.0128085025091226,,,,,,,,,,,,,
28000,33.4902505177045,0.0135930721333061,,,,,,,,,,,,,
28000,35.67779716360221,0.0141615728314439,,,,,,,,,,,,,
28000,42.595174234119504,0.0148313834415625,,,,,,,,,,,,,
28000,43.895877587372894,0.0153647928915417,,,,,,,,,,,,,
28000,49.5125510572904,0.0158160699132526,,,,,,,,,,,,,
28000,49.8081654458819,0.0161132358255975,,,,,,,,,,,,,
28000,53.946766837953604,0.0164254000064501,,,,,,,,,,,,,
28000,52.054834784190504,0.0164680343097585,,,,,,,,,,,,,
28000,53.0599236901023,0.0164680343097585,,,,,,,,,,,,,
28000,49.9855340788169,0.0160990670516123,,,,,,,,,,,,,
28000,42.949911513147704,0.0156889580238884,,,,,,,,,,,,,
28000,40.289381904600205,0.0153647928915417,,,,,,,,,,,,,
28000,34.3770937554628,0.0147753947920339,,,,,,,,,,,,,
28000,31.1253351975081,0.0143146719681601,,,,,,,,,,,,,
28000,24.8583094626165,0.0136483849802183,,,,,,,,,,,,,
28000,21.724796521490198,0.0131380099839649,,,,,,,,,,,,,
28000,16.3446138110146,0.0125485259883307,,,,,,,,,,,,,
28000,13.8614525120224,0.0120309736435587,,,,,,,,,,,,,
28000,9.66372739058065,0.0115571952519386,,,,,,,,,,,,,
28000,8.4812695944634,0.0112608666352631,,,,,,,,,,,,,
28000,5.76161663779834,0.0110326846861377,,,,,,,,,,,,,
28000,7.535303352707619,0.0109790975722241,,,,,,,,,,,,,
28000,7.89004069387188,0.0110460876148552,,,,,,,,,,,,,
28000,10.9053080692193,0.0113012068338723,,,,,,,,,,,,,
28000,12.560748962430301,0.0115302086644819,,,,,,,,,,,,,
28000,19.0051437406388,0.0120038243474301,,,,,,,,,,,,,
28000,21.6065507491713,0.0124120148973658,,,,,,,,,,,,,
28000,27.932699470423604,0.0129868325409611,,,,,,,,,,,,,
28000,31.1253351975081,0.0135792490703778,,,,,,,,,,,,,
29000,33.785864930734704,0.0138699639608373,,,,,,,,,,,,,
29000,37.037623444703605,0.0145657123053777,,,,,,,,,,,,,
29000,42.890788633354894,0.0151679564718653,,,,,,,,,,,,,
29000,44.7235978985162,0.015787810055675,,,,,,,,,,,,,
29000,49.867288323545196,0.0162692103385607,,,,,,,,,,,,,
29000,50.16290271158711,0.0166529656370436,,,,,,,,,,,,,
29000,54.4197498484426,0.0167669162589517,,,,,,,,,,,,,
29000,52.2913262919427,0.0169665966859238,,,,,,,,,,,,,
29000,51.5818517678033,0.0167669162589517,,,,,,,,,,,,,
29000,49.630796812782,0.0166102629085962,,,,,,,,,,,,,
29000,46.61553002490971,0.0162975925059426,,,,,,,,,,,,,
29000,42.1221911944034,0.01594332918733,,,,,,,,,,,,,
29000,37.924466666416,0.0154633482839726,,,,,,,,,,,,,
29000,32.7807759246218,0.0148733950724974,,,,,,,,,,,,,
29000,28.7012969649687,0.0143564678387577,,,,,,,,,,,,,
29000,23.675851754726,0.0137037306962721,,,,,,,,,,,,,
29000,18.768652192750302,0.0131517661483067,,,,,,,,,,,,,
29000,15.9898764844362,0.0125485259883307,,,,,,,,,,,,,
29000,12.5016260736166,0.0120717147057904,,,,,,,,,,,,,
29000,8.71776115422751,0.0116247030172574,,,,,,,,,,,,,
29000,7.12144312058286,0.0112877576901493,,,,,,,,,,,,,
29000,6.23459976325346,0.0110460876148552,,,,,,,,,,,,,
29000,6.648459997144691,0.0110460876148552,,,,,,,,,,,,,
29000,8.54039248442975,0.0112743109564628,,,,,,,,,,,,,
29000,11.2600454045999,0.0113684886176583,,,,,,,,,,,,,
29000,15.2212789413998,0.0117869608573259,,,,,,,,,,,,,
29000,19.2416352882513,0.0122348832707371,,,,,,,,,,,,,
29000,23.8532204113539,0.0127400112756413,,,,,,,,,,,,,
29000,29.115157153108395,0.0133859436035859,,,,,,,,,,,,,
29000,33.785864930734704,0.0138699639608373,,,,,,,,,,,,,
