MD_N_cycles--1,MD_Load--1,MD_index--1,eyy--1,exx--1,exy--1
1,300.258563,29,-0.00168148,0.00419035,-0.000145293
1,307.619041,30,-0.00172387,0.0043051,-0.000141298
1,308.424344,31,-0.00175012,0.00437385,-0.000143792
1,305.541356,32,-0.0017527,0.00436806,-0.000143798
1,297.021241,33,-0.00172288,0.00430376,-0.000141989
1,290.095628,34,-0.00167387,0.00418099,-0.000139309
1,279.465617,35,-0.00162141,0.00405624,-0.000137148
1,279.28845,36,-0.00159663,0.0039876,-0.000132439
1,279.884375,37,-0.00159447,0.0039884,-0.000130678
1,290.337219,38,-0.00162508,0.00407244,-0.000133294
1,297.472212,39,-0.0016688,0.00419134,-0.000131798
1,309.745043,40,-0.00170954,0.00430356,-0.000126942
1,309.873891,41,-0.00173309,0.00435913,-0.000131272
1,302.126868,42,-0.00172783,0.00435299,-0.000123089
1,297.746015,43,-0.00169688,0.00428176,-0.000122916
1,288.017944,44,-0.00164804,0.00415326,-0.00012039
1,279.336769,45,-0.00160424,0.00403279,-0.000119964
1,274.247248,46,-0.00157579,0.00396296,-0.000119344
1,281.897635,47,-0.00157059,0.00395919,-0.000113267
1,288.807142,48,-0.00160148,0.00403675,-0.000117202
1,295.732755,49,-0.00164732,0.00415562,-0.000117652
1,300.790064,50,-0.00169074,0.00426275,-0.000122286
1,303.544203,51,-0.00171041,0.00432064,-0.000120135
1,303.028808,52,-0.00170977,0.00431135,-0.000125555
1,290.449962,53,-0.00168008,0.00423611,-0.000118575
1,282.960636,54,-0.00163573,0.00411208,-0.000122445
1,274.682112,55,-0.00158403,0.00398534,-0.000121136
1,267.885348,56,-0.00155931,0.00391846,-0.000116921
1,277.323509,57,-0.00156444,0.00391979,-0.000119216
1,287.035474,58,-0.00158637,0.0039992,-0.000119597
1,295.346209,59,-0.00163903,0.00412892,-0.00012573
1000,425.145104,60,-0.00195321,0.00533315,-0.000141645
1000,491.453848,61,-0.0024588,0.00669952,-0.000164214
1000,478.279071,62,-0.00264786,0.00717508,-0.00017159
1000,387.102541,63,-0.00239663,0.00653338,-0.000147789
1000,245.932766,64,-0.00183052,0.00496331,-0.000133505
1000,122.544131,65,-0.00117317,0.00315447,-0.000103854
1000,62.742285,66,-0.000669357,0.00176035,-8.3e-05
1000,84.098936,67,-0.000524606,0.00135075,-6.6e-05
1000,178.818752,68,-0.0007616,0.00202851,-0.000103448
1000,310.292649,69,-0.00131593,0.00357217,-0.000107442
3500,486.992463,70,-0.00249392,0.00665759,-0.000165316
3500,503.742791,71,-0.00281577,0.00749711,-0.000184788
3500,430.524536,72,-0.00271696,0.00721576,-0.000178882
3500,299.356623,73,-0.00221155,0.0058494,-0.000170644
3500,157.284931,74,-0.00148631,0.00393341,-0.00013633
3500,64.69112,75,-0.00085867,0.00222601,-9.22e-05
3500,55.720038,76,-0.000558846,0.0014167,-7.03e-05
3500,129.904606,77,-0.000683308,0.0017597,-8.55e-05
3500,263.472283,78,-0.00118953,0.00312834,-0.000113103
3500,402.129514,79,-0.00188454,0.00499558,-0.000139405
7000,486.815296,80,-0.00238917,0.00669767,-0.000174697
7000,506.239234,81,-0.00274277,0.00762143,-0.00020224
7000,440.252609,82,-0.00266708,0.00742334,-0.00019488
7000,313.626608,83,-0.00217592,0.00610263,-0.000181965
7000,168.494758,84,-0.00146901,0.00420974,-0.000144672
7000,69.684002,85,-0.000805463,0.00243544,-9.81e-05
7000,55.333493,86,-0.000474294,0.0015632,-7.91e-05
7000,124.396329,87,-0.000572695,0.00181648,-9.99e-05
7000,255.64473,88,-0.00105474,0.00312359,-0.000126123
7000,392.659139,89,-0.00174736,0.00497828,-0.000151104
10500,481.307015,90,-0.00240265,0.00666889,-8.58e-05
10500,506.271446,91,-0.00277643,0.00765517,-0.000122113
10500,445.036116,92,-0.00272782,0.00754363,-0.000119932
10500,319.521432,93,-0.00225873,0.00628642,-0.000103094
10500,177.320887,94,-0.00156368,0.00441027,-8.43e-05
10500,76.512977,95,-0.000890483,0.00261562,-4.44e-05
10500,54.31881,96,-0.000525568,0.00165408,-1.95e-05
10500,122.318646,97,-0.000584845,0.0018208,-3.33e-05
10500,382.737793,98,-0.00172329,0.00491692,-9.88e-05
14000,476.008114,99,-0.00243186,0.00662261,-0.000175109
14000,508.92895,100,-0.00283104,0.0076822,-0.000207883
14000,457.985406,101,-0.00282341,0.00765809,-0.000204987
14000,330.747369,102,-0.00237938,0.00646688,-0.000174318
14000,189.73867,103,-0.00169565,0.00461091,-0.000162843
14000,78.30075,104,-0.00100846,0.00277745,-0.00013025
14000,53.014218,105,-0.000616336,0.00174302,-9.46e-05
14000,113.492518,106,-0.000649846,0.00182051,-9.69e-05
14000,238.056895,107,-0.0010912,0.00301234,-0.000132015
14000,374.346525,108,-0.00177779,0.00484525,-0.000160124
17500,468.502679,109,-0.0022773,0.00635508,-0.000162265
17500,509.927527,110,-0.00275938,0.00764076,-0.000200903
17500,461.770336,111,-0.00278568,0.00771768,-0.000202158
17500,335.09601,112,-0.00236388,0.00659247,-0.000169245
17500,194.699341,113,-0.00169325,0.0047579,-0.000153256
17500,86.62759,114,-0.000992944,0.00289796,-0.000133242
17500,48.939382,115,-0.000573814,0.00177464,-9.3e-05
17500,102.427646,116,-0.000573611,0.00177372,-9.18e-05
17500,227.475203,117,-0.000992174,0.00291196,-0.000128539
17500,364.312438,118,-0.00166064,0.00470115,-0.000162376
21000,469.93612,119,-0.00243215,0.00643268,-0.000167882
21000,503.807215,120,-0.0028808,0.00762905,-0.000202584
21000,467.842329,121,-0.00293799,0.00777986,-0.00020577
21000,351.926863,122,-0.00254767,0.00673306,-0.000188493
21000,213.028054,123,-0.0018962,0.004946,-0.000151839
21000,92.619048,124,-0.00124633,0.00322477,-0.000120182
21000,50.018489,125,-0.000737031,0.00186545,-9.99e-05
21000,93.166655,126,-0.000703342,0.00177294,-9.27e-05
21000,215.202374,127,-0.00109474,0.0028348,-0.000126274
21000,353.82738,128,-0.00175413,0.00460186,-0.000152825
24500,458.500801,129,-0.00231888,0.00634804,-0.000193515
24500,508.880632,130,-0.00274889,0.00750038,-0.000223281
24500,471.997699,131,-0.00287028,0.00783214,-0.000221933
24500,361.075116,132,-0.00250424,0.00685943,-0.000228265
24500,218.794029,133,-0.00185797,0.00510302,-0.000177895
24500,99.190326,134,-0.00115018,0.00319777,-0.00014271
24500,52.740415,135,-0.000678176,0.00194161,-0.000136267
24500,91.411093,136,-0.00060952,0.00176598,-0.000118702
24500,205.941381,137,-0.00097261,0.00275175,-0.000151967
24500,346.257523,138,-0.00161657,0.00448984,-0.00017902
28000,456.793556,139,-0.00228128,0.00629082,-0.000161966
28000,510.748938,140,-0.00276702,0.0076106,-0.000191864
28000,483.271957,141,-0.00288898,0.00792959,-0.00018873
28000,373.653964,142,-0.00256229,0.00704771,-0.000199208
28000,230.905797,143,-0.00191757,0.00531678,-0.000149677
28000,104.972406,144,-0.00121353,0.00340037,-0.000103898
28000,52.933688,145,-0.000713501,0.00207069,-9.97e-05
28000,86.482635,146,-0.000608706,0.00181107,-8.57e-05
28000,197.308525,147,-0.000953696,0.00272719,-0.000116077
28000,333.759206,148,-0.0015866,0.00442272,-0.000142844
31500,447.194331,149,-0.00226778,0.00613923,-0.000177202
31500,506.947902,150,-0.00277055,0.00751289,-0.000201119
31500,482.353911,151,-0.00292146,0.00791393,-0.00019837
31500,380.031972,152,-0.00262174,0.00711657,-0.000205399
31500,237.783092,153,-0.00198665,0.00540979,-0.000172018
31500,110.28741,154,-0.00126933,0.00348436,-0.000118122
31500,51.226444,155,-0.000745976,0.00209011,-0.000113838
31500,74.886263,156,-0.000606708,0.00174551,-9.6e-05
31500,179.640161,157,-0.000911079,0.00257537,-0.00011616
31500,325.883333,158,-0.00153118,0.00425075,-0.000157468
35000,441.589414,159,-0.00220998,0.006054,-0.000148788
35000,509.057799,160,-0.00273834,0.00748748,-0.000169722
35000,485.881143,161,-0.00291509,0.00796417,-0.000169731
35000,389.872787,162,-0.00266562,0.00725678,-0.000164444
35000,249.604951,163,-0.0020487,0.00559509,-0.000148804
35000,119.999371,164,-0.00132788,0.00367238,-0.000103603
35000,56.621978,165,-0.000785386,0.00220319,-6.89e-05
35000,76.206961,166,-0.000626393,0.00178214,-6.44e-05
35000,175.79081,167,-0.000901879,0.0025246,-8.36e-05
35000,310.502028,168,-0.00151234,0.00416144,-0.000117696
38500,433.471949,169,-0.00214776,0.00595084,-0.000177827
38500,502.615365,170,-0.00268345,0.0074239,-0.000190037
38500,493.966397,171,-0.0028961,0.0079895,-0.00019626
38500,398.843874,172,-0.00266673,0.00737095,-0.000189167
38500,258.737097,173,-0.00207119,0.00575111,-0.000180816
38500,128.712757,174,-0.00134559,0.00381335,-0.000142425
38500,56.65419,175,-0.00078542,0.00228932,-9.02e-05
38500,71.117443,176,-0.00059587,0.00179136,-8.91e-05
38500,305.009856,177,-0.00143562,0.00406124,-0.00014334
42000,422.423177,178,-0.0022358,0.00583545,-0.000184269
42000,502.776426,179,-0.00280487,0.00738453,-0.000188922
42000,497.396993,180,-0.00303641,0.00801992,-0.000199146
42000,404.223305,181,-0.00283636,0.00748256,-0.000192489
42000,271.509215,182,-0.00227136,0.00592565,-0.000180379
42000,134.059973,183,-0.00155143,0.00398712,-0.00014324
42000,59.295586,184,-0.000959187,0.00239081,-9.04e-05
42000,64.465635,185,-0.000746974,0.00181888,-9.44e-05
42000,155.835384,186,-0.000965699,0.00240152,-9.52e-05
42000,299.968654,187,-0.00153141,0.0039467,-0.000145489
45500,496.768856,188,-0.0026805,0.00730457,-0.000186614
45500,501.842273,189,-0.00293734,0.00799643,-0.000192953
45500,419.846204,190,-0.00277433,0.00754762,-0.000190229
45500,280.448088,191,-0.00223002,0.00605496,-0.000173829
45500,143.256541,192,-0.00151861,0.00412429,-0.000134524
45500,67.574107,193,-0.000908934,0.00247898,-9.11e-05
45500,61.389375,194,-0.000668961,0.00182972,-9.29e-05
45500,147.701817,195,-0.00085082,0.00233177,-7.9e-05
45500,280.754104,196,-0.00140695,0.00382442,-0.000129231
45500,422.584237,197,-0.00211663,0.00570918,-0.000165434
49000,494.046928,198,-0.00262941,0.00726727,-0.000187033
49000,502.502622,199,-0.0029173,0.0080472,-0.000201079
49000,426.320848,200,-0.00278438,0.0076911,-0.000196512
49000,291.335796,201,-0.00224351,0.00623882,-0.000171214
49000,150.488168,202,-0.0015373,0.00430863,-0.000146664
49000,65.480317,203,-0.000908034,0.00262013,-0.000116924
49000,60.761239,204,-0.000636753,0.00188336,-0.000101293
49000,140.47019,205,-0.000782898,0.00230376,-9.39e-05
49000,275.680689,206,-0.00131429,0.00374203,-0.00013174
49000,412.437406,207,-0.00201816,0.00562676,-0.000179763
52500,488.81245,208,-0.00243765,0.00715278,-0.000167623
52500,503.710578,209,-0.00274036,0.00800442,-0.000171421
52500,433.149827,210,-0.00263726,0.00773183,-0.000171897
52500,298.631849,211,-0.00212912,0.0063465,-0.00013743
52500,158.573417,212,-0.00142978,0.00442881,-0.000124818
52500,62.549013,213,-0.000851893,0.00285253,-0.000100857
52500,56.138796,214,-0.000513043,0.00188828,-7.71e-05
52500,263.697768,215,-0.00120584,0.00360444,-9.25e-05
52500,403.579061,216,-0.00192978,0.00547386,-0.000139797
56000,485.285218,217,-0.00263817,0.00707137,-0.000194419
56000,509.975845,218,-0.00298258,0.00800359,-0.000193496
56000,441.782687,219,-0.00291184,0.00781134,-0.000192298
56000,312.177061,220,-0.00241879,0.00648708,-0.000164858
56000,169.751032,221,-0.00172048,0.0045716,-0.000150653
56000,73.726626,222,-0.00106646,0.00281912,-0.000124525
56000,58.409752,223,-0.000732583,0.00191603,-9.87e-05
56000,126.957195,224,-0.000827677,0.00217048,-9.57e-05
56000,255.097123,225,-0.00130717,0.00348038,-0.000108899
56000,389.276862,226,-0.00199408,0.00534107,-0.000153942
59500,483.771246,227,-0.0025636,0.00699112,-0.000203286
59500,508.091433,228,-0.0029308,0.00798774,-0.000196986
59500,447.967423,229,-0.00289749,0.00788731,-0.000199441
59500,319.956296,230,-0.00243124,0.00663024,-0.000175443
59500,178.287251,231,-0.00174529,0.00473958,-0.000147381
59500,73.404505,232,-0.00107784,0.00295016,-0.000119824
59500,51.08149,233,-0.000718117,0.00196359,-0.000109556
59500,117.986112,234,-0.00077337,0.00213209,-0.000100756
59500,243.710128,235,-0.00123679,0.00338226,-0.000109124
59500,383.559203,236,-0.00191291,0.00523795,-0.000155002
63000,476.507402,237,-0.0025472,0.00689488,-0.000224345
63000,506.513037,238,-0.00294229,0.00797068,-0.000221084
63000,454.699766,239,-0.00294117,0.00796482,-0.000221787
63000,330.811793,240,-0.00250101,0.00677095,-0.000220227
63000,187.805941,241,-0.00182433,0.0048961,-0.000179906
63000,80.39454,242,-0.00114074,0.00306321,-0.000150186
63000,49.003807,243,-0.000755975,0.00200481,-0.000137787
63000,111.221562,244,-0.000781691,0.00209054,-0.000131965
63000,234.239755,245,-0.00122112,0.00327653,-0.000142003
63000,370.770976,246,-0.00189236,0.005098,-0.000181519
66500,470.161605,247,-0.00239174,0.00678549,-0.000159217
66500,510.942211,248,-0.00281246,0.0079159,-0.000159362
66500,463.187671,249,-0.00284241,0.00799731,-0.00016624
66500,341.361275,250,-0.00242063,0.0068699,-0.000168364
66500,198.661435,251,-0.0017517,0.00503486,-0.000114491
66500,83.406375,252,-0.00106139,0.00317131,-8.15e-05
66500,59.569389,253,-0.000639246,0.00205074,-7.03e-05
66500,98.88431,254,-0.000628139,0.00203241,-7.77e-05
66500,215.878829,255,-0.0010351,0.00315586,-8.81e-05
66500,365.633136,256,-0.00170348,0.00495482,-0.000120665
70000,464.766067,257,-0.00243276,0.00671325,-0.000184472
70000,508.671253,258,-0.0028747,0.00791252,-0.000188986
70000,470.628682,259,-0.00293718,0.0080822,-0.000195598
70000,352.764379,260,-0.002554,0.00703442,-0.000194831
70000,206.537306,261,-0.0018901,0.00523076,-0.000156062
70000,90.589683,262,-0.0011981,0.0033369,-0.000108435
70000,52.386081,263,-0.000751007,0.00214343,-9.81e-05
70000,99.641296,264,-0.000710803,0.00203856,-0.000101198
70000,213.350175,265,-0.00110008,0.00310244,-0.000114268
70000,352.603318,266,-0.0017512,0.00486693,-0.000145191
73500,454.506492,267,-0.00235467,0.00658159,-0.000153884
73500,510.539558,268,-0.00281936,0.00783256,-0.00017734
73500,479.084376,269,-0.00290806,0.00807513,-0.000179509
73500,363.346073,270,-0.00255889,0.00712004,-0.000176103
73500,220.38853,271,-0.00191052,0.00535088,-0.000144612
73500,97.096536,272,-0.00120928,0.00343229,-9.32e-05
73500,46.555684,273,-0.000739839,0.00217041,-7.74e-05
73500,86.418211,274,-0.000665326,0.00197802,-9.3e-05
73500,201.238407,275,-0.00102773,0.00297485,-0.0001068
73500,343.149049,276,-0.00168097,0.00472219,-0.000132198
77000,455.66613,277,-0.00237867,0.00649631,-0.000143485
77000,509.073905,278,-0.0028689,0.00781542,-0.000174414
77000,480.469499,279,-0.00299095,0.00814734,-0.00018364
77000,372.156098,280,-0.0026772,0.00727627,-0.000172513
77000,228.006704,281,-0.00203941,0.00552356,-0.000158906
77000,100.688191,282,-0.00133238,0.00360248,-0.000116713
77000,53.094749,283,-0.000844635,0.00226934,-7.69e-05
77000,86.402105,284,-0.000741331,0.00199034,-9.63e-05
77000,198.613117,285,-0.00107457,0.00290979,-0.000115383
77000,335.128222,286,-0.00171118,0.00462213,-0.000136529
80500,447.097694,287,-0.00232773,0.00637762,-0.000162825
80500,506.480825,288,-0.00284312,0.00774438,-0.000201884
80500,482.531078,289,-0.00299185,0.00816304,-0.000209651
80500,380.595684,290,-0.00270526,0.00737176,-0.00019255
80500,238.926623,291,-0.0020793,0.0056619,-0.000177042
80500,110.561213,292,-0.00137119,0.00372412,-0.000146072
80500,52.59546,293,-0.00086182,0.00232375,-9.66e-05
80500,75.659355,294,-0.000738543,0.00197649,-0.000110322
80500,185.534984,295,-0.00103003,0.00281099,-0.000130468
80500,325.110241,296,-0.00164227,0.0044682,-0.000154401
84000,435.163088,297,-0.00221297,0.00627602,-0.000159897
84000,509.524875,298,-0.00273857,0.00772209,-0.000191856
84000,490.841817,299,-0.00291725,0.00821149,-0.000200107
84000,391.370652,300,-0.00266486,0.0075144,-0.000190833
84000,250.055922,301,-0.00206724,0.00584987,-0.000175074
84000,115.860111,302,-0.00135318,0.00390666,-0.000139812
84000,57.733297,303,-0.000811944,0.00243017,-9.2e-05
84000,77.962523,304,-0.000654295,0.00200109,-0.000106638
84000,174.760021,305,-0.000923822,0.00275569,-0.000124017
84000,316.251898,306,-0.00145294,0.00419381,-0.000139421
87500,431.152673,307,-0.00217835,0.00611704,-0.000202875
87500,503.372351,308,-0.00272265,0.00760203,-0.000227374
87500,491.679333,309,-0.00292755,0.00816799,-0.000239967
87500,400.486694,310,-0.00270836,0.00755843,-0.000238123
87500,261.169114,311,-0.00212609,0.00594523,-0.000213347
87500,124.299693,312,-0.00141649,0.00400768,-0.000182113
87500,54.39934,313,-0.00085361,0.00247442,-0.000143542
87500,72.228761,314,-0.000670517,0.00197278,-0.000147598
87500,168.510864,315,-0.000906212,0.00263446,-0.000163527
87500,303.705264,316,-0.00149118,0.00421872,-0.000185445
91000,426.755713,317,-0.00216887,0.00602749,-0.00017379
91000,500.569892,318,-0.00272975,0.00756641,-0.000202404
91000,498.057343,319,-0.00296342,0.00821871,-0.000205918
91000,407.976022,320,-0.00277993,0.00768746,-0.000198325
91000,269.93082,321,-0.00221085,0.00612709,-0.000170966
91000,133.560685,322,-0.0015041,0.00418177,-0.000150875
91000,56.589766,323,-0.000918137,0.00259306,-0.000121031
91000,64.868287,324,-0.000707484,0.00201396,-0.000108946
91000,157.075552,325,-0.000918583,0.00259097,-0.000125182
91000,295.732755,326,-0.00148013,0.00413379,-0.000149259
94500,495.577006,327,-0.00269683,0.00748456,-0.000195014
94500,499.458572,328,-0.00297318,0.00820466,-0.000203644
94500,413.564832,329,-0.00281585,0.00776669,-0.00018839
94500,279.079072,330,-0.00225758,0.00625742,-0.000169856
94500,142.435131,331,-0.00154866,0.00431772,-0.000149012
94500,61.4538,332,-0.000947775,0.00267571,-0.000124623
94500,61.969194,333,-0.000706129,0.00201492,-0.000107281
94500,149.231894,334,-0.000881148,0.00250934,-0.000104637
94500,286.809988,335,-0.00141689,0.00400829,-0.000149094
94500,420.103901,336,-0.00212104,0.00590642,-0.000178172
98000,493.451003,337,-0.00257376,0.00740341,-0.000154978
98000,502.776426,338,-0.00286796,0.00820375,-0.000169456
98000,428.527382,339,-0.00274173,0.0078493,-0.000163718
98000,290.433856,340,-0.00221991,0.00641363,-0.000131411
98000,148.668181,341,-0.00151337,0.00445755,-0.000121973
98000,65.238726,342,-0.000892888,0.00278068,-9.57e-05
98000,57.588342,343,-0.000620215,0.00203442,-7.64e-05
98000,138.924007,344,-0.00076468,0.00244151,-7.37e-05
98000,274.843173,345,-0.00129242,0.00387822,-0.00012171
98000,408.072658,346,-0.00199464,0.00576552,-0.000153629
101500,489.907664,347,-0.00262337,0.00732474,-0.000200554
101500,503.984382,348,-0.00293927,0.00819394,-0.000218115
101500,430.9594,349,-0.0028801,0.0080174,-0.000212404
101500,299.485471,350,-0.00234467,0.00655437,-0.000187432
101500,162.148965,351,-0.00164718,0.00461717,-0.000168121
101500,63.032195,352,-0.00101247,0.00288885,-0.00013954
101500,58.538601,353,-0.000714906,0.00206931,-0.000115996
101500,128.45506,354,-0.000823953,0.00238886,-0.000116462
101500,263.005207,355,-0.00132409,0.00377098,-0.000161538
101500,403.063667,356,-0.00201887,0.00565012,-0.0001903
105000,485.671764,357,-0.00257564,0.00724565,-0.00018127
105000,506.980114,358,-0.00291354,0.0081947,-0.000189822
105000,438.819168,359,-0.00287868,0.00809195,-0.000189852
105000,312.692455,360,-0.00236037,0.00668681,-0.000172765
105000,169.493335,361,-0.00166846,0.00477878,-0.000129363
105000,66.913758,362,-0.00101279,0.00301116,-9.79e-05
105000,53.094749,363,-0.000677996,0.00209892,-7.91e-05
105000,120.804675,364,-0.000759494,0.00234303,-7.06e-05
105000,247.946026,365,-0.00122697,0.00364744,-0.000106781
105000,389.341286,366,-0.00191973,0.00552074,-0.000155997
108500,482.386123,367,-0.00254634,0.00715712,-0.000186567
108500,509.202753,368,-0.002912,0.0081747,-0.000200415
108500,450.673245,369,-0.00288114,0.00808887,-0.000202597
108500,324.900862,370,-0.00242211,0.00682524,-0.000197149
108500,179.720692,371,-0.00173098,0.00492964,-0.000147267
108500,78.236326,372,-0.00107359,0.00312819,-0.000113273
108500,54.463765,373,-0.00070721,0.00214455,-9.63e-05
108500,119.274598,374,-0.00076094,0.00229908,-9.22e-05
108500,244.338265,375,-0.00121353,0.00354916,-0.000125624
108500,385.524145,376,-0.00189322,0.00539549,-0.00016352
112000,474.671309,377,-0.00247418,0.0070243,-0.000196336
112000,508.10754,378,-0.00286903,0.00810891,-0.000197145
112000,452.219429,379,-0.00286921,0.00810911,-0.000201801
112000,332.293552,380,-0.00244273,0.00692199,-0.000202967
112000,186.775152,381,-0.00176043,0.00504589,-0.00015488
112000,81.618601,382,-0.0010982,0.0032111,-0.000109229
112000,52.128384,383,-0.000713006,0.00215824,-9.32e-05
112000,107.146726,384,-0.000728841,0.0022225,-8.74e-05
112000,228.973068,385,-0.00116331,0.003415,-0.000116586
112000,371.495749,386,-0.0018267,0.00523785,-0.000160104
115500,462.189094,387,-0.00247572,0.00691016,-0.000206332
115500,504.805792,388,-0.00289749,0.00805064,-0.000205057
115500,461.367684,389,-0.00293047,0.00813997,-0.000207179
115500,333.759205,390,-0.00252442,0.00702231,-0.000205598
115500,201.012922,391,-0.00186187,0.00519404,-0.000162986
115500,80.813298,392,-0.00118807,0.00332368,-0.000116827
115500,49.342034,393,-0.000771917,0.00220177,-0.000100803
115500,101.34854,394,-0.000764795,0.00217653,-0.000102177
115500,217.151209,395,-0.00117238,0.00329975,-0.000115069
115500,358.643098,396,-0.00181939,0.00508912,-0.000157234
119000,460.353001,397,-0.00242639,0.00678546,-0.000204842
119000,508.622934,398,-0.00286649,0.00798543,-0.000200841
119000,472.803003,399,-0.00292655,0.0081724,-0.000208344
119000,350.847755,400,-0.002558,0.00712728,-0.000192113
119000,202.172559,401,-0.00189575,0.00531634,-0.000172646
119000,90.927911,402,-0.00121753,0.00342133,-0.000116225
119000,52.643779,403,-0.000767696,0.00222117,-9.3e-05
119000,91.684896,404,-0.000727188,0.0021083,-9.98e-05
119000,213.672297,405,-0.00111018,0.00316098,-0.000109663
119000,353.859592,406,-0.00176368,0.00493618,-0.000150555
122500,456.841874,407,-0.00238668,0.00671624,-0.000175803
122500,506.99622,408,-0.00285368,0.00798316,-0.000179368
122500,473.495565,409,-0.00294326,0.00824788,-0.000188792
122500,363.668194,410,-0.00260279,0.00727727,-0.000169119
122500,214.268222,411,-0.00195284,0.00550064,-0.000156876
122500,98.578295,412,-0.0012542,0.00358291,-0.000116186
122500,54.528189,413,-0.0007976,0.00232777,-8.17e-05
122500,86.514847,414,-0.000728972,0.00212829,-8.29e-05
122500,205.683684,415,-0.00102955,0.00296523,-0.000100868
122500,341.844457,416,-0.00172048,0.00484154,-0.000133212
126000,459.145044,417,-0.00233485,0.00661429,-0.000178275
126000,503.726685,418,-0.00282849,0.00793357,-0.000197063
126000,482.659926,419,-0.00295009,0.00828064,-0.000207105
126000,366.229061,420,-0.0026293,0.00740367,-0.000195518
126000,224.688853,421,-0.00207037,0.00587024,-0.000180891
126000,101.171373,422,-0.00128605,0.00373471,-0.000147458
126000,45.653744,423,-0.000806757,0.00239715,-9.9e-05
126000,89.832698,424,-0.000701852,0.0021247,-0.000104078
126000,191.91299,425,-0.00102293,0.00303167,-0.000123044
126000,328.089866,426,-0.00164925,0.00473806,-0.000160615
129500,445.599829,427,-0.00229395,0.00650092,-0.000180713
129500,504.596413,428,-0.00280603,0.00789062,-0.000206154
129500,486.79919,429,-0.0029509,0.00831293,-0.000210953
129500,382.802217,430,-0.00267125,0.00752462,-0.00020356
129500,239.538654,431,-0.0020555,0.00581953,-0.000183845
129500,116.504354,432,-0.00134308,0.00387558,-0.000157525
129500,52.724309,433,-0.000838697,0.00247473,-0.000114154
129500,76.480764,434,-0.000706538,0.00212755,-0.000101909
129500,186.74294,435,-0.00100239,0.00294875,-0.000128256
129500,325.464575,436,-0.0016183,0.0046179,-0.000154418
133000,439.22182,437,-0.00228252,0.00639314,-0.000165326
133000,501.375196,438,-0.00280568,0.00781854,-0.000199331
133000,491.292787,439,-0.00299078,0.00832758,-0.000206328
133000,391.386758,440,-0.00274336,0.00762619,-0.000204961
133000,248.654693,441,-0.00213648,0.00596002,-0.000182317
133000,115.586308,442,-0.00142419,0.00400864,-0.000150358
133000,50.582201,443,-0.000891444,0.00253031,-0.00012162
133000,71.681155,444,-0.000736429,0.00211062,-0.000102398
133000,175.581431,445,-0.00100179,0.00284921,-0.000133011
133000,316.268004,446,-0.00159675,0.00449052,-0.000155349
136500,431.378158,447,-0.00224274,0.00624959,-0.000163973
136500,499.522996,448,-0.00278491,0.00773879,-0.000194072
136500,494.497898,449,-0.00299684,0.00831876,-0.000198937
136500,398.731131,450,-0.00277804,0.00771064,-0.000191136
136500,259.139749,451,-0.00218829,0.00609185,-0.000170256
136500,124.315799,452,-0.00149003,0.00415168,-0.000139191
136500,55.414023,453,-0.000923713,0.00260807,-0.00011314
136500,69.845063,454,-0.000748032,0.00210801,-0.000102418
136500,165.579559,455,-0.000978111,0.0027633,-0.000122108
136500,305.509144,456,-0.00155977,0.00435641,-0.000143182
140000,425.257847,457,-0.00222604,0.00615192,-0.000158311
140000,502.116076,458,-0.0027913,0.0077121,-0.000183702
140000,498.443889,459,-0.00302366,0.00836251,-0.000186489
140000,409.167872,460,-0.00284315,0.00784281,-0.000186044
140000,273.280884,461,-0.00226737,0.00627557,-0.000152774
140000,136.975172,462,-0.00157156,0.00432622,-0.000136145
140000,58.264797,463,-0.000984415,0.00273462,-0.000117319
140000,66.688273,464,-0.000775915,0.00215482,-8.49e-05
140000,159.620311,465,-0.000977595,0.00272216,-0.000120054
140000,293.349056,466,-0.00154229,0.00425825,-0.000135502
143500,493.128881,467,-0.00269923,0.00763466,-0.000191107
143500,508.397449,468,-0.00295701,0.00836046,-0.000189967
143500,419.427445,469,-0.0028108,0.00791994,-0.000191531
143500,284.458501,470,-0.0022571,0.00641799,-0.000160133
143500,55.510659,471,-0.000953753,0.00282305,-0.000120744
143500,58.216479,472,-0.00071269,0.00215828,-8.65e-05
143500,147.266953,473,-0.00143148,0.00413654,-0.00013621
143500,418.461081,474,-0.00211472,0.00602317,-0.000159839
147000,491.679333,475,-0.00274079,0.00752666,-0.00022521
147000,505.675521,476,-0.00302664,0.00833413,-0.00023092
147000,423.115738,477,-0.00290014,0.00797724,-0.000231459
147000,293.70339,478,-0.00236979,0.00653454,-0.000204233
147000,151.100199,479,-0.00167642,0.00458794,-0.000190855
147000,62.43627,480,-0.00107106,0.00290364,-0.000165091
147000,62.758391,481,-0.000804776,0.00215367,-0.000142349
147000,135.896065,482,-0.000952186,0.00255305,-0.000157337
147000,273.135929,483,-0.00146966,0.00398406,-0.000195526
147000,406.639217,484,-0.00216416,0.00587657,-0.000226772
150500,490.052619,485,-0.00265754,0.00747671,-0.000193815
150500,505.788263,486,-0.0029825,0.00835635,-0.000202932
150500,429.719232,487,-0.00289382,0.00808871,-0.000204994
150500,303.930749,488,-0.00239652,0.00670183,-0.000191463
150500,162.261708,489,-0.0017009,0.00477058,-0.000156855
150500,66.736591,490,-0.00107321,0.00304076,-0.000122981
150500,59.343904,491,-0.000772779,0.002213,-9.78e-05
150500,128.98656,492,-0.000883734,0.00253109,-0.000116393
150500,260.299386,493,-0.00138136,0.0039023,-0.000152484
150500,397.233266,494,-0.00207581,0.00578818,-0.00018042
154000,485.059733,495,-0.00256589,0.00735873,-0.000197411
154000,508.655147,496,-0.0029114,0.0083132,-0.000211116
154000,441.847112,497,-0.00284811,0.00813304,-0.000213491
154000,310.131589,498,-0.00237391,0.00680627,-0.000211563
154000,164.870891,499,-0.00167495,0.00488147,-0.000160095
154000,69.619578,500,-0.00103641,0.00311473,-0.000122924
154000,52.208915,501,-0.000703181,0.00220702,-0.000110355
154000,124.170844,502,-0.000783113,0.00244119,-0.000114346
154000,251.634317,503,-0.00125498,0.00375623,-0.000158605
154000,390.694197,504,-0.00194111,0.00562685,-0.000188359
157500,483.400806,505,-0.00253718,0.00724697,-0.00014541
157500,509.283284,506,-0.00290867,0.00826749,-0.000164026
157500,451.172533,507,-0.00288181,0.00818047,-0.000164784
157500,320.793812,508,-0.00242704,0.00691847,-0.000163942
157500,178.222827,509,-0.00173599,0.00502077,-0.000114381
157500,74.789627,510,-0.00107918,0.00321626,-7.73e-05
157500,55.075795,511,-0.000724134,0.00224254,-5.6e-05
157500,121.094584,512,-0.000776041,0.00239634,-6.45e-05
157500,243.871188,513,-0.00122416,0.00364888,-0.000104982
157500,377.358362,514,-0.00190246,0.00550554,-0.000142883
161000,472.029911,515,-0.00259547,0.00713782,-0.00020034
161000,505.337293,516,-0.00300203,0.00822042,-0.000215371
161000,454.603129,517,-0.00300634,0.00822678,-0.000214474
161000,329.877641,518,-0.00257352,0.00702339,-0.000204259
161000,183.022437,519,-0.00187675,0.00514432,-0.000167205
161000,80.185161,520,-0.00122412,0.00331696,-0.000117823
161000,52.225021,521,-0.00084191,0.00225735,-0.00010399
161000,108.64459,522,-0.000858697,0.00232391,-0.000105593
161000,228.892538,523,-0.00128547,0.00352292,-0.000137177
161000,361.622722,524,-0.0019487,0.00535641,-0.000178329
164500,477.21607,525,-0.00254428,0.00709891,-0.000194333
164500,508.92895,526,-0.00295971,0.00824399,-0.000205319
164500,459.579909,527,-0.00299035,0.00833241,-0.000204581
164500,342.93967,528,-0.00264159,0.00736041,-0.000188536
164500,200.674695,529,-0.00191391,0.00536223,-0.000170256
164500,89.94544,530,-0.00124544,0.00350582,-0.000126474
164500,51.049278,531,-0.000832921,0.00236817,-9.97e-05
164500,106.583013,532,-0.000823233,0.0023523,-9.46e-05
164500,222.643381,533,-0.00122969,0.00348187,-0.000122058
164500,367.871881,534,-0.0018745,0.0052822,-0.000162827
168000,464.717749,535,-0.00254082,0.00697723,-0.000238794
168000,511.264332,536,-0.00297247,0.00817793,-0.000239026
168000,466.296145,537,-0.0030357,0.00835344,-0.000233151
168000,354.600472,538,-0.00265314,0.00728755,-0.00021908
168000,207.87411,539,-0.00199723,0.00548415,-0.00020514
168000,92.989488,540,-0.00131012,0.0036002,-0.000165155
168000,54.383234,541,-0.000879397,0.00240461,-0.000131743
168000,97.08043,542,-0.000838682,0.00230385,-0.00012715
168000,212.399917,543,-0.00121616,0.00336855,-0.000142261
168000,352.699954,544,-0.0018561,0.00514191,-0.000188975
171500,460.981138,545,-0.00247535,0.00687788,-0.000212436
171500,508.139752,546,-0.00292458,0.00813843,-0.000212431
171500,475.943689,547,-0.00301888,0.00839904,-0.000207375
171500,361.445556,548,-0.0026685,0.00742102,-0.000205627
171500,221.371001,549,-0.00203077,0.0056329,-0.000190612
171500,95.824157,550,-0.00133047,0.00371904,-0.000155281
171500,52.917582,551,-0.000876169,0.00246124,-0.000113161
171500,92.957276,552,-0.000806421,0.00227986,-0.000104139
171500,201.463892,553,-0.00117137,0.00327535,-0.00012014
171500,342.279321,554,-0.00179919,0.00501505,-0.000158981
175000,451.26917,555,-0.00250891,0.00676921,-0.000186731
175000,505.611096,556,-0.00299033,0.00808439,-0.000191493
175000,479.358179,557,-0.0031035,0.00842048,-0.000187215
175000,369.160368,558,-0.00278447,0.00752389,-0.00018751
175000,226.090081,559,-0.00215886,0.00577335,-0.000170296
175000,103.651708,560,-0.00144693,0.00383177,-0.000138632
175000,52.901476,561,-0.00097106,0.00250154,-0.000101533
175000,82.085677,562,-0.00087096,0.00224491,-8.62e-05
175000,195.230841,563,-0.0012019,0.00316096,-0.00010608
175000,451.140321,564,-0.0024969,0.00675057,-0.000190432
178500,445.02001,565,-0.00229038,0.00660549,-0.000184266
178500,506.99622,566,-0.00280165,0.00798641,-0.000196389
178500,480.034635,567,-0.00294783,0.00840147,-0.000199737
178500,375.828285,568,-0.00266554,0.00760186,-0.000197483
178500,233.901528,569,-0.0020455,0.00588761,-0.000175242
178500,109.707591,570,-0.00133528,0.00394637,-0.000144969
178500,50.63052,571,-0.000833703,0.0025514,-0.000119037
178500,74.886263,572,-0.000707591,0.00221256,-9.26e-05
178500,185.341712,573,-0.00100275,0.00304587,-0.000106959
178500,323.660694,574,-0.00161898,0.0047247,-0.000148375
182000,440.961277,575,-0.0023327,0.00651511,-0.000176162
182000,503.855533,576,-0.00286389,0.00794764,-0.000201541
182000,489.746603,577,-0.00303869,0.00843856,-0.000206675
182000,389.760044,578,-0.00278666,0.00773161,-0.000199004
182000,248.396996,579,-0.00146916,0.0041085,-0.000145125
182000,54.334916,580,-0.000776808,0.00222475,-9.71e-05
182000,176.515583,581,-0.00104801,0.00297338,-0.000117527
182000,317.959143,582,-0.00164597,0.00462084,-0.000149659
185500,441.653839,583,-0.00235199,0.00636455,-0.000190403
185500,501.616787,584,-0.00289633,0.0078609,-0.000225834
185500,494.594535,585,-0.00309417,0.0084352,-0.000230597
185500,404.964184,586,-0.00286429,0.00780701,-0.000227121
185500,259.783992,587,-0.00225259,0.00617066,-0.000203821
185500,119.242386,588,-0.00154461,0.00422226,-0.000177424
185500,56.412599,589,-0.000983496,0.00270213,-0.000157889
185500,74.032641,590,-0.000788423,0.00221323,-0.000124647
185500,168.462546,591,-0.00101756,0.00288579,-0.000151832
185500,311.291226,592,-0.00158786,0.00449055,-0.000175353
189000,500.90812,593,-0.00283516,0.00781195,-0.000186356
189000,498.991496,594,-0.00306132,0.00844161,-0.000195228
189000,403.224728,595,-0.00288012,0.00790342,-0.000193721
189000,268.304106,596,-0.0023067,0.00632372,-0.0001639
189000,129.518061,597,-0.00160053,0.00437093,-0.00015045
189000,56.815251,598,-0.00102058,0.00279082,-0.000125958
189000,64.095195,599,-0.000815688,0.00222298,-9.38e-05
189000,152.549745,600,-0.00102244,0.00281042,-0.00013058
189000,294.250996,601,-0.00158897,0.00435044,-0.000150251
192500,497.477524,602,-0.00273496,0.00774604,-0.000179866
192500,501.487939,603,-0.0029935,0.00846397,-0.000183422
192500,415.368713,604,-0.00283342,0.00799454,-0.000184577
192500,279.723315,605,-0.00227826,0.00648066,-0.000149199
192500,141.855312,606,-0.00156855,0.00452458,-0.000139332
192500,55.236856,607,-0.000973548,0.00289088,-0.000108958
192500,61.067254,608,-0.000741125,0.00224789,-7.66e-05
192500,150.037198,609,-0.000917986,0.00275214,-0.000110832
192500,284.184698,610,-0.00145647,0.00423663,-0.000129398
192500,420.087795,611,-0.00214642,0.00614598,-0.000152232
196000,494.046928,612,-0.0026927,0.00764539,-0.000120811
196000,503.517305,613,-0.0029738,0.00843693,-0.000123352
196000,422.423177,614,-0.00284732,0.00806228,-0.000128484
196000,286.39123,615,-0.00231358,0.00660379,-9.74e-05
196000,146.880407,616,-0.00168089,0.00485222,-7.01e-05
196000,65.576954,617,-0.000991228,0.00297182,-4.28e-05
196000,58.619131,618,-0.00072808,0.00224428,-1.54e-05
196000,135.428989,619,-0.000879246,0.00266796,-5.03e-05
196000,273.876809,620,-0.00140728,0.0041093,-7.27e-05
196000,411.100601,621,-0.00210552,0.00601051,-0.000104834
199500,489.794921,622,-0.00271227,0.00753293,-0.000196861
199500,504.290397,623,-0.00303007,0.00840201,-0.000203086
199500,427.238895,624,-0.00292938,0.00811406,-0.000206305
199500,298.213091,625,-0.00172571,0.0047682,-0.000148149
199500,60.793451,626,-0.00109644,0.00304858,-0.000117243
199500,56.235433,627,-0.000799449,0.00224546,-9.46e-05
199500,127.456483,628,-0.000918957,0.00258132,-0.000118694
199500,263.601132,629,-0.00141934,0.00396436,-0.000150389
199500,398.908298,630,-0.00210995,0.00585037,-0.0001791
203000,483.271957,631,-0.00266948,0.00747471,-0.000206195
203000,500.585998,632,-0.00300879,0.00841134,-0.000209595
203000,444.617358,633,-0.00294318,0.0082118,-0.000213369
203000,308.343814,634,-0.0024657,0.00687092,-0.000219491
203000,169.074577,635,-0.00177481,0.00494547,-0.000165266
203000,69.313562,636,-0.00113516,0.00318528,-0.000127136
203000,57.829934,637,-0.000814657,0.00229642,-0.000105741
203000,123.623238,638,-0.000907562,0.0025472,-0.000131822
203000,255.5642,639,-0.00139305,0.0038782,-0.00016558
203000,394.62408,640,-0.00208863,0.00575269,-0.000194847
206500,481.097636,641,-0.00261482,0.00732688,-0.000160265
206500,503.082441,642,-0.0029823,0.0083392,-0.00017375
206500,441.863218,643,-0.00294524,0.00823453,-0.000178555
206500,317.701445,644,-0.00249003,0.00696524,-0.000177998
206500,176.612219,645,-0.00180132,0.00506349,-0.000127402
206500,71.08523,646,-0.00115813,0.00328384,-8.09e-05
206500,117.084172,647,-0.000857275,0.00247777,-7.96e-05
206500,249.331148,648,-0.00131126,0.00374235,-0.000120476
206500,383.688052,649,-0.00198933,0.00559686,-0.000153052
210000,476.732887,650,-0.00259975,0.00726743,-0.00016602
210000,507.994797,651,-0.00299311,0.00835412,-0.000187725
210000,454.442068,652,-0.00298993,0.00833924,-0.000189626
210000,328.879064,653,-0.00255341,0.00713075,-0.000175522
210000,183.74721,654,-0.0018689,0.00525245,-0.000143111
210000,77.463235,655,-0.00120743,0.00341733,-0.000101072
210000,51.757945,656,-0.000819176,0.00236772,-7.96e-05
210000,108.306363,657,-0.000841483,0.0024494,-8.88e-05
210000,234.722937,658,-0.00127138,0.00364964,-0.000120557
210000,372.091674,659,-0.00194071,0.00548248,-0.000154845
213500,477.570404,660,-0.0024838,0.00703828,-0.000154814
213500,510.281861,661,-0.00295585,0.00834378,-0.000155616
213500,463.107141,662,-0.00298603,0.00841844,-0.000152981
213500,340.459334,663,-0.00257747,0.00727458,-0.000141821
213500,195.778448,664,-0.00189868,0.00541724,-0.00012297
213500,84.646543,665,-0.00123107,0.00356053,-8.02e-05
213500,55.832781,666,-0.000825061,0.00243591,-5.33e-05
213500,101.332433,667,-0.000821898,0.00243312,-5.31e-05
213500,224.737171,668,-0.00123212,0.00357407,-8.48e-05
213500,364.248013,669,-0.00188656,0.00537571,-0.000123867
217000,462.640064,670,-0.00253866,0.00705307,-0.000172928
217000,503.58173,671,-0.00297566,0.0082542,-0.000174535
217000,470.435409,672,-0.00303364,0.00841104,-0.000173397
217000,352.893227,673,-0.00264614,0.00734012,-0.000154492
217000,200.014345,674,-0.00199027,0.00552754,-0.000144778
217000,86.224938,675,-0.00129712,0.00362466,-9.85e-05
217000,57.588342,676,-0.000871303,0.00244674,-7.05e-05
217000,94.632307,677,-0.000834619,0.00235612,-5.74e-05
217000,212.416023,678,-0.00123202,0.0034373,-8.61e-05
217000,357.225763,679,-0.00187638,0.00521627,-0.000123204
220500,460.820077,680,-0.00247013,0.00693537,-0.000178678
220500,505.772157,681,-0.00292248,0.00819797,-0.000178292
220500,473.737156,682,-0.00301536,0.00844636,-0.000173063
220500,361.026797,683,-0.0027204,0.0076184,-0.000173437
220500,213.446812,684,-0.00202266,0.00568156,-0.000152133
220500,96.806627,685,-0.00131739,0.00376177,-0.000115855
220500,51.049278,686,-0.000867992,0.00251055,-8.39e-05
220500,92.361351,687,-0.000797564,0.00233198,-6.66e-05
220500,208.421717,688,-0.00116742,0.00333617,-8.71e-05
220500,341.232426,689,-0.00180196,0.0050843,-0.000125993
224000,453.024733,690,-0.00254725,0.00685467,-0.000206004
224000,511.618666,691,-0.00301563,0.00817324,-0.000204466
224000,481.613031,692,-0.00313225,0.00850304,-0.000197451
224000,370.078414,693,-0.00280315,0.00760836,-0.000192449
224000,229.101917,694,-0.00215537,0.00585425,-0.000170989
224000,105.826028,695,-0.00144711,0.00392185,-0.000136605
224000,52.756521,696,-0.000958471,0.00259568,-0.000100865
224000,86.579271,697,-0.000855215,0.00233843,-7.52e-05
224000,197.45348,698,-0.00117737,0.00326116,-8.99e-05
224000,338.252802,699,-0.00179381,0.00498019,-0.000125474
227500,453.491809,700,-0.00236354,0.00672447,-0.000164779
227500,508.816207,701,-0.00286523,0.00808926,-0.000172287
227500,480.244014,702,-0.0030139,0.00849476,-0.000170972
227500,382.979384,703,-0.00272733,0.00768753,-0.000173559
227500,238.894411,704,-0.00209909,0.00596634,-0.000155847
227500,115.376929,705,-0.00139515,0.00403609,-0.000119212
227500,55.575084,706,-0.000889171,0.00264273,-9.54e-05
227500,77.592083,707,-0.000761449,0.0023043,-6.82e-05
227500,181.927224,708,-0.00106458,0.00314698,-8.93e-05
227500,321.969556,709,-0.00167534,0.00482917,-0.00012124
231000,436.515998,710,-0.00235205,0.00658667,-0.000173245
231000,503.549518,711,-0.00288458,0.00802032,-0.000194966
231000,493.225517,712,-0.00305762,0.00850387,-0.000197714
231000,389.470135,713,-0.00280519,0.00778177,-0.000194283
231000,249.540527,714,-0.00218799,0.00609924,-0.000176246
231000,113.734109,715,-0.00148531,0.00415454,-0.000146684
231000,61.61486,716,-0.000986895,0.00280664,-0.000126233
231000,73.25955,717,-0.000803475,0.00228327,-9.06e-05
231000,175.114355,718,-0.00106763,0.00303515,-0.000115618
231000,313.304486,719,-0.00166886,0.00467369,-0.000144283
234500,434.261147,720,-0.00232004,0.00646921,-0.000177632
234500,503.807215,721,-0.00286674,0.00794129,-0.000211869
234500,488.586965,722,-0.00307366,0.00851249,-0.000213653
234500,396.315219,723,-0.00284724,0.00788328,-0.000210523
234500,258.769309,724,-0.00224251,0.00623613,-0.000185748
234500,122.705192,725,-0.00154349,0.00429625,-0.000162711
234500,52.788733,726,-0.000988928,0.00277335,-0.000141614
234500,68.202244,727,-0.000800373,0.00227861,-0.000104157
234500,169.187319,728,-0.000998854,0.00283193,-0.000139795
234500,308.601511,729,-0.00162451,0.00454582,-0.000164523
238000,423.840512,730,-0.0022441,0.00632042,-0.000173618
238000,501.230241,731,-0.00281399,0.00786372,-0.00020586
238000,499.13645,732,-0.00304067,0.00850231,-0.000208701
238000,406.784172,733,-0.00284895,0.00795584,-0.000213474
238000,263.72998,734,-0.00234347,0.00658359,-0.000188224
238000,131.24141,735,-0.00156959,0.00443511,-0.000167002
238000,59.875405,736,-0.000993765,0.00286364,-0.000141945
238000,161.134282,737,-0.000993399,0.00288976,-0.000142231
238000,295.587801,738,-0.00156233,0.00443734,-0.000165563
241500,498.266722,739,-0.00289595,0.00779363,-0.000174247
241500,499.394148,740,-0.00315085,0.00851073,-0.000181051
241500,408.153188,741,-0.00299517,0.0080474,-0.000177355
241500,280.4803,742,-0.0024455,0.00653387,-0.000141536
241500,136.540308,743,-0.00173633,0.00457231,-0.000132115
241500,59.698238,744,-0.00114016,0.00294365,-9.7e-05
241500,66.446682,745,-0.000909589,0.00229998,-6.38e-05
241500,139.149492,746,-0.0010962,0.00280633,-9.87e-05
241500,279.288451,747,-0.00157164,0.00411596,-0.000114585
241500,421.424599,748,-0.00232961,0.00619061,-0.000138601
245000,492.806759,749,-0.00274799,0.00772718,-0.000188248
245000,503.324032,750,-0.00303455,0.00851338,-0.000195534
245000,424.839089,751,-0.00291037,0.00814417,-0.000192812
245000,290.707659,752,-0.00237375,0.00667706,-0.000177421
245000,151.084092,753,-0.00167406,0.00473695,-0.00013591
245000,66.978182,754,-0.00106162,0.00306607,-0.000113148
245000,58.82851,755,-0.00079505,0.002336,-8.66e-05
245000,141.37213,756,-0.000942321,0.00276023,-0.00012103
245000,275.068658,757,-0.00147078,0.00419947,-0.000137415
245000,410.907328,758,-0.00216635,0.00609576,-0.000161699
248500,489.215102,759,-0.00274783,0.00764452,-0.00020177
248500,504.564201,760,-0.00305789,0.00850333,-0.000205406
248500,432.650539,761,-0.00295633,0.00822487,-0.000209478
248500,299.098925,762,-0.00246583,0.00682741,-0.00020973
248500,157.188294,763,-0.0017547,0.00487698,-0.000156699
248500,67.268091,764,-0.00113076,0.00316007,-0.000117698
248500,54.254386,765,-0.00083024,0.00234872,-9.73e-05
248500,132.095032,766,-0.000955154,0.00269655,-0.000133822
248500,264.503072,767,-0.0014529,0.00407315,-0.000150829
248500,399.826345,768,-0.00214874,0.00597543,-0.000186195
252000,487.298478,769,-0.00271985,0.00755818,-0.000174589
252000,508.043115,770,-0.0030624,0.0084907,-0.000173888
252000,437.740061,771,-0.00298874,0.00829648,-0.000178544
252000,308.520981,772,-0.00249977,0.00695528,-0.00018386
252000,166.900257,773,-0.00179349,0.00501362,-0.000126796
252000,67.203667,774,-0.00115807,0.00326218,-8.64e-05
252000,54.23828,775,-0.000824738,0.00236706,-7.17e-05
252000,126.200209,776,-0.000876695,0.00253497,-9.35e-05
252000,253.212713,777,-0.00137897,0.00394754,-0.000129404
252000,390.613666,778,-0.0020709,0.00582742,-0.000161298
255500,479.841362,779,-0.00267064,0.00742687,-0.000191213
255500,503.501199,780,-0.00304086,0.00843696,-0.000200825
255500,445.535404,781,-0.00300132,0.00833352,-0.000203483
255500,316.541808,782,-0.00254152,0.00704237,-0.000195952
255500,175.678067,783,-0.00184363,0.005135,-0.000154815
255500,72.116019,784,-0.00119716,0.0033423,-0.000107335
255500,51.145914,785,-0.000844946,0.0023733,-8.86e-05
255500,116.327187,786,-0.000903244,0.00254629,-0.000109862
255500,240.150685,787,-0.00129677,0.00364657,-0.000131866
255500,381.513731,788,-0.0020432,0.00567807,-0.000171978
259000,479.744725,789,-0.00260981,0.00738406,-0.000199405
259000,509.943633,790,-0.00300331,0.00846288,-0.000208049
259000,455.778873,791,-0.00299735,0.00843933,-0.000208396
259000,331.81037,792,-0.00255853,0.00722474,-0.000196032
259000,185.502772,793,-0.0018741,0.00534546,-0.000174462
259000,81.876298,794,-0.00121981,0.00351709,-0.000129333
259000,55.349599,795,-0.000834405,0.00246101,-0.000109474
259000,113.218715,796,-0.000865695,0.00255628,-0.000125214
259000,239.764139,797,-0.00124062,0.00359855,-0.00013632
259000,376.520846,798,-0.00197839,0.00560996,-0.000178365
262500,472.625836,799,-0.00262858,0.00727345,-0.000186544
262500,510.49124,800,-0.00304001,0.00840253,-0.000199799
262500,461.287153,801,-0.00307637,0.00848014,-0.000200977
262500,339.670136,802,-0.00265613,0.00732318,-0.000191875
262500,197.775601,803,-0.00198348,0.00547375,-0.000173323
262500,84.485482,804,-0.00130601,0.00361096,-0.00013074
262500,51.919005,805,-0.000899639,0.00249042,-0.000104796
262500,104.714709,806,-0.000896765,0.00249439,-0.000105721
262500,229.601205,807,-0.00196476,0.00544851,-0.000170365
262500,473.849898,808,-0.00263121,0.00727399,-0.000182527
266000,466.183403,809,-0.00264739,0.00710091,-0.000190356
266000,511.087165,810,-0.00307801,0.00828057,-0.00019913
266000,464.685537,811,-0.00314609,0.00843695,-0.000204241
266000,347.835918,812,-0.00275421,0.00734972,-0.000189443
266000,201.206195,813,-0.00209433,0.00551648,-0.000179612
266000,87.175196,814,-0.00140475,0.003626,-0.000146488
266000,49.148761,815,-0.000982133,0.00245068,-0.000115214
266000,95.872475,816,-0.0009538,0.00237138,-0.00010914
266000,212.254962,817,-0.00134673,0.00345715,-0.000132788
266000,353.569683,818,-0.00198399,0.00523083,-0.000173363
269500,464.701643,819,-0.00250858,0.00705949,-0.000191741
269500,511.860257,820,-0.00295704,0.00831109,-0.00019592
269500,473.962641,821,-0.0030455,0.0085455,-0.000193406
269500,362.572981,822,-0.00268905,0.00754316,-0.000190447
269500,215.991572,823,-0.0020509,0.00576035,-0.000177049
269500,93.118337,824,-0.00133729,0.00383704,-0.000139184
269500,47.232139,825,-0.000892473,0.00258998,-0.0001139
269500,91.652684,826,-0.000829597,0.00242117,-9.23e-05
269500,212.883099,827,-0.00119301,0.00343481,-0.000112104
269500,350.445103,828,-0.00181961,0.00518162,-0.000146792
273000,447.902999,829,-0.00243948,0.00692924,-0.000198897
273000,512.891047,830,-0.00292174,0.00824378,-0.000197471
273000,478.246859,831,-0.00303607,0.00856266,-0.000187487
273000,374.249889,832,-0.00271248,0.00766431,-0.000186944
273000,222.321259,833,-0.00207738,0.00589612,-0.000167753
273000,105.358952,834,-0.00136243,0.00396699,-0.000129445
273000,50.936535,835,-0.000886467,0.0026509,-0.00010354
273000,88.785803,836,-0.000789217,0.00239709,-8.06e-05
273000,199.70833,837,-0.00112666,0.00333325,-9.25e-05
273000,329.458883,838,-0.00174935,0.00505553,-0.000129551
276500,450.818199,839,-0.00238097,0.00681647,-0.000193778
276500,506.883477,840,-0.00286884,0.00818123,-0.000191858
276500,479.825255,841,-0.00301602,0.00857632,-0.000187772
276500,377.261726,842,-0.00272768,0.00775944,-0.000186481
276500,234.223649,843,-0.00209505,0.00602944,-0.000167675
276500,106.0193,844,-0.00138875,0.00409034,-0.000134602
276500,52.482718,845,-0.000882849,0.002708,-0.000115019
276500,83.438587,846,-0.000762596,0.00237502,-8.24e-05
276500,188.401866,847,-0.00106944,0.00322389,-9.7e-05
276500,326.51147,848,-0.00167785,0.00490433,-0.000138649
280000,442.555779,849,-0.00236584,0.00670372,-0.000152769
280000,505.739945,850,-0.00288387,0.00811392,-0.000167867
280000,488.973511,851,-0.00305694,0.00859384,-0.000169305
280000,387.472981,852,-0.00280225,0.00787044,-0.000164266
280000,242.163944,853,-0.00217939,0.00616962,-0.000139643
280000,113.283139,854,-0.00147344,0.00422092,-0.00011547
280000,54.834204,855,-0.000945021,0.00277593,-9.66e-05
280000,76.319704,856,-0.00079418,0.00236418,-6.24e-05
280000,178.190615,857,-0.00107004,0.00313188,-7.96e-05
280000,313.20785,858,-0.00167586,0.00478924,-0.000117576
283500,433.568585,859,-0.00233258,0.00654431,-0.000158577
283500,500.135028,860,-0.00288954,0.00801502,-0.000186563
283500,493.724806,861,-0.00308942,0.00856404,-0.000190564
283500,395.139475,862,-0.00289726,0.00804638,-0.00019
283500,254.984381,863,-0.00224859,0.00629011,-0.000153098
283500,122.866252,864,-0.00154485,0.00432784,-0.000138053
283500,54.528189,865,-0.000999049,0.00283068,-0.000119987
283500,66.994288,866,-0.000817045,0.00234312,-7.99e-05
283500,170.346957,867,-0.00105933,0.00302635,-0.000112711
283500,304.09181,868,-0.00164314,0.00463548,-0.000140182
287000,427.287213,869,-0.00236439,0.00645757,-0.00017176
287000,501.101393,870,-0.00293421,0.00799197,-0.00020668
287000,494.739489,871,-0.00315517,0.00861882,-0.000210705
287000,408.571947,872,-0.00295652,0.00805192,-0.000210841
287000,264.422542,873,-0.00238377,0.00646899,-0.000169682
287000,130.645486,874,-0.00168581,0.00451958,-0.000162259
287000,56.605872,875,-0.00111362,0.0029489,-0.000130796
287000,64.739438,876,-0.000918648,0.00239517,-0.000105645
287000,160.409509,877,-0.00112358,0.00299441,-0.000132251
287000,292.994722,878,-0.0016897,0.00454819,-0.000156141
290500,502.389879,879,-0.00283321,0.00792167,-0.000165876
290500,501.294666,880,-0.00308288,0.008618,-0.000173038
290500,415.610304,881,-0.00291089,0.00814578,-0.00017748
290500,277.19466,882,-0.00235581,0.0066121,-0.000149584
290500,139.101174,883,-0.00164454,0.00464282,-0.000125732
290500,62.404058,884,-0.00105567,0.00302428,-9.25e-05
290500,61.566542,885,-0.000824504,0.00239212,-7.17e-05
290500,151.760548,886,-0.00101293,0.00291863,-0.000106243
290500,289.032627,887,-0.00155854,0.00441779,-0.000131092
290500,418.042322,888,-0.00224855,0.00632831,-0.000144613
294000,497.638585,889,-0.00268046,0.00768895,-0.00019384
294000,505.43393,890,-0.00301369,0.00859159,-0.000201593
294000,424.372013,891,-0.00287154,0.00820225,-0.000201298
294000,283.041166,892,-0.00233088,0.0067174,-0.000191731
294000,145.479179,893,-0.001629,0.00476704,-0.000148594
294000,66.382257,894,-0.00101793,0.00309585,-0.000113041
294000,60.165314,895,-0.000765418,0.0023905,-9.98e-05
294000,140.776206,896,-0.000923798,0.00283662,-0.000125744
294000,279.981012,897,-0.00144645,0.00428154,-0.000146906
294000,413.258816,898,-0.00213405,0.00619454,-0.000166382
297500,493.62817,899,-0.002822,0.00777349,-0.000185133
297500,504.354822,900,-0.00313093,0.00862281,-0.000190732
297500,432.022401,901,-0.00302867,0.00833196,-0.00019264
297500,301.547049,902,-0.00252004,0.00690757,-0.000194359
297500,159.056599,903,-0.00182304,0.00496215,-0.000142293
297500,64.900499,904,-0.00120165,0.00325282,-0.000102989
297500,59.102313,905,-0.000912707,0.00245266,-9.41e-05
297500,136.024914,906,-0.00104429,0.00282558,-0.000123134
297500,266.323059,907,-0.00155503,0.00422246,-0.000145387
297500,406.01108,908,-0.00224243,0.00611522,-0.000173547
301000,487.926616,909,-0.00280527,0.00764476,-0.000180558
301000,506.980114,910,-0.00313951,0.00855442,-0.000181525
301000,437.385727,911,-0.00306683,0.00833917,-0.000185409
301000,302.561732,912,-0.00257935,0.00698068,-0.000183083
301000,162.648253,913,-0.00187619,0.00503351,-0.000133403
301000,66.913758,914,-0.00124763,0.00328538,-8.98e-05
301000,56.364281,915,-0.000927171,0.00241387,-7.69e-05
301000,127.279316,916,-0.00102709,0.00269262,-0.000106745
301000,257.996217,917,-0.00151038,0.00403175,-0.000126611
301000,394.704611,918,-0.0022046,0.00592339,-0.000158394
304500,483.046472,919,-0.0026917,0.00755416,-0.000228263
304500,506.561356,920,-0.00304666,0.00853807,-0.000226856
304500,441.07402,921,-0.0029992,0.00841197,-0.000232523
304500,319.312053,922,-0.00252966,0.00711626,-0.00022394
304500,172.956141,923,-0.00182974,0.0051925,-0.000192259
304500,68.637108,924,-0.00118773,0.00341438,-0.00014869
304500,54.463765,925,-0.000834233,0.00245428,-0.000136242
304500,121.609979,926,-0.000905642,0.00266659,-0.000156636
304500,246.915237,927,-0.00136302,0.00394873,-0.000181076
304500,387.086435,928,-0.00204616,0.00582512,-0.000210792
308000,477.087221,929,-0.00266196,0.00745289,-0.000184124
308000,510.201331,930,-0.00304602,0.00851056,-0.000191202
308000,451.671822,931,-0.00303465,0.00846481,-0.000189291
308000,326.559788,932,-0.00259556,0.00723055,-0.000176454
308000,184.310923,933,-0.00190188,0.00533487,-0.000156588
308000,77.221644,934,-0.0012504,0.00351714,-0.000112978
308000,51.757945,935,-0.00087371,0.00249118,-9.78e-05
308000,115.24808,936,-0.000916726,0.00260952,-0.000109411
308000,234.996741,937,-0.00135038,0.00383241,-0.000133494
308000,379.62932,938,-0.00202799,0.00568401,-0.000171142
311500,474.010959,939,-0.00262712,0.00733852,-0.000194833
311500,509.396026,940,-0.0030274,0.00845178,-0.000209496
311500,461.254941,941,-0.00304875,0.00849041,-0.000209
311500,338.83262,942,-0.00263058,0.0073176,-0.000202814
311500,189.223276,943,-0.00195663,0.00545107,-0.000182447
311500,85.016982,944,-0.00128579,0.00359571,-0.000140495
311500,56.187114,945,-0.000888614,0.00250286,-0.000122618
311500,109.111666,946,-0.000895891,0.0025295,-0.000127689
311500,227.185294,947,-0.00131831,0.00370022,-0.000145788
311500,368.725503,948,-0.00198814,0.00552227,-0.000180986
315000,464.282885,949,-0.00255489,0.00726014,-0.000173061
315000,511.167696,950,-0.00298158,0.00843511,-0.000183302
315000,461.190517,951,-0.00302667,0.00856738,-0.000182597
315000,345.854871,952,-0.00263225,0.0074585,-0.000183432
315000,201.786014,953,-0.00196708,0.00562527,-0.000160632
315000,84.82371,954,-0.00127665,0.00373429,-0.00011933
315000,46.716744,955,-0.000859435,0.00258539,-0.000100507
315000,101.05863,956,-0.000829763,0.00251838,-9.48e-05
315000,220.291894,957,-0.00122655,0.0036211,-0.000117427
315000,362.186435,958,-0.00188027,0.00541405,-0.000146656
318500,461.061668,959,-0.00252463,0.00713007,-0.000105482
318500,509.170541,960,-0.00296973,0.00835477,-0.000116274
318500,473.527777,961,-0.00304717,0.00856758,-0.000115049
318500,355.228609,962,-0.00274528,0.00771322,-0.00012233
318500,212.947524,963,-0.0020326,0.00575006,-0.000102847
318500,89.639425,964,-0.00132732,0.00383863,-7.09e-05
318500,41.756075,965,-0.000888196,0.00261465,-3.97e-05
318500,92.071442,966,-0.000824493,0.00246112,-2.78e-05
318500,206.456775,967,-0.00120049,0.00350242,-3.87e-05
318500,347.449373,968,-0.00183643,0.00526643,-8.05e-05
322000,459.740969,969,-0.00257166,0.00704289,-0.000190314
322000,509.00948,970,-0.00303373,0.00832693,-0.000193893
322000,476.684569,971,-0.00314475,0.00862035,-0.000201353
322000,364.167483,972,-0.00285803,0.00783274,-0.000184834
322000,221.081092,973,-0.00216376,0.00591601,-0.000174753
322000,101.638449,974,-0.00145588,0.00398514,-0.00014177
322000,49.519201,975,-0.000990341,0.00269416,-0.000119016
322000,88.576424,976,-0.000897933,0.00246507,-9.94e-05
322000,199.949921,977,-0.00124546,0.00342371,-0.000110741
322000,461.399896,978,-0.00255858,0.00704142,-0.000196152
325500,453.813931,979,-0.00246809,0.00691598,-0.000214949
325500,507.414978,980,-0.00295856,0.00827965,-0.000210107
325500,485.945567,981,-0.00309604,0.00865036,-0.000215809
325500,372.961403,982,-0.0028446,0.00794387,-0.000203944
325500,230.921904,983,-0.00215914,0.00605956,-0.000181349
325500,106.744074,984,-0.00145707,0.00412296,-0.000154698
325500,58.135949,985,-0.000959575,0.00276775,-0.000130865
325500,81.795768,986,-0.000846586,0.00246288,-0.00010953
325500,195.504645,987,-0.00116876,0.00334585,-0.000116492
325500,325.126347,988,-0.00178417,0.00504159,-0.00015806
329000,445.422662,989,-0.00241657,0.00679855,-0.000191044
329000,507.205599,990,-0.00293536,0.00821395,-0.000192832
329000,487.636706,991,-0.0031015,0.00865648,-0.000196036
329000,386.506616,992,-0.00283132,0.00789535,-0.000188422
329000,240.150685,993,-0.00220061,0.00619054,-0.000159049
329000,115.69905,994,-0.00150092,0.00425089,-0.000131668
329000,53.223597,995,-0.000978247,0.00283069,-0.000117903
329000,78.848357,996,-0.000838157,0.00245199,-9.01e-05
329000,183.167392,997,-0.0011294,0.00325413,-9.83e-05
329000,319.682493,998,-0.00173348,0.00491451,-0.000134573
332500,436.532104,999,-0.00247336,0.00668,-0.000173806
332500,507.527721,1000,-0.00301199,0.00813332,-0.000186369
332500,493.837549,1001,-0.00320417,0.00865643,-0.00019108
332500,394.17311,1002,-0.00295503,0.00798525,-0.000184762
332500,254.807214,1003,-0.00235422,0.00633071,-0.000145182
332500,118.871946,1004,-0.00164764,0.00437339,-0.000132853
332500,49.905747,1005,-0.00110621,0.0028896,-0.000106652
332500,72.599201,1006,-0.000939015,0.00243942,-7.83e-05
332500,171.925352,1007,-0.00119224,0.00314922,-9.43e-05
332500,309.036375,1008,-0.00178544,0.00477378,-0.000127219
336000,430.556748,1009,-0.00240137,0.00652227,-0.000181501
336000,505.127914,1010,-0.00295795,0.0080308,-0.00021261
336000,489.859346,1011,-0.00317331,0.00863494,-0.000211444
336000,400.373951,1012,-0.00296345,0.00804644,-0.000208898
336000,255.531988,1013,-0.0023712,0.00644012,-0.000174739
336000,126.554543,1014,-0.00166738,0.00448115,-0.000159296
336000,56.589766,1015,-0.00110135,0.00293413,-0.00013068
336000,66.156772,1016,-0.000908147,0.00240929,-0.000102141
336000,163.550193,1017,-0.00113196,0.0030327,-0.000124767
336000,297.327257,1018,-0.00171515,0.00462332,-0.000154417
339500,428.092517,1019,-0.00231063,0.00641829,-0.000162838
339500,496.38231,1020,-0.00289581,0.00797649,-0.000197118
339500,499.700163,1021,-0.00314216,0.00865379,-0.000197947
339500,407.492839,1022,-0.00296401,0.00814894,-0.000198597
339500,274.376097,1023,-0.00240129,0.00658698,-0.000164556
339500,136.540308,1024,-0.00169872,0.00462831,-0.000139244
339500,61.727603,1025,-0.00111171,0.00302521,-0.000101909
339500,64.111301,1026,-0.000898309,0.00242177,-8.69e-05
339500,154.256989,1027,-0.00109962,0.00298174,-0.000105963
339500,288.275641,1028,-0.00165916,0.00450985,-0.000140082
339500,416.866578,1029,-0.00234896,0.00642406,-0.000146332
343000,495.335414,1030,-0.00293183,0.00793604,-0.000190515
343000,499.764588,1031,-0.00319865,0.00868282,-0.000198649
343000,419.733461,1032,-0.00304151,0.0082676,-0.000197175
343000,283.218333,1033,-0.0024841,0.00675772,-0.000187418
343000,144.319542,1034,-0.00178449,0.0048081,-0.000135507
343000,62.549012,1035,-0.0011711,0.00315773,-9.87e-05
343000,60.938405,1036,-0.000913448,0.00246601,-9.37e-05
343000,144.142375,1037,-0.00108286,0.00294515,-0.000107666
343000,280.045436,1038,-0.00162442,0.00442242,-0.0001419
343000,417.365867,1039,-0.00230961,0.00633013,-0.000152994
