N_cycles,Load,eyy,exx,Specimen_name
0,6.078374,0.0,0.0,F2-A13-631-7
0,7.826936,-2.03e-06,2.39e-07,
0,7.884899,6.16e-06,7.36e-06,
0,12.947035,-8.42e-06,5.49e-05,
0,30.17182,-6.71e-05,0.000227,
0,44.662666,-0.000108578,0.000410181,
0,58.883015,-0.000172083,0.000576988,
0,75.885607,-0.000233008,0.000731306,
0,91.052691,-0.000280598,0.00087488,
0,107.543272,-0.000327227,0.0010514,
0,122.130722,-0.000382203,0.00121557,
0,138.21556,-0.000438486,0.00137353,
0,153.566194,-0.000499187,0.00152381,
0,167.825185,-0.000558177,0.00169891,
0,184.132215,-0.000607156,0.00187488,
0,198.458829,-0.000654143,0.00202478,
0,212.254113,-0.000715483,0.00216579,
0,228.406574,-0.000778532,0.00232817,
0,242.182537,-0.00083689,0.00249389,
0,256.547794,-0.000891288,0.0026501,
0,270.555611,-0.000945833,0.00279813,
0,288.843058,-0.00101654,0.00296417,
0,302.271241,-0.00108488,0.00313943,
0,316.114829,-0.00115518,0.00329503,
0,330.151628,-0.00119213,0.00343493,
0,343.038821,-0.00125009,0.00357838,
1,663.760048,-0.00245249,0.00697761,
1,671.507829,-0.00237712,0.00690396,
1,562.884346,-0.00186044,0.00543876,
1,354.428626,-0.00109636,0.00330192,
1,152.204055,-0.000434279,0.00134262,
1,44.962143,-0.000204054,0.000637995,
1,69.229479,-0.000240746,0.0010564,
1,159.294908,-0.000712552,0.00208363,
1,360.534103,-0.00144446,0.00434164,
1,545.369732,-0.00205384,0.00587209,
10,627.871014,-0.00230149,0.0066875,
10,644.487201,-0.00230598,0.0066404,
10,546.316468,-0.0017913,0.00535449,
10,349.472757,-0.00111685,0.00330265,
10,171.921263,-0.000508236,0.00166823,
10,71.876473,-0.000238919,0.000868473,
10,63.954811,-0.000266064,0.000994209,
10,168.868525,-0.000693699,0.00227643,
10,355.191811,-0.00143632,0.00418511,
10,526.869741,-0.00198918,0.0057966,
25,619.997647,-0.00228096,0.00662416,
25,636.092162,-0.00225887,0.00655971,
25,539.525087,-0.00179743,0.00531796,
25,350.834896,-0.0011103,0.00332032,
25,175.46669,-0.000517986,0.00174537,
25,76.078818,-0.000286986,0.000935807,
25,71.180913,-0.000326782,0.00107669,
25,169.554425,-0.000714426,0.00230411,
25,355.462307,-0.00142052,0.00417623,
25,521.749639,-0.00197566,0.00575891,
50,622.818534,-0.00229455,0.00665629,
50,633.425844,-0.0022512,0.00655252,
50,536.907073,-0.00179124,0.0053115,
50,350.55474,-0.00110851,0.0033578,
50,176.616297,-0.000523617,0.00176729,
50,78.33939,-0.00025048,0.000963789,
50,74.195008,-0.000291847,0.00112757,
50,170.877922,-0.00071944,0.00232449,
50,352.139073,-0.00139776,0.00418101,
50,521.788282,-0.00196974,0.00577619,
100,620.422712,-0.0022729,0.0066727,
100,633.165008,-0.00222766,0.00658477,
100,533.245717,-0.0018179,0.00531155,
100,351.221319,-0.00113783,0.00339972,
100,178.229611,-0.000557342,0.00182884,
100,78.484298,-0.000273433,0.000995407,
100,73.393182,-0.000328848,0.00116966,
100,172.085493,-0.000736524,0.00238657,
100,353.868314,-0.00142174,0.00422368,
100,517.479668,-0.00196619,0.00579914,
150,622.24856,-0.00233106,0.00670422,
150,630.556653,-0.002268,0.00659836,
150,534.549894,-0.00183951,0.00534329,
150,349.714271,-0.00112935,0.00341121,
150,180.084439,-0.000551489,0.00186798,
150,80.609622,-0.000274332,0.00104468,
150,73.953494,-0.000322494,0.00118514,
150,172.684448,-0.000739995,0.00241044,
150,353.163092,-0.00143211,0.00425159,
150,518.851469,-0.00200291,0.00582466,
200,620.905741,-0.00234762,0.00673039,
200,632.556392,-0.00230053,0.00663237,
200,533.438928,-0.00183342,0.00534564,
200,349.289206,-0.00109719,0.00342979,
200,181.272688,-0.00056271,0.00190253,
200,80.551659,-0.000269077,0.00104214,
200,73.934173,-0.000323261,0.00122566,
200,175.331442,-0.000742762,0.002448,
200,353.047166,-0.00141692,0.00426288,
200,517.199511,-0.00201543,0.00584664,
250,620.586942,-0.00235236,0.00674735,
250,632.34386,-0.00227538,0.00662867,
250,531.139713,-0.00182795,0.0053567,
250,349.617665,-0.00110262,0.00346629,
250,181.842661,-0.000564837,0.00192182,
250,80.638604,-0.000287381,0.00107452,
250,74.175687,-0.000333661,0.00124384,
250,175.891755,-0.000758442,0.00247876,
250,352.882936,-0.00141278,0.00427367,
250,516.745465,-0.00196729,0.00586825,
300,621.504696,-0.00234069,0.00678325,
300,632.005739,-0.00226413,0.00664858,
300,527.565302,-0.00176931,0.00533933,
300,351.491815,-0.00111576,0.00350347,
300,183.504278,-0.000587237,0.00194974,
300,76.668113,-0.000290227,0.00107839,
300,74.108063,-0.000336936,0.0012626,
300,176.471388,-0.000774253,0.00251739,
300,353.617139,-0.00138153,0.00427997,
300,517.537631,-0.00195549,0.00590297,
350,624.122711,-0.00227727,0.00681407,
350,631.319839,-0.00226688,0.00665654,
350,528.995066,-0.00176421,0.00536818,
350,351.559439,-0.00112011,0.00351757,
350,180.548146,-0.00059089,0.00194096,
350,81.121632,-0.000294642,0.00111694,
350,77.730774,-0.000360501,0.00128737,
350,172.839017,-0.000768315,0.00249639,
350,350.023409,-0.00139695,0.00432213,
350,520.773922,-0.00200914,0.00592477,
400,621.939422,-0.00229525,0.0068089,
400,631.059003,-0.00223288,0.00667371,
400,529.816215,-0.00176642,0.00537958,
400,349.781895,-0.00113465,0.00351892,
400,179.775301,-0.000590073,0.00195746,
400,81.701266,-0.000305129,0.00113713,
400,74.088742,-0.00034716,0.00129656,
400,174.394367,-0.000782356,0.0025132,
400,351.337246,-0.0013908,0.00433929,
400,518.281495,-0.00194984,0.00592368,
450,622.663965,-0.00228354,0.00683981,
450,631.397123,-0.00222093,0.00666824,
450,527.043631,-0.00175985,0.00538745,
450,350.941163,-0.00115854,0.00354896,
450,182.412634,-0.000598955,0.00197019,
450,80.464714,-0.000297994,0.00114624,
450,76.020855,-0.000361247,0.00132505,
450,175.630919,-0.000791202,0.00253615,
450,351.714008,-0.00139762,0.00436147,
450,518.426404,-0.00194811,0.00594127,
500,618.925323,-0.00226262,0.0068098,
500,631.657959,-0.00223105,0.00670228,
500,531.09141,-0.00177809,0.00541721,
500,347.250827,-0.00115271,0.0035246,
500,179.978173,-0.000605363,0.00198927,
500,82.058707,-0.000292449,0.00117229,
500,73.132346,-0.000344582,0.0013014,
500,175.882094,-0.000796759,0.00255977,
500,354.66048,-0.00140278,0.0043748,
500,516.697162,-0.00193373,0.00594202,
550,622.654304,-0.00226013,0.00683567,
550,630.33446,-0.00220187,0.00668925,
550,530.347546,-0.00177676,0.00542535,
550,347.878764,-0.00115478,0.00355093,
550,178.538749,-0.00058923,0.00199808,
550,83.111708,-0.000295248,0.00117581,
550,74.040439,-0.00032856,0.00133629,
550,176.790187,-0.000798801,0.00256812,
550,351.153695,-0.0014348,0.00438288,
550,517.015961,-0.00195188,0.0059667,
600,621.755871,-0.00227321,0.00687225,
600,630.411745,-0.00221147,0.00671203,
600,528.463735,-0.00180032,0.0054338,
600,349.327848,-0.00116689,0.00357027,
600,181.30167,-0.000573606,0.00202475,
600,79.972025,-0.000294297,0.0011699,
600,74.668376,-0.000320323,0.0013503,
600,177.379481,-0.000808221,0.0025976,
600,351.134374,-0.00142687,0.00437678,
600,517.85643,-0.00196802,0.00599067,
650,625.27232,-0.00228068,0.00692527,
650,630.537332,-0.00220438,0.00671608,
650,526.956686,-0.00180029,0.00543361,
650,351.037768,-0.00116612,0.00360138,
650,179.012116,-0.000575952,0.00200563,
650,79.36341,-0.000285276,0.00118623,
650,75.798662,-0.000322352,0.00136644,
650,176.384443,-0.000807925,0.0025927,
650,351.211658,-0.00143109,0.00440401,
650,518.03032,-0.00196432,0.00599194,
700,622.07467,-0.00225819,0.00688742,
700,631.203912,-0.00222188,0.00672292,
700,527.719871,-0.00180248,0.00543177,
700,349.443775,-0.0011667,0.00358234,
700,182.953626,-0.000565594,0.00202249,
700,78.986648,-0.000272153,0.00117839,
700,77.189783,-0.00033252,0.00138597,
700,177.678959,-0.000790234,0.00259931,
700,351.279282,-0.00144664,0.00440202,
700,517.962696,-0.00196061,0.00599774,
750,622.57702,-0.00227316,0.00691329,
750,631.609656,-0.00225949,0.00674573,
750,525.063215,-0.00177023,0.0054205,
750,348.603306,-0.00116154,0.00360838,
750,182.325689,-0.00058588,0.00204564,
750,78.774115,-0.00027424,0.00118988,
750,75.25767,-0.000318501,0.00139852,
750,178.461464,-0.000807356,0.00261335,
750,350.612703,-0.00145463,0.00441335,
750,517.305778,-0.00195908,0.00600622,
800,623.707307,-0.0022701,0.0069243,
800,627.330022,-0.00224364,0.00674355,
800,525.256426,-0.00176712,0.00544446,
800,350.274584,-0.00110548,0.00362586,
800,181.456239,-0.000609085,0.00202682,
800,81.546697,-0.000265339,0.00123072,
800,74.967853,-0.000335069,0.00140191,
800,177.939794,-0.000794361,0.0026149,
800,351.298604,-0.00144396,0.00444939,
800,519.411782,-0.00196741,0.00602234,
850,621.089291,-0.00228369,0.00691892,
850,630.150909,-0.00223685,0.00675765,
850,526.734493,-0.00183702,0.00546616,
850,347.009313,-0.00116343,0.00360501,
850,182.692791,-0.000551235,0.00205987,
850,80.136255,-0.000288105,0.00122844,
850,73.605714,-0.000316808,0.00138532,
850,176.886793,-0.000802124,0.00265451,
850,353.549515,-0.00145267,0.00444212,
850,514.678103,-0.00199865,0.00601618,
900,623.75561,-0.00227748,0.00693616,
900,628.711484,-0.00228086,0.00676231,
900,526.435015,-0.00180197,0.00547436,
900,347.588947,-0.00113834,0.0036283,
900,181.572165,-0.000575258,0.00207721,
900,78.8514,-0.000273069,0.00122383,
900,73.856889,-0.000323269,0.00140944,
900,178.306895,-0.000804714,0.00266099,
900,350.950823,-0.00145574,0.00444219,
900,517.402383,-0.00200781,0.00605763,
950,621.185897,-0.00228693,0.00693878,
950,628.798429,-0.00224785,0.00676649,
950,525.903684,-0.0018409,0.00548179,
950,346.78712,-0.0011594,0.00362032,
950,181.958588,-0.000565278,0.00209266,
950,80.976724,-0.000274501,0.00125063,
950,74.455844,-0.000320487,0.00141745,
950,179.562768,-0.000795115,0.00267372,
950,353.559176,-0.00146299,0.00446633,
950,515.769747,-0.00198615,0.00602691,
1000,620.355088,-0.0022756,0.00694753,
1000,629.465009,-0.00229394,0.00678537,
1000,527.855119,-0.00180324,0.00548501,
1000,347.559965,-0.00110913,0.00363497,
1000,180.751018,-0.000588795,0.00208668,
1000,81.971762,-0.000275615,0.00125983,
1000,75.112762,-0.000319231,0.00142406,
1000,178.751281,-0.000779749,0.002662,
1000,353.018184,-0.00146392,0.00446827,
1000,517.402383,-0.00200557,0.00604691,
1050,623.852215,-0.00231518,0.00698015,
1050,628.856392,-0.00224566,0.00676254,
1050,525.382013,-0.00183629,0.0054808,
1050,347.733855,-0.0011385,0.00364423,
1050,178.277914,-0.000562839,0.00208187,
1050,80.126594,-0.000271594,0.0012628,
1050,74.533128,-0.00032774,0.00142978,
1050,178.306895,-0.000781487,0.0026699,
1050,353.617139,-0.00145814,0.00448213,
1050,516.16583,-0.00200341,0.00605449,
1100,624.132372,-0.0023255,0.00700133,
1100,629.049604,-0.00225641,0.00678808,
1100,524.058515,-0.00183549,0.00548809,
1100,350.168318,-0.00113732,0.00366917,
1100,181.688092,-0.000552652,0.00209009,
1100,81.488734,-0.000275709,0.00127575,
1100,75.59579,-0.000331854,0.00144053,
1100,177.746583,-0.000783124,0.00267553,
1100,353.443249,-0.00144781,0.00450128,
1100,519.672617,-0.00201214,0.0060823,
1150,621.552999,-0.00228123,0.00698646,
1150,630.257176,-0.00229145,0.00679736,
1150,524.242066,-0.00183569,0.00548683,
1150,348.033333,-0.00114014,0.00365652,
1150,182.460937,-0.000559672,0.00209907,
1150,79.923722,-0.000279999,0.00126341,
1150,75.441221,-0.000320268,0.00144263,
1150,177.823867,-0.000767276,0.00268849,
1150,354.235415,-0.00147371,0.00449717,
1150,517.257475,-0.00203811,0.00607213,
1200,623.533417,-0.00230461,0.006988,
1200,629.522972,-0.00229661,0.00679584,
1200,525.169481,-0.00182842,0.00551259,
1200,347.946388,-0.001116,0.00366404,
1200,180.731697,-0.000567922,0.00210099,
1200,81.817193,-0.000280011,0.00128979,
1200,76.165763,-0.000339088,0.00145087,
1200,176.606636,-0.000776411,0.00269081,
1200,353.713745,-0.0014641,0.00451853,
1200,517.605255,-0.00203058,0.00608797,
1250,620.422712,-0.00231007,0.0069851,
1250,628.006262,-0.00229936,0.00678845,
1250,524.927967,-0.00184822,0.0055159,
1250,347.975369,-0.00113565,0.00367133,
1250,180.016815,-0.000562744,0.00211559,
1250,80.116934,-0.000294485,0.00127589,
1250,77.392655,-0.000331048,0.00146151,
1250,177.852849,-0.00074758,0.0027006,
1250,351.887898,-0.00147009,0.00451209,
1250,517.585934,-0.00205824,0.00608607,
1300,622.229239,-0.00232619,0.00700478,
1300,629.735505,-0.00229242,0.00681891,
1300,522.95721,-0.00185588,0.00549688,
1300,344.652135,-0.00111479,0.00367136,
1300,182.180781,-0.00056598,0.00212872,
1300,79.991346,-0.000280539,0.00128492,
1300,76.726076,-0.000333215,0.0014766,
1300,179.330915,-0.000787497,0.00271101,
1300,350.699649,-0.00144496,0.00450695,
1300,516.281757,-0.002029,0.00610171,
1350,623.716967,-0.00236645,0.00703453,
1350,628.47963,-0.00225653,0.00681011,
1350,524.396635,-0.00186209,0.00553306,
1350,347.608268,-0.00114459,0.00369849,
1350,180.161723,-0.00055222,0.00211428,
1350,83.556094,-0.000289565,0.00132838,
1350,77.257407,-0.000332484,0.00148271,
1350,176.432746,-0.000767635,0.00271434,
1350,354.969618,-0.00147327,0.00454522,
1350,518.677578,-0.00204956,0.00611612,
1400,621.147255,-0.00231773,0.00703136,
1400,629.426366,-0.00232026,0.00681955,
1400,523.662432,-0.0018429,0.00551802,
1400,346.593909,-0.00110558,0.00370094,
1400,179.495144,-0.000564316,0.00211992,
1400,78.629207,-0.000296139,0.00131755,
1400,77.721114,-0.000338119,0.001491,
1400,175.418387,-0.000773281,0.00271341,
1400,355.307738,-0.00147464,0.00455714,
1400,518.213871,-0.0020534,0.00610616,
1450,622.992424,-0.00231969,0.00703107,
1450,629.15587,-0.0023089,0.00682702,
1450,524.493241,-0.00185159,0.00552228,
1450,346.999652,-0.00110861,0.00368949,
1450,181.011853,-0.000564215,0.00214178,
1450,79.972025,-0.0002902,0.00129797,
1450,76.320332,-0.000328687,0.0014916,
1450,180.847623,-0.000761212,0.00274457,
1450,353.742726,-0.00146794,0.00453422,
1450,516.629538,-0.002059,0.00610554,
1500,621.543338,-0.00232189,0.00705598,
1500,629.65822,-0.00231438,0.00684279,
1500,522.483843,-0.00185214,0.00553505,
1500,345.7631,-0.00111921,0.00370084,
1500,181.630129,-0.000560039,0.00215651,
1500,81.556358,-0.000299164,0.00132272,
1500,75.499184,-0.000330564,0.00151094,
1500,179.949191,-0.000763863,0.00275326,
1500,352.139073,-0.00147062,0.00454674,
1500,518.281495,-0.0020626,0.00613102,
1550,621.968404,-0.00235404,0.00703629,
1550,629.15587,-0.00230566,0.00685656,
1550,524.048855,-0.00185727,0.00552389,
1550,348.49704,-0.00110754,0.00370662,
1550,181.282349,-0.000565008,0.00213643,
1550,79.575942,-0.000311406,0.00132307,
1550,76.44592,-0.000332485,0.00151048,
1550,180.354935,-0.000760896,0.00275862,
1550,352.515835,-0.00147926,0.00454014,
1550,516.436326,-0.00206616,0.00613211,
1600,621.108613,-0.00235984,0.00703568,
1600,628.595557,-0.0022998,0.0068538,
1600,524.551204,-0.00185667,0.00553207,
1600,344.874328,-0.00108413,0.00369633,
1600,180.296971,-0.000560823,0.00214462,
1600,82.80257,-0.000288404,0.00134126,
1600,74.426862,-0.000349929,0.00150141,
1600,179.562768,-0.00078215,0.00274793,
1600,354.177452,-0.00144209,0.00455539,
1600,517.711522,-0.00204112,0.00613073,
1650,621.475714,-0.00233571,0.00705952,
1650,630.276497,-0.00231882,0.00685836,
1650,524.831361,-0.00185785,0.00553147,
1650,343.908272,-0.00111178,0.00370026,
1650,181.784698,-0.000559553,0.00217316,
1650,79.527639,-0.00028368,0.00130748,
1650,73.750622,-0.000353402,0.00151563,
1650,180.374256,-0.000782384,0.00277278,
1650,353.530194,-0.00144701,0.00455667,
1650,517.151208,-0.00204875,0.00614261,
1750,625.127411,-0.00236109,0.00710009,
1750,628.682502,-0.00231872,0.00684102,
1750,519.121965,-0.00185486,0.0055203,
1750,347.965709,-0.00112044,0.00373293,
1750,181.388615,-0.000553103,0.00216939,
1750,77.81772,-0.000291397,0.00131288,
1750,77.788738,-0.000342737,0.00155552,
1750,181.929606,-0.000765535,0.00277122,
1750,352.718707,-0.00146601,0.00455288,
1750,519.006038,-0.00206661,0.00615415,
1800,622.596341,-0.00233175,0.00708256,
1800,628.672842,-0.00232152,0.00686471,
1800,523.29533,-0.00185465,0.00555073,
1800,345.598871,-0.0010956,0.0037163,
1800,180.354935,-0.000549335,0.00218488,
1800,80.174897,-0.000284609,0.00133579,
1800,75.441221,-0.000357429,0.00154457,
1800,181.64945,-0.000779019,0.00278817,
1800,351.259961,-0.0014358,0.00457573,
1800,519.199249,-0.0020646,0.00617175,
1850,621.833156,-0.00235336,0.00707442,
1850,628.885374,-0.0023267,0.00686167,
1850,521.498465,-0.00185522,0.00554636,
1850,346.584248,-0.00110119,0.00372139,
1850,181.871643,-0.000565059,0.00217067,
1850,82.648001,-0.000314507,0.00135747,
1850,74.39788,-0.000344342,0.00152592,
1850,180.383916,-0.000768106,0.00278719,
1850,354.245076,-0.00146531,0.00459171,
1850,517.18019,-0.00206219,0.00614663,
1900,623.736289,-0.00236631,0.00710378,
1900,629.136549,-0.00231475,0.00687325,
1900,520.860867,-0.00185369,0.00553963,
1900,344.922631,-0.00111689,0.00373328,
1900,181.30167,-0.000566307,0.00218752,
1900,79.392391,-0.000290367,0.00134229,
1900,74.620073,-0.000355376,0.00154738,
1900,181.465899,-0.000771255,0.00280408,
1900,352.322623,-0.00143213,0.00457781,
1900,519.228231,-0.00205919,0.00617827,
1950,624.142033,-0.00239465,0.00709744,
1950,629.378063,-0.00228846,0.00687655,
1950,521.063739,-0.00184251,0.00554583,
1950,345.898348,-0.00114443,0.00372851,
1950,180.712375,-0.000562447,0.0021876,
1950,78.387693,-0.0002923,0.00134127,
1950,76.049836,-0.000369931,0.00157605,
1950,179.736659,-0.000763045,0.00279203,
1950,353.018184,-0.00145103,0.00459004,
1950,519.092983,-0.00207063,0.0061835,
2000,623.069709,-0.00236355,0.00711012,
2000,628.740466,-0.00231797,0.00687109,
2000,519.72092,-0.0018593,0.00555026,
2000,343.570152,-0.00111341,0.00373167,
2000,178.799584,-0.00056506,0.0021973,
2000,82.222936,-0.000289302,0.00135219,
2000,73.818246,-0.000361368,0.00155151,
2000,179.25363,-0.000772863,0.00280596,
2000,356.727841,-0.00145117,0.00459062,
2000,514.581497,-0.00207088,0.0061608,
2050,624.26762,-0.00238738,0.00712273,
2050,628.3154,-0.00231272,0.00685725,
2050,521.131363,-0.0018551,0.00555912,
2050,347.183203,-0.00110476,0.00375337,
2050,179.823604,-0.00056168,0.00219069,
2050,80.155576,-0.000324446,0.00135854,
2050,78.522941,-0.000347249,0.00157979,
2050,182.586525,-0.000759171,0.00281006,
2050,352.322623,-0.00145893,0.00461045,
2050,517.325099,-0.00207057,0.00617909,
2100,623.349866,-0.00237631,0.00708371,
2100,627.262398,-0.00232259,0.00688497,
2100,521.643373,-0.00186698,0.00555022,
2100,343.666758,-0.00112701,0.00372303,
2100,180.383916,-0.000582536,0.00220186,
2100,80.445393,-0.000295839,0.00135991,
2100,74.900229,-0.000398445,0.0015629,
2100,180.190705,-0.000797331,0.00280584,
2100,354.988939,-0.00144075,0.00461902,
2100,517.537631,-0.00206218,0.00617375,
2150,619.910702,-0.0023659,0.00709745,
2150,630.537332,-0.0023384,0.006904,
2150,521.797942,-0.0018527,0.00553706,
2150,342.565453,-0.00109631,0.00373802,
2150,183.079213,-0.000569477,0.00223174,
2150,78.213803,-0.000315837,0.00135735,
2150,75.199707,-0.000360533,0.00157098,
2150,183.697489,-0.000783263,0.00284642,
2150,354.9986,-0.00143683,0.00460351,
2150,518.262174,-0.00206997,0.00619319,
2200,622.403129,-0.00238946,0.00711642,
2200,629.059265,-0.00230688,0.00689431,
2200,521.121702,-0.00183973,0.00555709,
2200,344.178768,-0.001112,0.00374545,
2200,178.500107,-0.000561984,0.00219366,
2200,80.976724,-0.00031611,0.00138389,
2200,75.103101,-0.000356622,0.0015789,
2200,181.659111,-0.000770211,0.00283755,
2200,354.158131,-0.0014608,0.00461213,
2200,518.967395,-0.00206205,0.0062035,
2250,623.697646,-0.00236087,0.00710603,
2250,627.938638,-0.00233338,0.00687461,
2250,521.266611,-0.00186503,0.00556716,
2250,344.536208,-0.00109719,0.00374655,
2250,179.195667,-0.000558157,0.00219699,
2250,80.319805,-0.000304046,0.00137141,
2250,74.56211,-0.000380584,0.00157621,
2250,181.243706,-0.000783216,0.00282291,
2250,353.945598,-0.00141746,0.00460824,
2250,519.682278,-0.00207546,0.00620916,
2300,624.876236,-0.00239166,0.00713198,
2300,626.566837,-0.00231781,0.00688805,
2300,519.865828,-0.0018641,0.00557122,
2300,345.328375,-0.00108263,0.00374087,
2300,177.988097,-0.000555484,0.00220622,
2300,79.846438,-0.0003038,0.00137567,
2300,73.992136,-0.000370209,0.00157011,
2300,181.890964,-0.000781109,0.00284952,
2300,355.027581,-0.00143368,0.00463255,
2300,516.697162,-0.00206776,0.00618615,
2350,624.171014,-0.00239029,0.00713049,
2350,627.156132,-0.00231418,0.00688301,
2350,521.353556,-0.00186025,0.00557315,
2350,344.941952,-0.00109164,0.00374809,
2350,180.065118,-0.000564064,0.00221357,
2350,79.730511,-0.000311692,0.00137785,
2350,77.044874,-0.000371399,0.00159776,
2350,182.663809,-0.000777255,0.00284655,
2350,354.3127,-0.00143777,0.00463299,
2350,517.663219,-0.00207553,0.00619192,
2400,623.07937,-0.00238096,0.0071365,
2400,629.812789,-0.00233555,0.0069165,
2400,519.962434,-0.0018572,0.00555027,
2400,342.826289,-0.00109417,0.00373891,
2400,181.320991,-0.000573446,0.00223953,
2400,80.126594,-0.000309822,0.00138904,
2400,75.093441,-0.00037544,0.00160666,
2400,182.518901,-0.000772802,0.00285315,
2400,354.206433,-0.00144529,0.00462898,
2400,519.672617,-0.00207227,0.00621345,
2450,624.654043,-0.00237675,0.00713692,
2450,628.276758,-0.00232972,0.00689145,
2450,519.54703,-0.00185898,0.00558068,
2450,344.777723,-0.00109046,0.00375758,
2450,181.234046,-0.000566676,0.00221661,
2450,81.276201,-0.000320888,0.00140114,
2450,76.049836,-0.000370881,0.00158449,
2450,181.47556,-0.000778365,0.00286568,
2450,355.18215,-0.0014455,0.00464238,
2450,517.305778,-0.00207476,0.00619584,
2500,623.871537,-0.00239368,0.00713181,
2500,624.692685,-0.00231192,0.00687903,
2500,521.58541,-0.00186608,0.00560711,
2500,344.207749,-0.00110291,0.00377751,
2500,178.422822,-0.000559589,0.00220452,
2500,79.353749,-0.000309766,0.00141034,
2500,76.291351,-0.000390555,0.00161856,
2500,181.185743,-0.000789753,0.00284861,
2500,355.607215,-0.00140671,0.00465977,
2500,520.030058,-0.00205694,0.00622577,
2550,623.214618,-0.00240034,0.00712629,
2550,627.726105,-0.00231444,0.00689685,
2550,521.285932,-0.0018373,0.00558723,
2550,345.222109,-0.00109713,0.0037627,
2550,180.973211,-0.000572048,0.00222436,
2550,79.827117,-0.000306523,0.00140121,
2550,77.267067,-0.000398211,0.00161899,
2550,182.905323,-0.000774836,0.00285989,
2550,355.191811,-0.00141285,0.00464413,
2550,519.943113,-0.0020687,0.00623093,
2600,625.27232,-0.00237391,0.00715551,
2600,628.296079,-0.00232884,0.00688214,
2600,519.88515,-0.00185084,0.00557536,
2600,344.256052,-0.00110108,0.00377473,
2600,179.234309,-0.000556926,0.00222325,
2600,77.692132,-0.000311485,0.0014009,
2600,77.682472,-0.000385211,0.00163119,
2600,180.229347,-0.000768064,0.00284373,
2600,355.017921,-0.00145492,0.00464977,
2600,520.464784,-0.00207276,0.0062314,
2650,621.620623,-0.00238053,0.00713331,
2650,629.175191,-0.00231737,0.00691404,
2650,519.827186,-0.00183599,0.00556425,
2650,342.67172,-0.00109006,0.00375543,
2650,181.369294,-0.000569769,0.00225015,
2650,78.870721,-0.000326241,0.00139837,
2650,74.967853,-0.00037079,0.00162127,
2650,182.538222,-0.00077152,0.00288677,
2650,354.670141,-0.00144299,0.00464925,
2650,518.764524,-0.00206554,0.0062161,
2700,622.731589,-0.00234408,0.00712185,
2700,628.827411,-0.0023209,0.00688991,
2700,519.518048,-0.00184341,0.00555956,
2700,343.676418,-0.00107644,0.00376035,
2700,180.96355,-0.000570296,0.00225593,
2700,79.933383,-0.000330355,0.00140877,
2700,75.528166,-0.000380132,0.00162666,
2700,183.446315,-0.000786797,0.00289287,
2700,357.162566,-0.00143098,0.00465658,
2700,516.697162,-0.00205383,0.00619276,
