stress_ratio,cycles_to_failure,stress_parameter,stress_lowerbound,stress_upperbound
-1.0,1,104.68429708283627,209.7341686136917,142.6231954466566
-1.0,51,104.63486439773185,158.99440025552934,121.40434281090675
-1.0,101,104.58594653514078,151.5376888252585,118.04125977404637
-1.0,151,104.53753311555575,147.31679740468252,116.10302933708144
-1.0,201,104.4896140679284,144.38823394539406,114.74256482490486
-1.0,251,104.44217961761149,142.15499471928769,113.69608054957696
-1.0,301,104.3952202748833,140.35525114086988,112.84683244385273
-1.0,351,104.34872682402104,138.85109201539032,112.13289969542785
-1.0,401,104.30269031289163,137.56107322497553,111.51750645346873
-1.0,451,104.25710204303125,136.43314733182464,110.97703736251137
-1.0,501,104.21195356018622,135.43206723720579,110.49543264917918
-1.0,551,104.16723664528962,134.53287691332918,110.06127915620905
-1.0,601,104.12294330585007,133.71727222176543,109.66617781897988
-1.0,651,104.07906576773021,132.97143731714445,109.3037697920254
-1.0,701,104.03559646729371,132.28469310919243,108.9691262335537
-1.0,751,103.9925280439017,131.64861791938685,108.65835017414823
-1.0,801,103.94985333273951,131.0564555011558,108.36830780224183
-1.0,851,103.90756535795718,130.50270477529216,108.09644179045732
-1.0,901,103.86565732610666,129.98282829833568,107.84063835143421
-1.0,951,103.82412261986116,129.4930405388628,107.59913048650921
-1.0,1000,103.78377459405385,129.03916356451327,107.37488337294529
-1.0,10000,99.3853977810826,109.97813562937316,97.47790549155029
-1.0,20000,97.02153114433517,104.89071591749688,94.61004045432499
-1.0,30000,95.49668681798039,102.05659575295986,92.94254773956929
-1.0,40000,94.37391257089931,100.11175355824028,91.75948026494972
-1.0,50000,93.4871096190853,98.64246585630328,90.83959386351282
-1.0,60000,92.75534931039999,97.4684044539099,90.08521717114394
-1.0,70000,92.1331452640227,96.4949598569503,89.444594814046
-1.0,80000,91.59240637134674,95.66641798238612,88.88699744710746
-1.0,90000,91.11457880518464,94.94725216526749,88.39269172640964
-1.0,100000,90.68677343014778,94.31344613011736,87.94825478577793
-1.0,110000,90.29967655388481,93.74802125525707,87.54414397149051
-1.0,120000,89.94634185331506,93.23854099728209,87.17333342826774
-1.0,130000,89.62145234027736,92.7756296709639,86.8305008950858
-1.0,140000,89.32084884880611,92.35204847182779,86.51151819517113
-1.0,150000,89.04121738932926,91.96209503455047,86.21311881284898
-1.0,160000,88.77987523201702,91.60119962816987,85.93267352563507
-1.0,170000,88.53462055466231,91.26564555277753,85.66803453616514
-1.0,180000,88.30362427782028,90.95237060765622,85.41742446741783
-1.0,190000,88.08535064851189,90.65882300391144,85.17935558018938
-1.0,200000,87.87849787388825,90.382854759244,84.9525698567712
-1.0,210000,87.68195302784797,90.12264146817085,84.73599380673176
-1.0,220000,87.49475730547464,89.87662099656846,84.52870386152372
-1.0,230000,87.31607890355961,89.64344599256016,84.32989951716212
-1.0,240000,87.14519160507986,89.42194664358784,84.13888223468871
-1.0,250000,86.98145768756166,89.21110114044713,83.95503867961011
-1.0,260000,86.82431414946038,89.01001201340803,83.77782727297642
-1.0,270000,86.67326151130509,88.81788699533976,83.60676729947538
-1.0,280000,86.52785463547026,88.63402341265628,83.44143001101767
-1.0,290000,86.38769514360965,88.45779535287544,83.2814313028863
-1.0,300000,86.25242510969116,88.28864303759914,83.12642564045667
-1.0,310000,86.1217217797954,88.12606396219104,82.97610098874439
-1.0,320000,85.99529312464563,87.96960546182886,82.83017455245698
-1.0,330000,85.87287407227662,87.81885843769828,82.68838917582083
-1.0,340000,85.75422329987826,87.67345203321108,82.55051028319356
-1.0,350000,85.6391204882076,87.53304909320724,82.41632326571968
-1.0,360000,85.52736396087307,87.39734227233404,82.28563123811008
-1.0,370000,85.41876864559437,87.26605068471402,82.15825310425703
-1.0,380000,85.31316430620414,87.13891700733133,82.03402188192321
-1.0,390000,85.21039400341587,87.0157049656207,81.91278324586135
-1.0,400000,85.11031274977726,86.8961971425793,81.79439425593323
-1.0,410000,85.0127863301714,86.78019306290034,81.67872224266029
-1.0,420000,84.91769026403325,86.66750751191996,81.56564382729182
-1.0,430000,84.82490888935445,86.55796905584359,81.4550440572798
-1.0,440000,84.73433455174033,86.45141873514957,81.34681564115833
-1.0,450000,84.64586688440455,86.347708907556,81.24085826933823
-1.0,460000,84.55941216714793,86.2467022205659,81.13707800944653
-1.0,470000,84.47488275416094,86.1482706966801,81.03538676653176
-1.0,480000,84.39219656198053,86.05229491684875,80.93570179992017
-1.0,490000,84.31127661017862,85.95866328986043,80.83794528967907
-1.0,500000,84.23205060840579,85.86727139710852,80.7420439466585
-1.0,510000,84.15445058429465,85.77802140365385,80.64792866092262
-1.0,520000,84.07841254747194,85.69082152775682,80.55553418408401
-1.0,530000,84.00387618556016,85.60558556209595,80.46479884166375
-1.0,540000,83.93078458858702,85.52223244079231,80.37566427210794
-1.0,550000,83.85908399867982,85.44068584711958,80.28807518952232
-1.0,560000,83.78872358231477,85.36087385743556,80.20197916756331
-1.0,570000,83.71965522272886,85.28272861742379,80.11732644224341
-1.0,580000,83.65183333039239,85.20618604722287,80.03406973167412
-1.0,590000,83.58521466969151,85.13118557242532,79.95216407102372
-1.0,600000,83.51975820018697,85.05766987829765,79.87156666115037
-1.0,610000,83.45542493100484,84.98558468487364,79.79223672956762
-1.0,620000,83.39217778707808,84.91487854085591,79.71413540253485
-1.0,630000,83.329981486102,84.8455026344698,79.6372255872258
-1.0,640000,83.26880242519117,84.77741061966549,79.56147186300491
-1.0,650000,83.20860857633582,84.71055845617457,79.48684038100195
-1.0,660000,83.14936938985092,84.64490426216828,79.41329877119489
-1.0,670000,83.0910557050975,84.58040817832732,79.34081605635495
-1.0,680000,83.03363966782895,84.51703224229307,79.2693625722457
-1.0,690000,82.97709465358209,84.45474027259255,79.19890989351263
-1.0,700000,82.92139519659085,84.39349776116843,79.12943076480926
-1.0,710000,82.8665169237524,84.33327177379222,79.060899036693
-1.0,720000,82.81243649322111,84.2740308576752,78.99328960590434
-1.0,730000,82.75913153724743,84.21574495566131,78.92657835967492
-1.0,740000,82.70658060891454,84.15838532646333,78.86074212373322
-1.0,750000,82.65476313245892,84.10192447043762,78.79575861371647
-1.0,760000,82.60365935688934,84.04633606044823,78.73160638972033
-1.0,770000,82.55325031264552,83.99159487740978,78.66826481374956
-1.0,780000,82.50351777106063,83.93767675014273,78.60571400983777
-1.0,790000,82.45444420641336,83.88455849919411,78.54393482664874
-1.0,800000,82.4060127603736,83.83221788432671,78.48290880236344
-1.0,810000,82.35820720866305,83.78063355539214,78.42261813168895
-1.0,820000,82.31101192976756,83.72978500632702,78.36304563484086
-1.0,830000,82.26441187555177,83.67965253204902,78.30417472834903
-1.0,840000,82.21839254363894,83.63021718802683,78.24598939756868
-1.0,850000,82.17293995143064,83.58146075234298,78.18847417076577
-1.0,860000,82.12804061165072,83.53336569005374,78.13161409468077
-1.0,870000,82.08368150930812,83.48591511970203,78.07539471145544
-1.0,880000,82.03985007998035,83.43909278180526,78.01980203685201
-1.0,890000,81.99653418932849,83.39288300920528,77.96482253965846
-1.0,900000,81.95372211376086,83.34727069914204,77.91044312220853
-1.0,910000,81.9114025221687,83.30224128692642,77.85665110195325
-1.0,920000,81.86956445866393,83.2577807211145,77.8034341940049
-1.0,930000,81.82819732625342,83.21387544008192,77.75078049459304
-1.0,940000,81.78729087138971,83.17051234989634,77.69867846538547
-1.0,950000,81.74683516934243,83.12767880341585,77.64711691860687
-1.0,960000,81.7068206103387,83.08536258052499,77.59608500291452
-1.0,970000,81.66723788642436,83.04355186943545,77.54557218998701
-1.0,980000,81.62807797900209,83.00223524899535,77.4955682617693
-1.0,990000,81.58933214700446,82.96140167192102,77.44606329835955
-1.0,1000000,81.55099191566387,82.92104044892339,77.3970476664696
-1.0,1010000,81.51304906584373,82.8811412336451,77.34851200845388
-1.0,1020000,81.4754956238973,82.84169400837841,77.30044723185637
-1.0,1030000,81.43832385202343,82.80268907051058,77.2528444994494
-1.0,1040000,81.40152623909029,82.76411701964939,77.20569521974275
-1.0,1050000,81.36509549190008,82.72596874539316,77.15899103793038
-1.0,1060000,81.32902452686967,82.68823541570787,77.1127238272507
-1.0,1070000,81.29330646210352,82.6509084658709,77.06688568074291
-1.0,1080000,81.25793460983695,82.61397958795504,77.02146890337087
-1.0,1090000,81.22290246922945,82.5774407208139,76.97646600450297
-1.0,1100000,81.18820371948843,82.54128404055335,76.93186969071728
-1.0,1110000,81.15383221330569,82.50550195144548,76.88767285892825
-1.0,1120000,81.11978197058947,82.47008707727024,76.84386858981064
-1.0,1130000,81.08604717247667,82.43503225306182,76.80045014150332
-1.0,1140000,81.05262215560987,82.40033051723793,76.7574109435794
-1.0,1150000,81.01950140666561,82.3659751040747,76.71474459128366
-1.0,1160000,80.98667955712072,82.33195943654081,76.672444839994
-1.0,1170000,80.95415137824433,82.2982771194395,76.63050559992651
-1.0,1180000,80.92191177630409,82.2649219328629,76.58892093104986
-1.0,1190000,80.88995578797565,82.23188782592766,76.54768503821727
-1.0,1200000,80.85827857594523,82.19916891079764,76.50679226648134
-1.0,1210000,80.82687542469553,82.16675945695079,76.46623709661196
-1.0,1220000,80.79574173646601,82.13465388570596,76.42601414078068
-1.0,1230000,80.76487302737883,82.10284676497392,76.38611813842502
-1.0,1240000,80.73426492372258,82.07133280423557,76.34654395226862
-1.0,1250000,80.7039131583859,82.04010684973225,76.30728656449688
-1.0,1260000,80.67381356743405,82.00916387985127,76.26834107308402
-1.0,1270000,80.64396208682142,81.9784990007092,76.22970268825541
-1.0,1280000,80.61435474923371,81.94810744190856,76.19136672908938
-1.0,1290000,80.58498768105363,81.91798455247498,76.15332862024262
-1.0,1300000,80.55585709944442,81.8881257969544,76.11558388879978
-1.0,1310000,80.52695930954562,81.85852675166812,76.07812816123992
-1.0,1320000,80.4982907017761,81.82918310111283,76.04095716051795
-1.0,1330000,80.46984774923953,81.80009063451207,76.00406670324436
-1.0,1340000,80.44162700522737,81.77124524249253,75.96745269697664
-1.0,1350000,80.41362510081535,81.74264291389683,75.93111113760196
-1.0,1360000,80.38583874254903,81.71427973271554,75.89503810681732
-1.0,1370000,80.35826471021468,81.68615187514189,75.85922976969331
-1.0,1380000,80.33089985469171,81.65825560672943,75.82368237233385
-1.0,1390000,80.3037410958829,81.63058727966646,75.78839223960726
-1.0,1400000,80.27678542071949,81.60314333014944,75.75335577296133
-1.0,1410000,80.25002988123742,81.57592027585318,75.71856944831298
-1.0,1420000,80.22347159272216,81.5489147134937,75.68402981401215
-1.0,1430000,80.19710773191876,81.52212331648471,75.64973348887065
-1.0,1440000,80.17093553530489,81.49554283267666,75.61567716026094
-1.0,1450000,80.1449522974238,81.4691700821771,75.58185758227808
-1.0,1460000,80.11915536927499,81.44300195525193,75.548271573962
-1.0,1470000,80.09354215676005,81.41703541030142,75.5149160175783
-1.0,1480000,80.06811011918164,81.39126747190328,75.48178785695978
-1.0,1490000,80.04285676779313,81.36569522893076,75.4488840958966
-1.0,1500000,80.01777966439711,81.3403158327378,75.41620179657839
-1.0,1510000,79.99287641999084,81.31512649539837,75.38373807809359
-1.0,1520000,79.96814469345647,81.29012448801379,75.35149011497163
-1.0,1530000,79.9435821902946,81.26530713907881,75.31945513576979
-1.0,1540000,79.91918666139938,81.2406718328997,75.28763042170851
-1.0,1550000,79.89495590187332,81.21621600806643,75.25601330534963
-1.0,1560000,79.87088774988058,81.19193715598063,75.22460116931157
-1.0,1570000,79.84698008553711,81.16783281942467,75.1933914450311
-1.0,1580000,79.82323082983615,81.14390059118865,75.16238161155565
-1.0,1590000,79.79963794360795,81.12013811273277,75.13156919437915
-1.0,1600000,79.77619942651216,81.09654307289962,75.10095176431072
-1.0,1610000,79.75291331606205,81.0731132066685,75.07052693637534
-1.0,1620000,79.7297776866787,81.04984629394667,75.04029236875122
-1.0,1630000,79.70679064877501,81.02674015840097,75.01024576173883
-1.0,1640000,79.68395034786744,81.0037926663298,74.9803848567564
-1.0,1650000,79.66125496371521,80.98100172556624,74.95070743537059
-1.0,1660000,79.63870270948541,80.95836528442064,74.9212113183498
-1.0,1670000,79.61629183094371,80.93588133064853,74.89189436475435
-1.0,1680000,79.59402060566894,80.91354789046565,74.86275447103768
-1.0,1690000,79.57188734229146,80.89136302757254,74.83378957019397
-1.0,1700000,79.54989037975399,80.86932484223264,74.80499763090783
-1.0,1710000,79.52802808659433,80.84743147035665,74.77637665674916
-1.0,1720000,79.50629886024896,80.82568108263202,74.74792468537538
-1.0,1730000,79.48470112637722,80.80407188366912,74.7196397877633
-1.0,1740000,79.46323333820484,80.78260211117694,74.69152006746164
-1.0,1750000,79.4418939758866,80.7612700351607,74.66356365986519
-1.0,1760000,79.42068154588705,80.74007395714887,74.635768731504
-1.0,1770000,79.3995945803791,80.71901220943408,74.60813347936181
-1.0,1780000,79.37863163665959,80.69808315434902,74.5806561302006
-1.0,1790000,79.3577912965812,80.67728518354933,74.55333493991657
-1.0,1800000,79.33707216600048,80.65661671732914,74.52616819290289
-1.0,1810000,79.31647287424127,80.63607620394887,74.49915420143779
-1.0,1820000,79.29599207357272,80.61566211898763,74.47229130508192
-1.0,1830000,79.2756284387021,80.59537296471129,74.44557787009667
-1.0,1840000,79.25538066628123,80.5752072694563,74.41901228887936
-1.0,1850000,79.23524747442647,80.55516358703836,74.39259297940544
-1.0,1860000,79.2152276022518,80.53524049617026,74.3663183846938
-1.0,1870000,79.19531980941431,80.51543659989969,74.34018697228198
-1.0,1880000,79.1755228756722,80.49575052506208,74.31419723371555
-1.0,1890000,79.15583560045418,80.47618092174838,74.28834768405137
-1.0,1900000,79.13625680244073,80.4567264627886,74.2626368613722
-1.0,1910000,79.11678531915607,80.43738584324754,74.23706332631544
-1.0,1920000,79.09742000657104,80.41815777993608,74.21162566161307
-1.0,1930000,79.07815973871642,80.399041010936,74.18632247164192
-1.0,1940000,79.0590034073061,80.38003429513373,74.16115238198995
-1.0,1950000,79.03994992137012,80.36113641177334,74.13611403902597
-1.0,1960000,79.02099820689727,80.34234616001434,74.11120610948824
-1.0,1970000,79.00214720648663,80.32366235850927,74.08642728007439
-1.0,1980000,78.98339587900811,80.30508384498255,74.0617762570517
-1.0,1990000,78.96474319927158,80.28660947582856,74.03725176586886
-1.0,3000000,77.45896319679704,78.81418923629532,72.04897951415718
-1.0,4000000,76.42016408436265,77.81665624083146,70.67080585327172
-1.0,5000000,75.62375554546587,77.05978064751532,69.61261221170506
-1.0,6000000,74.97907650105562,76.45127783560135,68.7557831556109
-1.0,7000000,74.43822205038663,75.94325759373928,68.03714853899507
-1.0,8000000,73.97281959731184,75.50771047231815,67.41911429607393
-1.0,9000000,73.56468957112781,75.12685652502698,66.87751657764933
-1.0,10000000,73.20149091868382,74.78871329547738,66.3959170496485
-1.0,11000000,72.87446649614273,74.48482749767587,65.96263398264757
-1.0,12000000,72.57718024145777,74.20901610240625,65.56907306357205
-1.0,13000000,72.30476507809301,73.95662215273825,65.20873045573647
-1.0,14000000,72.05345232826707,73.72405201792952,64.87656764438553
-1.0,15000000,71.8202650618496,73.50847544012495,64.56860336312202
-1.0,16000000,71.60281135319725,73.30762422410936,64.28163809677734
-1.0,17000000,71.39914080050573,73.1196530793525,64.0130626766071
-1.0,18000000,71.20764243427645,72.94304094875754,63.76072196950096
-1.0,19000000,71.02697048026343,72.77651948041634,63.522815687801014
-1.0,30000000,69.51875096479648,71.38984077426379,61.5437748496775
-1.0,130000000,64.88942297087618,67.15475969445497,55.564103372061
-1.0,230000000,63.17254585954434,65.58642100258308,53.38891394514972
-1.0,330000000,62.10971916966211,64.6151301192408,52.05506449370917
-1.0,430000000,61.34183656311782,63.91300511277111,51.09762277000654
-1.0,530000000,60.74196964203237,63.36422544012821,50.35339932264561
-1.0,630000000,60.25052849214497,62.91442406106622,49.74616616600484
-1.0,730000000,59.83478213808932,62.533738216565496,49.23422115193241
-1.0,830000000,59.47483349080609,62.20401272808304,48.79229840552154
-1.0,930000000,59.15769169384582,61.91339251885489,48.40394928207824
-1.0,1030000000,58.87441153198315,61.65371325410077,48.0578763011692
-1.0,1130000000,58.61857418827391,61.419115547094194,47.74599108087667
-1.0,1230000000,58.38541944029826,61.20525336451197,47.462307522319804
-1.0,1330000000,58.171320678599834,61.00881512526678,47.202273599997405
0.1,1,203.46051975184847,1565.1720847153674,419.61647950647784
0.1,51,203.45418237222708,766.4517959021996,313.65862127689047
0.1,101,203.44784582361547,677.1583890650495,298.12551350740523
0.1,151,203.44151010582155,629.5795550284735,289.33103777808765
0.1,201,203.43517521865334,597.8048458929222,283.22691622565486
0.1,251,203.428841161919,574.246977141036,278.5701326066525
0.1,301,203.4225079354266,555.6815748283583,274.8156524678836
0.1,351,203.41617553898442,540.4504862629847,271.6764279793372
0.1,401,203.40984397240072,527.5933508708891,268.9829531750219
0.1,451,203.4035132354838,516.506446096943,266.6269078639407
0.1,501,203.39718332804216,506.7867066667647,264.5349373501082
0.1,551,203.3908542498842,498.1523179164601,262.6551040911638
0.1,601,203.38452600081845,490.39889814515305,260.94931363658515
0.1,651,203.37819858065353,483.37374894094586,259.38881185579316
0.1,701,203.37187198919813,476.95993773618676,257.9513722844141
0.1,751,203.36554622626093,471.0660398724873,256.61946619085876
0.1,801,203.35922129165073,465.619293135928,255.3790306745435
0.1,851,203.3528971851764,460.5608918786749,254.2186149201509
0.1,901,203.34657390664682,455.84266816478146,253.12877353401456
0.1,951,203.34025145587097,451.4246983961666,252.10162595720794
0.1,1000,203.33405625701332,447.3541418530548,251.14944088119336
0.1,10000,202.20945625038075,296.28102677933185,210.5084435640927
0.1,20000,200.99003441787877,262.3808611538569,199.11080835814445
0.1,30000,199.80098632890767,244.6941057992453,192.48315913434516
0.1,40000,198.64100338604686,233.08532463849036,187.74383523721633
0.1,50000,197.50885628451277,224.6231782091486,184.01568770650903
0.1,60000,196.4033888689329,218.06839649016413,180.91606927791602
0.1,70000,195.32351256611946,212.78512096811085,178.24457750883366
0.1,80000,194.26820133077962,208.405229178637,175.88371557084437
0.1,90000,193.23648704896212,204.69708345967825,173.759067044318
0.1,100000,192.22745535080625,201.50573591930302,171.82075826045443
0.1,110000,191.2402417899981,198.7225772554819,170.03386858458074
0.1,120000,190.27402835239124,196.26862787324058,168.37306377825578
0.1,130000,189.32804026063027,194.08473464625982,166.81940571024015
0.1,140000,188.40154304542483,192.12551474108145,165.35836391874204
0.1,150000,187.4938398574423,190.355450379806,163.97852869911316
0.1,160000,186.60426899668553,188.7462775363124,162.6707524594851
0.1,170000,185.73220163876033,187.2751846771612,161.4275622298301
0.1,180000,184.8770397396639,185.92353643190097,160.24274902756997
0.1,190000,184.0382141026806,184.67594789094187,159.11107542739285
0.1,200000,183.21518259269558,183.5195994618779,158.02806375890154
0.1,210000,182.40742848475662,182.44372073699842,156.98984026368953
0.1,220000,181.61445893505828,181.43919563753946,155.9930186866768
0.1,230000,180.8358035637128,180.49825622826137,155.03461204252238
0.1,240000,180.07101313972836,179.61424244901687,154.11196477414654
0.1,250000,179.31965835955316,178.78141157630265,153.22269985443654
0.1,260000,178.58132871137832,177.99478569677296,152.36467697220158
0.1,270000,177.8556314181395,177.25002857600163,151.5359590398531
0.1,280000,177.14219045281928,176.54334549643897,150.73478502463735
0.1,290000,176.44064562024874,175.87140121139052,149.9595476433482
0.1,300000,175.75065170013917,175.23125230798516,149.2087748426713
0.1,310000,175.07187764655123,174.62029111848966,148.4811142613776
0.1,320000,174.40400583944032,174.03619895205705,147.77532006866952
0.1,330000,173.74673138430018,173.47690689728998,147.0902417174303
0.1,340000,173.0997614562765,172.9405628110871,146.4248142574043
0.1,350000,172.4628146854344,172.425503390397,145.77804993229466
0.1,360000,171.83562058014743,171.93023044210543,145.1490308437309
0.1,370000,171.2179189858313,171.4533906371112,144.53690250982146
0.1,380000,170.6094595764774,170.99375816942884,143.94086818005624
0.1,390000,170.01000137665045,170.55021984802156,143.36018379454958
0.1,400000,169.41931231180644,170.12176223425985,142.79415349609036
0.1,410000,168.83716878495798,169.70746050640673,142.2421256193971
0.1,420000,168.2633552778738,169.3064687875194,141.70348909481928
0.1,430000,167.69766397514013,168.91801171807705,141.17767021369386
0.1,440000,167.13989440954373,168.54137709080217,140.66412971096207
0.1,450000,166.58985312735487,168.17590939511948,140.16236012713478
0.1,460000,166.04735337219677,167.82100414298552,139.67188341728544
0.1,470000,165.51221478628824,167.47610286805806,139.1922487792134
0.1,480000,164.98426312793603,167.14068870677423,138.7230306767268
0.1,490000,164.46333000423795,166.81428248384188,138.26382703710078
0.1,500000,163.94925261803306,166.49643923616182,137.81425760444728
0.1,510000,163.44187352820532,166.18674511878652,137.37396243305702
0.1,520000,162.94104042251183,165.88481464475217,136.94260050659562
0.1,530000,162.44660590216594,165.5902882173296,136.51984847078802
0.1,540000,161.95842727745858,165.30282991906716,136.1053994685915
0.1,550000,161.47636637375285,165.0221255268391,135.6989620681346
0.1,560000,161.00028934723196,164.74788072627155,135.3002592747435
0.1,570000,160.53006650982326,164.47981950243735,134.90902761933626
0.1,580000,160.06557216276045,164.21768268672787,134.5250163162711
0.1,590000,159.606684438282,163.96122664239365,134.14798648445273
0.1,600000,159.1532851489979,163.71022207342028,133.7777104261734
0.1,610000,158.70525964448677,163.46445294338108,133.41397095865068
0.1,620000,158.26249667471507,163.22371549248672,133.0565607937875
0.1,630000,157.8248882598962,162.98781734247632,132.70528196210776
0.1,640000,157.39232956643113,162.75657668026403,132.35994527717605
0.1,650000,156.96471878859685,162.52982151230896,132.02036983717704
0.1,660000,156.54195703566842,162.30738898254413,131.68638256068434
0.1,670000,156.12394822418014,162.08912474763022,131.35781775382992
0.1,680000,155.71059897505134,161.87488240385838,131.03451670646112
0.1,690000,155.30181851531682,161.66452296080527,130.71632731495467
0.1,700000,154.89751858422002,161.45791435724158,130.4031037296862
0.1,710000,154.49761334343978,161.25493101537413,130.09470602525056
0.1,720000,154.1020192912371,161.05545342986554,129.7909998917267
0.1,730000,153.71065518031963,160.85936778848745,129.49185634541368
0.1,740000,153.32344193923427,160.666565621527,129.19715145762402
0.1,750000,152.9403025971094,160.47694347745409,128.90676610018625
0.1,760000,152.56116221157816,160.2904026225041,128.62058570648668
0.1,770000,152.18594779972454,160.1068487621408,128.33850004692607
0.1,780000,151.81458827190284,159.92619178253136,128.06040301777313
0.1,790000,151.44701436828925,159.74834551034715,127.7861924424914
0.1,800000,151.08315859803272,159.5732274893755,127.51576988467019
0.1,810000,150.72295518087986,159.40075877255256,127.24904047177611
0.1,820000,150.36633999115466,159.230863728197,126.9859127289739
0.1,830000,150.01325050398123,159.06346985927186,126.72629842237525
0.1,840000,149.6636257436441,158.89850763467925,126.47011241105832
0.1,850000,149.31740623398517,158.73591033162745,126.21727250730632
0.1,860000,148.9745339507429,158.57561388823527,125.96769934451464
0.1,870000,148.63495227574418,158.41755676558105,125.72131625228388
0.1,880000,148.29860595286343,158.26167981847362,125.47804913825111
0.1,890000,147.9654410456693,158.10792617434555,125.23782637619549
0.1,900000,147.63540489668188,157.9562411196066,125.00057870007653
0.1,910000,147.30844608816818,157.80657199296226,124.76623910360497
0.1,920000,146.98451440440866,157.65886808517845,124.53474274501264
0.1,930000,146.66356079536752,157.51308054483516,124.30602685671644
0.1,940000,146.3455373417071,157.36916228964714,124.08003065957172
0.1,950000,146.03039722108633,157.2270679229725,123.85669528144378
0.1,960000,145.71809467568903,157.08675365514884,123.6359636798397
0.1,970000,145.408584980927,156.9481772293167,123.41778056837263
0.1,980000,145.1018244152702,156.8112978514409,123.20209234683145
0.1,990000,144.797770231154,156.67607612426397,122.98884703462898
0.1,1000000,144.49638062691974,156.54247398488843,122.77799420747711
0.1,1010000,144.1976147197438,156.41045464580253,122.56948493706585
0.1,1020000,143.90143251951545,156.27998253908527,122.36327173360557
0.1,1030000,143.60779490362324,156.1510232636189,122.1593084910562
0.1,1040000,143.31666359261328,156.02354353510268,121.95755043490081
0.1,1050000,143.028001126683,155.89751113868823,121.75795407233365
0.1,1060000,142.7417708429776,155.77289488408567,121.56047714471784
0.1,1070000,142.45793685365612,155.64966456298185,121.36507858220018
0.1,1080000,142.17646402469617,155.52779090863908,121.17171846035852
0.1,1090000,141.89731795540888,155.4072455575226,120.9803579587903
0.1,1100000,141.6204649586345,155.28800101285924,120.7909593215256
0.1,1110000,141.3458720415937,155.17003061000042,120.60348581917353
0.1,1120000,141.07350688736742,155.05330848348726,120.4179017127158
0.1,1130000,140.80333783698163,154.93780953570686,120.23417221887026
0.1,1140000,140.5353338720737,154.8235094070861,120.05226347691342
0.1,1150000,140.26946459811788,154.71038444767686,119.87214251693902
0.1,1160000,140.00570022818843,154.59841169010699,119.69377722943408
0.1,1170000,139.7440115672405,154.48756882378976,119.51713633613466
0.1,1180000,139.48436999688894,154.3778341703485,119.3421893620774
0.1,1190000,139.22674746066633,154.26918666014143,119.16890660882429
0.1,1200000,138.97111644974294,154.16160580989086,118.99725912875672
0.1,1210000,138.71744998909045,154.05507170130983,118.82721870042006
0.1,1220000,138.46572162407477,153.94956496068266,118.65875780486563
0.1,1230000,138.21590540746033,153.84506673936863,118.49184960292438
0.1,1240000,137.9679758868126,153.74155869515013,118.32646791339239
0.1,1250000,137.72190809228334,153.63902297440836,118.16258719206424
0.1,1260000,137.47767752476543,153.53744219506146,118.00018251159426
0.1,1270000,137.2352601444035,153.4367994302486,117.83922954212642
0.1,1280000,136.99463235944856,153.3370781926959,117.6797045326822
0.1,1290000,136.75577101544357,153.23826241975468,117.52158429324807
0.1,1300000,136.51865338472902,153.14033645906218,117.364846177549
0.1,1310000,136.28325715625687,153.0432850547974,117.20946806646906
0.1,1320000,136.04956042570237,152.94709333451388,117.0554283520861
0.1,1330000,135.8175416858636,152.85174679649268,116.90270592231194
0.1,1340000,135.58717981733844,152.75723129763637,116.75128014608072
0.1,1350000,135.35845407946977,152.66353304182252,116.60113085909747
0.1,1360000,135.13134410154987,152.57063856873899,116.45223835009612
0.1,1370000,134.90582987427484,152.4785347431652,116.30458334758879
0.1,1380000,134.6818917414412,152.38720874466713,116.15814700709883
0.1,1390000,134.45951039187614,152.29664805769292,116.01291089884835
0.1,1400000,134.2386668515936,152.20684046206367,115.86885699587486
0.1,1410000,134.0193424761692,152.11777402382157,115.72596766257087
0.1,1420000,133.80151894332624,152.02943708643076,115.58422564362219
0.1,1430000,133.58517824572633,151.94181826231204,115.44361405332948
0.1,1440000,133.37030268395748,151.85490642469267,115.30411636529998
0.1,1450000,133.1568748597137,151.7686906997698,115.16571640248796
0.1,1460000,132.94487766915972,151.68316045915435,115.02839832757746
0.1,1470000,132.73429429647507,151.59830531259675,114.89214663369202
0.1,1480000,132.52510820757132,151.51411510098518,114.75694613540787
0.1,1490000,132.3173031439776,151.43057988959114,114.62278196007557
0.1,1500000,132.11086311688865,151.34768996155222,114.48963953943087
0.1,1510000,131.9057724013704,151.26543581160888,114.35750460146956
0.1,1520000,131.7020155307184,151.18380814004288,114.2263631626029
0.1,1530000,131.49957729096377,151.10279784684369,114.09620152005742
0.1,1540000,131.29844271552255,151.02239602606616,113.96700624453197
0.1,1550000,131.09859707998433,150.9425939603998,113.83876417307827
0.1,1560000,130.9000258970347,150.86338311592098,113.71146240221513
0.1,1570000,130.70271491150896,150.7847551370152,113.58508828126483
0.1,1580000,130.5066500955718,150.70670184148946,113.45962940589182
0.1,1590000,130.31181764402007,150.62921521583232,113.335073611855
0.1,1600000,130.11820396970418,150.55228741065488,113.2114089689404
0.1,1610000,129.92579569906553,150.47591073626373,113.0886237750964
0.1,1620000,129.73457966778503,150.40007765839655,112.96670655074016
0.1,1630000,129.5445429165414,150.32478079408395,112.8456460332466
0.1,1640000,129.35567268687387,150.25001290766676,112.72543117159297
0.1,1650000,129.16795641714802,150.17576690692596,112.60605112117906
0.1,1660000,128.98138173862066,150.10203583933887,112.48749523880018
0.1,1670000,128.79593647160107,150.02881288847018,112.36975307776211
0.1,1680000,128.61160862170632,149.95609137046884,112.25281438314985
0.1,1690000,128.42838637620713,149.8838647306701,112.1366690872375
0.1,1700000,128.2462581004622,149.8121265403169,112.0213073050278
0.1,1710000,128.06521233443874,149.7408704933796,111.90671932992468
0.1,1720000,127.88523778931571,149.67009040347511,111.79289562953191
0.1,1730000,127.70632334416877,149.59978020087294,111.67982684157808
0.1,1740000,127.52845804273342,149.52993392961724,111.56750376994555
0.1,1750000,127.35163109024501,149.46054574470787,111.45591738083058
0.1,1760000,127.17583185035302,149.3916099093885,111.34505879900001
0.1,1770000,127.00104984210763,149.32312079250673,111.23491930415929
0.1,1780000,126.82727473701658,149.2550728659628,111.125490327419
0.1,1790000,126.65449635617053,149.18746070221547,111.0167634478721
0.1,1800000,126.48270466743462,149.12027897188938,110.90873038924757
0.1,1810000,126.31188978270512,149.05352244143197,110.80138301667296
0.1,1820000,126.14204195522869,148.98718597084812,110.69471333351898
0.1,1830000,125.97315157698273,148.92126451149704,110.58871347833391
0.1,1840000,125.80520917611568,148.85575310396283,110.48337572185527
0.1,1850000,125.63820541444493,148.79064687596897,110.37869246411466
0.1,1860000,125.47213108501128,148.72594104037262,110.27465623160784
0.1,1870000,125.30697710968815,148.66163089320276,110.17125967454855
0.1,1880000,125.14273453684442,148.5977118117585,110.06849556419388
0.1,1890000,124.97939453905903,148.53417925276253,109.96635679024168
0.1,1900000,124.81694841088665,148.47102875056243,109.86483635829508
0.1,1910000,124.65538756667206,148.40825591538936,109.76392738739445
0.1,1920000,124.49470353841319,148.3458564316583,109.66362310761436
0.1,1930000,124.33488797367043,148.2838260563143,109.56391685772556
0.1,1940000,124.1759326335219,148.2221606172337,109.4648020829128
0.1,1950000,124.0178293905628,148.16085601166247,109.36627233255331
0.1,1960000,123.86057022694835,148.09990820469295,109.26832125805672
0.1,1970000,123.70414723247848,148.03931322779187,109.17094261075302
0.1,1980000,123.54855260272403,147.979067177361,109.07413023983977
0.1,1990000,123.3937786371925,147.91916621333726,108.97787809037926
0.1,3000000,110.97678746394891,143.16846392353875,101.37905687706372
0.1,4000000,102.62038459952373,139.97666859861584,96.3394868589911
0.1,5000000,96.4020685223756,137.56999094593658,92.59021107552937
0.1,6000000,91.51384780864736,135.64498307165843,89.6283711180306
0.1,7000000,87.52411748784978,134.04485166202804,87.19404208635028
0.1,8000000,84.17736491755744,132.67821318014848,85.13614774688702
0.1,9000000,81.31083428447683,131.48723367993466,83.35946303105418
0.1,10000000,78.81499496883818,130.433041887341,81.8002794720315
0.1,11000000,76.61290680891803,129.48828222450348,80.41397734626494
0.1,12000000,74.6486310372538,128.6329908325303,79.16815052012687
0.1,13000000,72.88033279194771,127.85216260374868,78.03855790476611
0.1,14000000,71.27597758401559,127.13424109388218,77.00661647936457
0.1,15000000,69.81053892445571,126.47014134950071,76.05778329146139
0.1,16000000,68.4641255449564,125.85259514089442,75.18047432358192
0.1,17000000,67.22068929601323,125.27569903220129,74.36532043235685
0.1,18000000,66.0671115445142,124.73459439661603,73.6046420651804
0.1,19000000,64.99254318815719,124.22523577198602,72.89207011165648
0.1,30000000,56.539232711342436,120.01550927897317,67.13483450575784
0.1,130000000,35.94981274651835,107.5278487326684,51.5093464589292
0.1,230000000,30.111841234374182,103.0507543547591,46.45361872810168
0.1,330000000,26.914566880398333,100.31913495014118,43.51217595986018
0.1,430000000,24.787154183969292,98.36428972635915,41.473774320417014
0.1,530000000,23.225753248587782,96.84801886455507,39.93088791528405
0.1,630000000,22.009359303292246,95.61286988849055,38.6986707582459
0.1,730000000,21.02285077109117,94.57291217591623,37.67828274313267
0.1,830000000,20.199239065202292,93.67618084934882,36.81095412105381
0.1,930000000,19.496387788954983,92.88889724392256,36.059031059385426
0.1,1030000000,18.886211778245926,92.18789080090693,35.3970093361446
0.1,1130000000,18.34913198457,91.5565909589646,34.806853453210856
0.1,1230000000,17.871001119962667,90.98274591368249,34.275362938766946
0.1,1330000000,17.44129273160135,90.4570469699072,33.792600429627
10.0,1,311.3638660371989,399.5431251677882,264.2756223451669
10.0,51,235.41919487355696,294.6392706025413,225.25055861975972
10.0,101,228.19971656927734,279.50029682055794,219.04224355024002
10.0,151,224.0771257728909,270.96860561655666,215.4588463651204
10.0,201,221.1966515724274,265.0662386190366,212.9406612284302
10.0,251,218.98761713724937,260.5751895953887,211.00168652088303
10.0,301,217.19894364318543,256.96242665833597,209.4267326835343
10.0,351,215.69795949449585,253.94765358918244,208.10162035218568
10.0,401,214.406081273974,251.3655640451726,206.95851415563672
10.0,451,213.2729520385604,249.11063934461987,205.95384134576506
10.0,501,212.26438363049144,247.11149274550294,205.05796212655008
10.0,551,211.35611359926796,245.31762526986532,204.24980731130853
10.0,601,210.53030827752508,243.69202787516144,203.51386833471096
10.0,651,209.77348003222593,242.20678678067165,202.83840131932797
10.0,701,209.07518401268482,240.84034023933648,202.21430157021575
10.0,751,208.4271688513323,239.57569491606307,201.6343691243074
10.0,801,207.82280403107075,238.3992258788605,201.09281296322027
10.0,851,207.25668244892194,237.299845420619,200.58490654309233
10.0,901,206.7243376068846,236.268412742656,200.10674243715073
10.0,951,206.2220379500698,235.29730545339436,199.65505375049256
10.0,1000,205.75589693386664,234.39795499685735,199.2354244550513
10.0,10000,185.4968157995268,197.37975005547924,180.26759032625503
10.0,20000,179.7998106466858,188.0180692300528,174.36888002803929
10.0,30000,176.54882451547584,183.02599113258532,170.74948355353158
10.0,40000,174.27794915103922,179.7268945506598,168.0752689337809
10.0,50000,172.53666616998984,177.3120604330054,165.93328978096974
10.0,60000,171.12686232517805,175.4318249058692,164.13912107601988
10.0,70000,169.9438841630503,173.90515820882624,162.59290715294733
10.0,80000,168.92575594068452,172.6272874349614,161.23367661503838
10.0,90000,168.03276860477519,171.53270990950384,160.02105722977396
10.0,100000,167.23796585983976,170.578055885879,158.92673386461047
10.0,110000,166.5222190922159,169.73329609114097,157.9299842695031
10.0,120000,165.87146909478255,168.9768748627184,157.01513948664135
10.0,130000,165.2750834418456,168.29285169863837,156.17004101070023
10.0,140000,164.7248287346754,167.66913999694825,155.38505356767223
10.0,150000,164.21420088965994,167.09637781684938,154.6524065109957
10.0,160000,163.73797362052846,166.56717908250656,153.96573919826105
10.0,170000,163.2918850795281,166.07562248712182,153.31977814063632
10.0,180000,162.87241488731917,165.61689375185108,152.7101021699819
10.0,190000,162.47662199361733,165.18702962743143,152.13296808547204
10.0,200000,162.1020244994219,164.78273107861773,151.58517887849524
10.0,210000,161.74650906124245,164.4012245509107,151.06398257094142
10.0,220000,161.40826155678772,164.04015731452765,150.56699347393663
10.0,230000,161.08571329819287,163.6975173886071,150.0921301368147
10.0,240000,160.77749879254796,163.37157148003493,149.6375659026624
10.0,250000,160.482422200159,163.0608163175846,149.20168911120754
10.0,260000,160.1994304284499,162.763940079226,148.7830707721468
10.0,270000,159.92759134773655,162.47979151713412,148.38043808583757
10.0,280000,159.6660760029682,162.20735501945435,147.99265258597467
10.0,290000,159.41414397387794,161.94573029798676,147.61869196888722
10.0,300000,159.1711312384124,161.6941157149603,147.2576348879117
10.0,310000,158.93644004332853,161.45179449800665,146.90864815096188
10.0,320000,158.70953039680577,161.21812326632872,146.5709758799001
10.0,330000,158.48991288140954,160.99252242058176,146.24393028210045
10.0,340000,158.27714254917987,160.77446804650305,145.92688375512466
10.0,350000,158.0708137092626,160.56348505623745,145.61926210030327
10.0,360000,157.8705554561218,160.35914134818304,145.3205386636566
10.0,370000,157.67602781569948,160.1610428098846,145.03022925643174
10.0,380000,157.4869184099264,159.96882902269303,144.7478877342057
10.0,390000,157.3029395582088,159.78216955368626,144.47310213486068
10.0,400000,157.12382574903035,159.60076074144612,144.20549129292067
10.0,410000,156.94933142643526,159.4243228991463,143.94470186156667
10.0,420000,156.77922904553574,159.25259787184416,143.69040568492514
10.0,430000,156.6133073587853,159.08534689566577,143.44229747243946
10.0,440000,156.45136990095662,158.92234871539506,143.2000927346522
10.0,450000,156.29323364583627,158.76339792400879,142.96352594602962
10.0,460000,156.13872781182764,158.60830349364718,142.73234890551907
10.0,470000,155.98769279710694,158.45688747217702,142.50632926994558
10.0,480000,155.83997922784974,158.30898382356114,142.2852492388375
10.0,490000,155.69544710543647,158.16443739343052,142.06890437237908
10.0,500000,155.55396504055335,158.02310298406437,141.85710252665154
10.0,510000,155.41540956378816,157.88484452521897,141.6496628924988
10.0,520000,155.27966450374458,157.74953432914816,141.44641512620098
10.0,530000,155.1466204249023,157.61705241982318,141.2471985616194
10.0,540000,155.01617411847337,157.48728592765738,141.05186149486713
10.0,550000,154.88822814037806,157.3601285422533,140.86026053363733
10.0,560000,154.76269039120925,157.23548001661527,140.67226000433803
10.0,570000,154.63947373369322,157.11324571718012,140.48773141096476
10.0,580000,154.51849564370684,156.99333621465348,140.3065529404286
10.0,590000,154.39967789138288,156.87566691133003,140.12860900962207
10.0,600000,154.28294624924877,156.76015770106653,139.95378985008693
10.0,610000,154.168230224697,156.64673265853594,139.78199112660906
10.0,620000,154.05546281439686,156.53531975480226,139.61311358647245
10.0,630000,153.94458027852536,156.42585059659115,139.44706273647347
10.0,640000,153.8355219329313,156.31826018694034,139.2837485450924
10.0,650000,153.72822995755172,156.21248670515038,139.12308516753072
10.0,660000,153.62264921958152,156.10847130420896,138.96499069154052
10.0,670000,153.5187271100553,156.006157924073,138.80938690216703
10.0,680000,153.4164133926402,155.90549311930184,138.65619906379183
10.0,690000,153.31566006356312,155.8064258997962,138.5053557179219
10.0,700000,153.21642122170292,155.7089075834166,138.35678849542995
10.0,710000,153.11865294797752,155.61289165947485,138.2104319419917
10.0,720000,153.02231319323917,155.51833366213205,138.06622335564234
10.0,730000,152.92736167396882,155.4251910528591,137.9241026354577
10.0,740000,152.83375977512907,155.3334231111963,137.78401214045633
10.0,750000,152.74147045959367,155.24299083312098,137.6458965579049
10.0,760000,152.65045818362816,155.15385683639124,137.50970278029786
10.0,770000,152.56068881794315,155.06598527230682,137.3753797903232
10.0,780000,152.4721295738856,154.9793417433792,137.24287855320276
10.0,790000,152.38474893437294,154.893893226415,137.1121519158682
10.0,800000,152.29851658920862,154.8096080006413,136.9831545124204
10.0,810000,152.2134033744512,154.72645558042927,136.85584267545389
10.0,820000,152.12938121553566,154.6444066523005,136.73017435278666
10.0,830000,152.04642307387212,154.56343301589567,136.60610902920845
10.0,840000,151.9645028966705,154.4835075285857,136.48360765290406
10.0,850000,151.88359556976027,154.40460405348867,136.36263256620578
10.0,860000,151.80367687319364,154.3266974106178,136.243147440388
10.0,870000,151.72472343943735,154.24976333096805,136.12511721420304
10.0,880000,151.64671271397495,154.17377841329738,136.0085080359349
10.0,890000,151.56962291815424,154.09872008344666,135.89328720869983
10.0,900000,151.49343301412856,154.02456655599775,135.77942313880925
10.0,910000,151.4181226717524,153.95129679813232,135.66688528696125
10.0,920000,151.34367223730158,153.8788904955214,135.55564412210603
10.0,930000,151.27006270389927,153.80732802012614,135.4456710777899
10.0,940000,151.1972756835375,153.73659039976877,135.3369385108367
10.0,950000,151.12529338059204,153.66665928938,135.22941966220145
10.0,960000,151.054098566736,153.59751694378565,135.12308861987736
10.0,970000,150.98367455716507,153.5291461919586,135.01792028371838
10.0,980000,150.9140051880523,153.46153041263238,134.9138903320605
10.0,990000,150.8450747951577,153.39465351118565,134.8109751900424
10.0,1000000,150.77686819352223,153.32849989773163,134.7091519995085
10.0,1010000,150.70937065818066,153.26305446633143,134.6083985904112
10.0,1020000,150.6425679058332,153.19830257526172,134.50869345361897
10.0,1030000,150.5764460774191,153.13423002826983,134.41001571505686
10.0,1040000,150.51099172153926,153.0708230567794,134.31234511107894
10.0,1050000,150.4461917786794,153.00806830294917,134.21566196504034
10.0,1060000,150.38203356618718,152.94595280357944,134.11994716496326
10.0,1070000,150.31850476396113,152.88446397479265,134.02518214225367
10.0,1080000,150.2555934008109,152.8235895974375,133.93134885141586
10.0,1090000,150.1932878414518,152.76331780319964,133.83842975069393
10.0,1100000,150.13157677409814,152.70363706135518,133.74640778360293
10.0,1110000,150.0704491986235,152.64453616615629,133.65526636128396
10.0,1120000,150.00989441525581,152.58600422477588,133.56498934567378
10.0,1130000,149.94990201378008,152.52803064582474,133.47556103340028
10.0,1140000,149.89046186322042,152.47060512838524,133.38696614039569
10.0,1150000,149.83156410197705,152.41371765152374,133.29918978719158
10.0,1160000,149.77319912839366,152.35735846429245,133.21221748483435
10.0,1170000,149.71535759173346,152.30151807615368,133.1260351214211
10.0,1180000,149.6580303835426,152.24618724783625,133.04062894919664
10.0,1190000,149.60120862938095,152.19135698258088,132.9559855722061
10.0,1200000,149.5448836809024,152.13701851776378,132.87209193446
10.0,1210000,149.48904710826622,152.08316331688613,132.78893530858588
10.0,1220000,149.4336906928638,152.02978306188217,132.70650328496436
10.0,1230000,149.3788064203447,151.9768696457816,132.6247837612832
10.0,1240000,149.3243864739277,151.92441516564227,132.54376493254537
10.0,1250000,149.27042322798263,151.8724119158038,132.463435281452
10.0,1260000,149.2169092418704,151.82085238139388,132.38378356919165
10.0,1270000,149.16383725402864,151.76972923212264,132.30479882657434
10.0,1280000,149.11120017629108,151.71903531630412,132.2264703455297
10.0,1290000,149.05899108843016,151.66876365513005,132.14878767093035
10.0,1300000,149.0072032329123,151.61890743717052,132.07174059272856
10.0,1310000,148.95583000985562,151.5694600130803,131.9953191384053
10.0,1320000,148.90486497218114,151.52041489053227,131.91951356569007
10.0,1330000,148.85430182094885,151.4717657293188,131.84431435557906
10.0,1340000,148.80413440086974,151.42350633667448,131.7697122055899
10.0,1350000,148.754356695986,151.37563066274143,131.69569802329556
10.0,1360000,148.70496282551258,151.32813279624548,131.62226292006676
10.0,1370000,148.65594703983186,151.28100696029776,131.54939820507445
10.0,1380000,148.60730371663558,151.234247508381,131.4770953794887
10.0,1390000,148.55902735720719,151.187848920465,131.40534613090168
10.0,1400000,148.5111125828385,151.14180579928345,131.33414232793854
10.0,1410000,148.46355413137545,151.09611286672774,131.26347601507513
10.0,1420000,148.41634685388624,151.0507649603836,131.19333940762988
10.0,1430000,148.36948571144825,151.0057570301931,131.12372488693003
10.0,1440000,148.3229657720472,150.961084135225,131.05462499565854
10.0,1450000,148.2767822075851,150.9167414405755,130.9860324333476
10.0,1460000,148.23093029099147,150.87272421436026,130.91794005204366
10.0,1470000,148.18540539343454,150.82902782483137,130.85034085210202
10.0,1480000,148.14020298162723,150.78564773757478,130.783227978146
10.0,1490000,148.0953186152251,150.74257951282237,130.7165947151422
10.0,1500000,148.050747944312,150.6998188028412,130.65043448462407
10.0,1510000,148.00648670696984,150.6573613494229,130.5847408410304
10.0,1520000,147.96253072692934,150.61520298144873,130.51950746817323
10.0,1530000,147.9188759112987,150.57333961254758,130.45472817581194
10.0,1540000,147.87551824836657,150.5317672388213,130.39039689635058
10.0,1550000,147.832453805477,150.4904819366504,130.32650768163674
10.0,1560000,147.7896787269732,150.44947986057406,130.2630546998613
10.0,1570000,147.7471892322076,150.40875724123393,130.20003223256563
10.0,1580000,147.70498161361584,150.36831038338994,130.13743467173663
10.0,1590000,147.66305223485165,150.32813566399898,130.07525651699603
10.0,1600000,147.62139752898108,150.28822953035055,130.01349237288355
10.0,1610000,147.5800139967333,150.24858849827342,129.95213694621276
10.0,1620000,147.53889820480612,150.20920915038477,129.89118504352356
10.0,1630000,147.4980467842241,150.17008813440052,129.83063156860788
10.0,1640000,147.45745642874726,150.13122216151146,129.77047152009936
10.0,1650000,147.4171238933286,150.0926080047832,129.71069998916042
10.0,1660000,147.37704599261872,150.0542424976277,129.65131215722081
10.0,1670000,147.33721959951563,150.0161225323122,129.5923032937922
10.0,1680000,147.2976416437583,149.97824505852276,129.53366875434128
10.0,1690000,147.25830911056238,149.94060708195485,129.47540397823835
10.0,1700000,147.21921903929623,149.90320566296197,129.41750448675657
10.0,1710000,147.18036852219666,149.86603791523737,129.3599658811351
10.0,1720000,147.1417547031218,149.82910100453944,129.30278384069433
10.0,1730000,147.10337477634084,149.79239214745058,129.24595412101203
10.0,1740000,147.06522598535918,149.75590861017238,129.18947255214968
10.0,1750000,147.02730562177675,149.71964770736378,129.1333350369268
10.0,1760000,146.98961102417996,149.68360680100352,129.07753754924954
10.0,1770000,146.95213957706494,149.64778329928896,129.02207613248683
10.0,1780000,146.9148887097913,149.6121746555713,128.9669468978864
10.0,1790000,146.87785589556586,149.5767783673165,128.91214602304092
10.0,1800000,146.84103865045438,149.54159197508923,128.85766975040147
10.0,1810000,146.80443453242134,149.50661306158725,128.8035143858157
10.0,1820000,146.7680411403962,149.47183925067574,128.74967629712793
10.0,1830000,146.73185611336578,149.4372682064659,128.6961519128046
10.0,1840000,146.69587712949095,149.4028976324211,128.6429377205947
10.0,1850000,146.6601019052482,149.36872527047146,128.59003026624157
10.0,1860000,146.62452819459403,149.33474890017183,128.53742615221228
10.0,1870000,146.58915378815226,149.30096633786837,128.48512203647553
10.0,1880000,146.55397651242296,149.2673754358972,128.43311463130183
10.0,1890000,146.51899422901283,149.23397408180293,128.38140070209968
10.0,1900000,146.48420483388566,149.20076019756888,128.32997706628942
10.0,1910000,146.44960625663316,149.16773173888393,128.27884059219298
10.0,1920000,146.41519645976453,149.13488669441756,128.2279881979638
10.0,1930000,146.3809734380149,149.102223085115,128.17741685054108
10.0,1940000,146.3469352176718,149.06973896351897,128.12712356463018
10.0,1950000,146.31307985591891,149.03743241309746,128.07710540171166
10.0,1960000,146.27940544019694,149.0053015475982,128.02735946907495
10.0,1970000,146.24591008758082,148.97334451041672,127.97788291887521
10.0,1980000,146.2125919441729,148.94155947398167,127.92867294721547
10.0,1990000,146.1794491845114,148.9099446391551,127.87972679325247
10.0,3000000,143.50408043546923,146.36647037478266,123.94536964350941
10.0,4000000,141.65829342181289,144.61993595827934,121.25187443815308
10.0,5000000,140.24295500087837,143.28428636477776,119.19909988080511
10.0,6000000,139.0970429161811,142.20478570230745,117.54550151500248
10.0,7000000,138.13549599056998,141.30008575867265,116.16395114898837
10.0,8000000,137.3079406033044,140.5221724761372,114.97941352506218
10.0,9000000,136.58210121289605,139.84035846329783,113.9439567425209
10.0,10000000,135.9360676289013,139.23385183762178,113.02513164290845
10.0,11000000,135.35429197934693,138.68792116693862,112.19996965655488
10.0,12000000,134.82534680957076,138.1917528828675,111.45162841799672
10.0,13000000,134.34058996490012,137.73717784723533,110.76739811458684
10.0,14000000,133.89332923374633,137.31787591212745,110.13745643822328
10.0,15000000,133.47827800527108,136.92885831933063,109.55405871222862
10.0,16000000,133.09118827434816,136.56611915846824,109.010992789227
10.0,17000000,132.72859594193838,136.22639373035582,108.50320134255361
10.0,18000000,132.38763958349512,135.9069867707967,108.02651351238895
10.0,19000000,132.0659286607684,135.605647641709,107.57745004374416
10.0,30000000,129.37913547794122,133.0901173183549,103.8546555080426
10.0,130000000,121.11759818184386,125.35727709924853,92.72854704851092
10.0,230000000,118.0475418850706,122.48052776636773,88.72225601184249
10.0,330000000,116.14528217997685,120.69638841871155,86.27577940687284
10.0,430000000,114.77006305369011,119.40562482452981,84.52442744100509
10.0,530000000,113.69524100489208,118.39620702406677,83.1658185413059
10.0,630000000,112.8143579295137,117.56850613339334,82.05905426555955
10.0,730000000,112.06891621393396,116.86775921207467,81.12719699951866
10.0,830000000,111.42334357511898,116.26065500341082,80.32370317213683
10.0,930000000,110.8544082579983,115.72543236906237,79.6183102076695
10.0,1030000000,110.3461094655263,115.24709955468006,78.99025540935664
10.0,1130000000,109.88696300447285,114.81489402193831,78.42468805069406
10.0,1230000000,109.46845047635342,114.42083088531814,77.91062670201146
10.0,1330000000,109.08408092049818,114.05882444909076,77.43972715926272
0.5,1,232.64916994212865,717.3217009845383,321.6612953588553
0.5,51,232.64689586445851,481.91413624801373,281.4186758680436
0.5,101,232.6446219227105,449.7945702729711,274.9162099027973
0.5,151,232.64234811686973,431.9158550913783,271.14991508822897
0.5,201,232.6400744469212,419.6423576209879,268.497477114528
0.5,251,232.6378009128501,410.35620348591084,266.4519391684386
0.5,301,232.6355275146415,402.91923433321534,264.78840993034623
0.5,351,232.63325425228038,396.73592067798603,263.3873912869226
0.5,401,232.630981125752,391.4564614859921,262.1778053858632
0.5,451,232.6287081350413,386.8583303444134,261.1139519617844
0.5,501,232.6264352801335,382.7914242615604,260.1647176133393
0.5,551,232.62416256101363,379.14983615154966,259.3079690939851
0.5,601,232.62188997766683,375.856130573124,258.52740369193003
0.5,651,232.61961753007816,372.8520252965146,257.8106686766964
0.5,701,232.61734521823277,370.09258722628084,257.1481820243616
0.5,751,232.61507304211577,367.5424661072997,256.5323624410785
0.5,801,232.61280100171223,365.1733651859026,255.95710932249537
0.5,851,232.6105290970073,362.9622922183803,255.4174412578083
0.5,901,232.60825732798608,360.89031924515905,254.909238429632
0.5,951,232.6059856946337,358.9416836421531,254.4290550391072
0.5,1000,232.60375962555992,357.1388920365141,253.98285220888306
0.5,10000,232.19708476207046,284.226314587612,233.78690488576336
0.5,20000,231.75027439891463,265.8943930011583,227.55634594444624
0.5,30000,231.3086704834941,256.00800390786645,223.7405015235648
0.5,40000,230.87216267559714,249.41589564324627,220.8959064967483
0.5,50000,230.4406440060376,244.57382307609873,218.5766420262659
0.5,60000,230.0140107427164,240.81227950005294,216.58739977778436
0.5,70000,229.59216226321143,237.78048007537444,214.8262186633518
0.5,80000,229.17500093351975,235.2715727356867,213.2337801076979
0.5,90000,228.76243199260117,233.1532889854382,211.7728541981358
0.5,100000,228.35436344239542,231.33595550370583,210.418659229924
0.5,110000,227.95070594300603,229.75606041971844,209.15386634232235
0.5,120000,227.55137271276385,228.36708772207515,207.9658225117613
0.5,130000,227.15627943290278,227.1340606999402,206.84492585757064
0.5,140000,226.76534415659447,226.03011677080568,205.78363753363152
0.5,150000,226.37848722210788,225.03426203349625,204.77586157782645
0.5,160000,225.99563116987179,224.12984571486618,203.81654477953563
0.5,170000,225.61670066323293,223.30349277344212,202.90141164655253
0.5,180000,225.24162241271546,222.5443386635259,202.02678420216677
0.5,190000,224.87032510359813,221.84346946612155,201.18945614480072
0.5,200000,224.50273932663816,221.1935051849015,200.38660254842443
0.5,210000,224.1387975117792,220.58828500533176,199.61571328115485
0.5,220000,223.77843386469246,220.0226265057163,198.87454259847988
0.5,230000,223.42158430600665,219.4921393482765,198.16107002083868
0.5,240000,223.06818641309272,218.9930796532793,197.4734692728043
0.5,250000,222.71817936427615,218.5222351185399,196.8100831217408
0.5,260000,222.37150388535704,218.0768336231683,196.1694026376758
0.5,270000,222.02810219832492,217.6544699430691,195.55004984299637
0.5,280000,221.68791797216207,217.25304655829603,194.95076301703673
0.5,290000,221.35089627563417,216.8707255142717,194.3703841202081
0.5,300000,221.01698353197392,216.50588901940898,193.80784793951685
0.5,310000,220.68612747536724,216.15710699698585,193.26217265254996
0.5,320000,220.35827710915777,215.82311020912616,192.73245157566208
0.5,330000,220.03338266568852,215.50276787414796,192.2178459109527
0.5,340000,219.71139556770598,215.19506892873392,191.71757834357726
0.5,350000,219.39226839125348,214.89910626356325,191.23092736842997
0.5,360000,219.07595482998659,214.61406339785324,190.75722224644676
0.5,370000,218.76240966084595,214.33920316454874,190.2958385075457
0.5,380000,218.4515887110259,214.073858061528,189.84619393014032
0.5,390000,218.14344882618187,213.81742198946833,189.40774493814516
0.5,400000,217.83794783982043,213.56934314940048,188.97998336469425
0.5,410000,217.5350445438211,213.32911791402046,188.56243353929688
0.5,420000,217.23469866003938,213.09628552021917,188.15464966088553
0.5,430000,216.93687081294462,212.87042345696597,187.75621342421266
0.5,440000,216.64152250324778,212.65114344401695,187.36673187148185
0.5,450000,216.34861608247698,212.43808791474623,186.9858354444008
0.5,460000,216.05811472846008,212.23092693040198,186.6131762151823
0.5,470000,215.76998242167627,212.02935546501982,186.24842627743934
0.5,480000,215.48418392244045,211.8330910096589,185.89127628037568
0.5,490000,215.20068474888438,211.64187145273834,185.54143409148872
0.5,500000,214.91945115570397,211.45545319973567,185.19862357481165
0.5,510000,214.64045011363848,211.27360950105344,184.86258347315243
0.5,520000,214.36364928965367,211.09612896138105,184.53306638412943
0.5,530000,214.08901702779963,210.92281420784408,184.20983782084133
0.5,540000,213.81652233071608,210.7534806972311,183.89267534918048
0.5,550000,213.54613484175906,210.5879556455848,183.5813677944612
0.5,560000,213.27782482772452,210.42607706554688,183.2757145109505
0.5,570000,213.01156316214517,210.2676928988412,182.9755247085471
0.5,580000,212.74732130913816,210.11266023303565,182.68061683137668
0.5,590000,212.48507130778128,209.96084459300565,182.39081798369736
0.5,600000,212.2247857569986,209.81211929885896,182.10596339890998
0.5,610000,211.9664378009345,209.66636488305215,181.82589594790954
0.5,620000,211.71000111479802,209.52346856029408,181.550465683442
0.5,630000,211.4554498911599,209.38332374475326,181.2795294173192
0.5,640000,211.2027588266843,209.2458296095689,181.01295032780254
0.5,650000,210.9519031092797,209.11089068437977,180.75059759461135
0.5,660000,210.70285840565282,208.97841648704681,180.49234605928996
0.5,670000,210.45560084925066,208.84832118613588,180.23807590891303
0.5,680000,210.2101070285764,208.7205232911809,179.98767238123543
0.5,690000,209.96635397586525,208.59494536809885,179.74102548955508
0.5,700000,209.72431915610733,208.471513777241,179.49802976585735
0.5,710000,209.48398045640488,208.3501584321607,179.25858402065882
0.5,720000,209.24531617565154,208.23081257696,179.02259111847164
0.5,730000,209.00830501452248,208.11341258074143,178.78995776752825
0.5,740000,208.77292606576407,207.99789774750803,178.56059432280156
0.5,750000,208.53915880477246,207.8842101401338,178.33441460136044
0.5,760000,208.30698308045086,207.772294417306,178.11133570903965
0.5,770000,208.07637910633608,207.66209768217615,177.89127787774146
0.5,780000,207.84732745198423,207.5535693418144,177.6741643125346
0.5,790000,207.61980903460747,207.44666097654382,177.45992104786933
0.5,800000,207.3938051109523,207.3413262183519,177.24847681226368
0.5,810000,207.1692972694118,207.23752063758556,177.03976290091975
0.5,820000,206.9462674223635,207.13520163735564,176.8337130556521
0.5,830000,206.7246977987249,207.03432835490491,176.63026335173703
0.5,840000,206.50457093672028,206.934861569592,176.42935209105764
0.5,850000,206.28586967685058,206.83676361673017,176.23091970133893
0.5,860000,206.0685771550603,206.7399983070592,176.03490864086976
0.5,870000,205.85267679609467,206.6445308512703,175.84126330849864
0.5,880000,205.63815230704057,206.55032778930223,175.64992995847382
0.5,890000,205.42498767104587,206.45735692399649,175.46085661987297
0.5,900000,205.2131671412102,206.36558725878456,175.27399302033876
0.5,910000,205.0026752346429,206.27498893923075,175.08929051375543
0.5,920000,204.79349672668178,206.18553319798545,174.90670201176425
0.5,930000,204.58561664526775,206.09719230302557,174.72618191878834
0.5,940000,204.3790202654707,206.0099395089355,174.54768607036104
0.5,950000,204.17369310416123,205.9237490109855,174.37117167459155
0.5,960000,203.96962091482428,205.83859590184218,174.1965972565615
0.5,970000,203.7667896825093,205.75445613071025,174.02392260549303
0.5,980000,203.5651856189139,205.671306464801,173.853108724484
0.5,990000,203.3647951575952,205.5891244528923,173.68411778272343
0.5,1000000,203.165604949307,205.50788839089145,173.5169130700117
0.5,1010000,202.9676018574565,205.42757728927884,173.35145895343916
0.5,1020000,202.77077295367886,205.34817084228544,173.18772083613524
0.5,1030000,202.57510551352527,205.2696493987109,173.0256651179445
0.5,1040000,202.3805870122606,205.1919939342692,172.86525915794417
0.5,1050000,202.18720512076808,205.1151860253779,172.7064712386847
0.5,1060000,201.99494770155752,205.0392078242759,172.54927053208255
0.5,1070000,201.80380280487367,204.96404203545902,172.3936270668237
0.5,1080000,201.6137586649021,204.88967189322557,172.23951169729253
0.5,1090000,201.42480369606974,204.81608114044045,172.08689607381208
0.5,1100000,201.23692648943688,204.74325400826456,171.93575261426744
0.5,1110000,201.0501158091782,204.67117519691988,171.78605447693982
0.5,1120000,200.8643605891504,204.59982985738716,171.63777553452348
0.5,1130000,200.6796499295436,204.5292035739727,171.49089034927124
0.5,1140000,200.49597309361397,204.45928234771517,171.34537414919723
0.5,1150000,200.31331950449604,204.3900525805663,171.20120280529366
0.5,1160000,200.1316787420911,204.3215010603148,171.05835280970757
0.5,1170000,199.95104054003085,204.2536149462239,170.91680125481378
0.5,1180000,199.77139478271317,204.1863817553031,170.77652581317753
0.5,1190000,199.59273150240853,204.11978934922456,170.63750471832196
0.5,1200000,199.41504087643477,204.0538259218104,170.49971674629725
0.5,1210000,199.23831322439858,203.98847998710932,170.3631411979725
0.5,1220000,199.06253900550126,203.92374036798384,170.22775788204916
0.5,1230000,198.887708815908,203.8595961851813,170.09354709876897
0.5,1240000,198.71381338617758,203.7960368469196,169.96048962423492
0.5,1250000,198.5408435787521,203.73305203890078,169.82856669536213
0.5,1260000,198.3687903855041,203.67063171475286,169.6977599954185
0.5,1270000,198.19764492534037,203.60876608686874,169.5680516401285
0.5,1280000,198.02739844186002,203.547445617674,169.43942416427788
0.5,1290000,197.858042301066,203.48666101119824,169.31186050887482
0.5,1300000,197.6895679891283,203.4264032050396,169.185344008766
0.5,1310000,197.52196711019778,203.36666336265677,169.0598583807152
0.5,1320000,197.3552313842687,203.30743286594452,168.93538771195279
0.5,1330000,197.1893526450893,203.24870330814377,168.81191644912425
0.5,1340000,197.0243228381187,203.19046648703238,168.68942938764135
0.5,1350000,196.86013401852892,203.13271439834978,168.56791166145976
0.5,1360000,196.69677834925142,203.07543922954673,168.44734873316725
0.5,1370000,196.53424809906585,203.01863335371667,168.3277263844845
0.5,1380000,196.37253564073137,202.96228932380833,168.20903070706694
0.5,1390000,196.2116334491578,202.90639986702416,168.0912480936634
0.5,1400000,196.05153409961747,202.85095787947864,167.97436522955158
0.5,1410000,195.89223026599447,202.79595642100895,167.8583690843102
0.5,1420000,195.73371471907274,202.74138871023305,167.74324690384145
0.5,1430000,195.57598032485987,202.6872481197514,167.62898620269704
0.5,1440000,195.41902004294724,202.63352817153554,167.51557475666502
0.5,1450000,195.2628269249048,202.58022253254117,167.40300059556253
0.5,1460000,195.10739411270973,202.5273250103599,167.2912519963733
0.5,1470000,194.95271483720833,202.47482954918894,167.18031747648527
0.5,1480000,194.79878241661018,202.4227302257907,167.07018578728227
0.5,1490000,194.64559025501347,202.37102124572064,166.96084590784633
0.5,1500000,194.49313184096187,202.31969693961454,166.85228703893094
0.5,1510000,194.34140074603002,202.2687517596513,166.7444985970932
0.5,1520000,194.19039062343947,202.2181802760854,166.63747020906516
0.5,1530000,194.0400952067023,202.16797717398498,166.53119170623557
0.5,1540000,193.8905083082929,202.11813724998427,166.42565311939106
0.5,1550000,193.74162381834677,202.0686554092402,166.32084467354915
0.5,1560000,193.59343570338572,202.01952666241485,166.21675678302054
0.5,1570000,193.44593800506874,201.97074612282958,166.11338004657026
0.5,1580000,193.29912483896854,201.92230900365306,166.01070524278055
0.5,1590000,193.15299039337214,201.87421061522485,165.9087233255266
0.5,1600000,193.00752892810576,201.82644636246627,165.80742541959236
0.5,1610000,192.862734773383,201.77901174234285,165.70680281644968
0.5,1620000,192.71860232867618,201.73190234145133,165.60684697013463
0.5,1630000,192.57512606160955,201.68511383367257,165.5075494932578
0.5,1640000,192.43230050687455,201.6386419778793,165.40890215315403
0.5,1650000,192.2901202651666,201.59248261573492,165.3108968681345
0.5,1660000,192.14858000214235,201.54663166958963,165.21352570382803
0.5,1670000,192.00767444739722,201.5010851403786,165.1167808696838
0.5,1680000,191.86739839346322,201.45583910565892,165.02065471552197
0.5,1690000,191.72774669482564,201.4108897176458,164.92513972823164
0.5,1700000,191.58871426695904,201.36623320136312,164.83022852852648
0.5,1710000,191.45029608538164,201.3218658528138,164.73591386782246
0.5,1720000,191.3124871847277,201.27778403721717,164.6421886252
0.5,1730000,191.1752826578377,201.2339841873054,164.5490458044469
0.5,1740000,191.03867765486592,201.19046280167973,164.45647853118075
0.5,1750000,190.90266738240453,201.14721644319638,164.3644800500698
0.5,1760000,190.76724710262457,201.10424173741328,164.2730437221216
0.5,1770000,190.6324121324328,201.0615353710694,164.18216302206008
0.5,1780000,190.4981578426446,201.01909409065698,164.09183153573684
0.5,1790000,190.3644796571719,200.97691470095887,164.00204295767747
0.5,1800000,190.23137305222673,200.934994063688,163.9127910886481
0.5,1810000,190.098833555539,200.89332909616473,163.82406983328792
0.5,1820000,189.966856745589,200.85191676999023,163.73587319784616
0.5,1830000,189.83543825085397,200.81075410979534,163.64819528794578
0.5,1840000,189.70457374906843,200.76983819202394,163.56103030641057
0.5,1850000,189.57425896649804,200.72916614372937,163.47437255116958
0.5,1860000,189.44448967722664,200.68873514143138,163.3882164131945
0.5,1870000,189.3152617024563,200.64854240997974,163.3025563745149
0.5,1880000,189.1865709098199,200.6085852214751,163.21738700626298
0.5,1890000,189.05841321270609,200.56886089419064,163.13270296679718
0.5,1900000,188.9307845695965,200.529366791557,163.04849899984478
0.5,1910000,188.80368098341472,200.4901003211546,162.96476993271102
0.5,1920000,188.67709850088679,200.45105893372676,162.88151067454285
0.5,1930000,188.55103321191305,200.41224012225402,162.7987162146051
0.5,1940000,188.42548124895148,200.37364142099483,162.7163816206529
0.5,1950000,188.3004387864112,200.3352604046305,162.63450203727882
0.5,1960000,188.17590204005745,200.2970946873612,162.55307268436536
0.5,1970000,188.05186726642626,200.25914192206432,162.47208885553937
0.5,1980000,187.92833076224989,200.2213997994698,162.39154591667526
0.5,1990000,187.80528886389186,200.18386604734602,162.31143930444273
0.5,3000000,177.41845798354638,197.1820014607629,155.8894499384686
0.5,4000000,169.8450477654765,195.13672695453167,151.51604460831985
0.5,5000000,163.89773508879534,193.5789114095688,148.197720355135
0.5,6000000,159.0321215642316,192.322922683033,145.5347185666562
0.5,7000000,154.9342469181271,191.27200913686158,143.31706591714558
0.5,8000000,151.4074015658862,190.36938977709465,141.4210926250132
0.5,9000000,148.32061441640724,189.57892101625302,139.76796227030204
0.5,10000000,145.58252418914145,188.87618858723027,138.30440785145635
0.5,11000000,143.12700410672267,188.24393539251892,136.99279422571627
0.5,12000000,140.9047353333231,187.6695178204098,135.8055716390287
0.5,13000000,138.8780092468529,187.14339894683357,134.72198354126283
0.5,14000000,137.01738411967645,186.65820987143078,133.72601323097103
0.5,15000000,135.2994577577711,186.20814029080645,132.80504985805547
0.5,16000000,133.70533862375683,185.78852889981871,131.9489916243913
0.5,17000000,132.21956906025048,185.39557988524194,131.14962509533697
0.5,18000000,130.82934974830798,185.02616166707085,130.40018470189736
0.5,19000000,129.5239700263577,184.67766084697612,129.69503321841523
0.5,30000000,118.88862354756702,181.76862094574682,123.88194207838768
0.5,130000000,89.69639109953239,172.81124839830457,106.87691171535928
0.5,230000000,80.28147916908756,169.4672694924567,100.89746266409256
0.5,330000000,74.82989483076622,167.38905962576894,97.28553145682642
0.5,430000000,71.06589031444062,165.88329593735264,94.71870529744402
0.5,530000000,68.22531172522046,164.70435296757762,92.73849994648965
0.5,630000000,65.9622965651019,163.73670203190937,91.13256263534261
0.5,730000000,64.09227099343595,162.91678808875844,89.7854822963258
0.5,830000000,62.50568332359846,162.20592423758006,88.62771104717672
0.5,930000000,61.13245612476072,161.57882171483251,87.6141782927479
0.5,1030000000,59.92519258059877,161.01804868971556,86.71405096003672
0.5,1130000000,58.850420209956624,160.51108451093762,85.90533187916907
0.5,1230000000,57.8836698918899,160.0486355835059,85.17179265154302
0.5,1330000000,57.006541995256974,159.62361572468689,84.50112803015234
