hysteresis_area,stiffness,n_cycles
0.0,43687.82247330366,
0.0004011139499651706,29217.481622058207,1.0
0.0012243558070854643,27391.381049595177,1000.0
0.0012224615827216567,25264.80973951755,2000.0
0.0036827094766282986,23663.124345593304,3000.0
0.003215709277883283,21962.347646804606,4000.0
0.0032827050602648455,21982.858196520006,5000.0
0.004185173182056912,20586.042703317442,6000.0
0.003114618552544357,19995.8823619687,7000.0
0.0048674298858868426,20168.20469461442,8000.0
0.0037090820190588403,18175.31314297556,9000.0
0.006203066221001974,18559.46801441179,10000.0
0.0036597915162615013,18851.52369188434,11000.0
0.005588462472261524,17679.275945967293,12000.0
0.00624393634695708,17091.01893407521,13000.0
0.006134793817387907,17234.47950161748,14000.0
0.008004572878270944,16709.355440671818,15000.0
0.0050452404341219115,16801.692438195234,16000.0
0.006162395870604964,15723.873798459872,17000.0
0.0061286487380138865,15867.678222667531,18000.0
0.006637879987783313,16130.498017429805,19000.0
0.004987970756904492,15454.505506969776,20000.0
0.008503359066178273,15561.718580125653,21000.0
0.006124958114166468,15436.430029053388,22000.0
0.0070882943318326674,14874.29229153669,23000.0
0.008537606372998718,15027.91611637995,24000.0
0.007907825756379605,14779.991380921338,25000.0
0.007921957697558657,14469.208507785115,26000.0
0.007441190343716153,14723.18703690361,27000.0
0.007610140968719037,14543.716392497574,28000.0
0.006310450226628239,14565.537706922143,29000.0
0.007344331501309309,14679.645523266037,30000.0
0.007867522060240217,14300.619900493302,31000.0
0.007109472553338048,14378.863031289184,32000.0
0.008895683963620726,14093.031420389778,33000.0
0.007684247678053202,14418.43393246879,34000.0
0.008105868989920717,14045.026173569031,35000.0
0.008056667654377181,13950.870716298887,36000.0
0.007427268524026642,13778.873690535002,37000.0
0.00864008412380457,13333.466237015293,38000.0
0.008703440097083792,13555.485918325503,39000.0
0.007780919893161986,13354.118363427006,40000.0
0.008883152298539532,13076.324612422197,41000.0
0.008184790162278244,13294.90126397745,42000.0
0.00987865086605133,13408.36962905453,43000.0
0.010986154818252825,12849.18000996186,44000.0
0.010920580866620178,13962.748397301337,45000.0
0.009259359124852207,13059.211516324216,46000.0
0.009002550846322732,13148.90387376657,47000.0
0.01001154812633609,13409.05014463217,48000.0
0.010198026148647177,12949.559910331305,49000.0
0.010742047441248737,12573.311684167866,50000.0
0.009895411306813706,13038.658741443607,51000.0
0.010177548589788588,12509.185204303558,52000.0
0.01268407892045964,13132.91134176228,53000.0
0.009829816136833536,13103.837700038483,54000.0
0.010379731414954074,12396.684893104868,55000.0
0.012231134210854533,12503.346225485782,56000.0
0.011095200658847837,12858.40604334604,57000.0
0.010491065962690449,12775.776665616668,58000.0
0.009951600800545357,12723.797355083241,59000.0
0.012128201939724637,12421.080566023014,60000.0
0.011148392148789377,12479.257312401694,61000.0
0.010037059400797688,12437.015546279983,62000.0
0.011368980218765756,12539.285174087901,63000.0
0.008227187448289763,12655.674247430428,64000.0
0.010236690515590396,12800.194092575744,65000.0
0.010146872530809148,12323.22278220433,66000.0
0.010931532172584024,12701.759467003936,67000.0
0.010863315516288274,12247.28723101583,68000.0
0.012426319618196846,12524.462690425744,69000.0
0.012133891527903451,12382.773765716103,70000.0
0.011684348318011128,12257.549177062156,71000.0
0.011620670738035077,12275.448510401726,72000.0
0.012937655253300928,12269.88159023918,73000.0
0.010780618335928693,11912.004582573438,74000.0
0.012972404921767211,12163.541478550595,75000.0
0.010307567265064765,12404.203708406374,76000.0
0.01183751117084575,12277.570377311946,77000.0
0.011086048387841885,11686.919779625667,78000.0
0.011673436064133291,12224.183919854895,79000.0
0.011854653290177986,12124.739861914477,80000.0
0.010768470157682009,12511.865283283165,81000.0
0.012642000989929292,12081.189109440353,82000.0
0.011743243661248792,12021.69228449918,83000.0
0.011944167152665441,11980.028928943579,84000.0
0.011855413083004418,11724.86724332521,85000.0
0.0131259944608344,11783.6815985583,86000.0
0.011244966281676705,11988.040970060767,87000.0
0.011649269151102759,11594.915229024882,88000.0
0.012943059152274339,11889.90167385641,89000.0
0.01297974789014833,12331.276431122658,90000.0
0.012120414613597585,11787.73124005488,91000.0
0.013048667205485254,11997.156352856377,92000.0
0.01266091180680018,11619.01716760266,93000.0
0.012856237432015138,11852.267096796917,94000.0
0.012379476570147707,11942.305449872907,95000.0
0.012247731813014529,11558.573438273343,96000.0
0.013688334795493251,11500.340996775612,97000.0
0.014376995050910502,11873.32190433332,98000.0
0.013135780270266961,11590.715666380973,99000.0
0.012321602495931838,11540.970744890321,100000.0
0.012507703777437262,11375.572730456328,101000.0
0.011519803418598373,11796.201315162418,102000.0
0.012084104506103088,11839.330546472684,103000.0
0.014552695098261514,11572.050959623997,104000.0
0.01363583089821363,11597.089980063567,105000.0
0.013440102289116629,11668.394163069754,106000.0
0.013226546154664565,11295.856945484056,107000.0
0.01529571515834105,11595.465787072333,108000.0
0.014233165293416672,11472.334879656471,109000.0
0.013817661906739609,11463.47011130935,110000.0
0.01207750050534595,11467.598283876525,111000.0
0.013634232835661786,11477.147608072282,112000.0
0.011436633412857056,11471.204654563318,113000.0
0.013804913902778049,11240.137998305008,114000.0
0.011725238496606671,11542.228414873069,115000.0
0.012146628902927725,11406.099453606652,116000.0
0.01506242762992649,11696.446148534165,117000.0
0.012972579183162747,11481.328097647438,118000.0
0.013639472089441496,11195.751959027226,119000.0
0.013917424027246383,11461.52794505319,120000.0
0.011223389803449946,11341.394580111024,121000.0
0.011911700724859697,10943.18725436331,122000.0
0.01498730236848611,11095.652691078592,123000.0
0.014206449818009004,11218.873904878434,124000.0
0.01416920956521972,11250.6504866475,125000.0
0.013296983296327447,11079.883266642499,126000.0
0.013543177371880377,11268.965331484975,127000.0
0.015107184617759284,11469.544664848068,128000.0
0.01498170344010763,11375.93068795686,129000.0
0.012295176427711718,11536.900108545338,130000.0
0.013658047161715814,11113.422574739447,131000.0
0.014272813153823005,11324.951732417614,132000.0
0.014218330731505802,11435.476155544806,133000.0
0.015557029617297102,11177.611038522398,134000.0
0.013745301904350749,11322.054980570914,135000.0
0.015137372206575517,11022.353098902136,136000.0
0.014284776439812408,11222.109127696529,137000.0
0.01431305363579427,11396.692653814627,138000.0
0.01342684602406452,11120.66200837753,139000.0
0.014819629313459703,10997.949052557993,140000.0
0.015602853703920783,10869.663018794408,141000.0
0.015109824165095542,10866.36742691457,142000.0
0.015415719434762831,10846.163775031353,143000.0
0.014975773554902982,11099.123003634044,144000.0
0.01502512413980961,11036.793622972249,145000.0
0.014235769687941602,10890.324400990183,146000.0
0.015610282397676478,11043.149197270659,147000.0
0.013500895285901038,10846.493830083868,148000.0
0.01470933279699893,11252.386553136794,149000.0
0.015511740655691497,10973.863065308069,150000.0
0.01593797225047222,10930.045122847163,151000.0
0.0139676196416747,10744.347852090397,152000.0
0.016243459959592865,10545.03012882972,153000.0
0.014651623161122451,10969.87591552235,154000.0
0.013463950260053092,10914.72019308004,155000.0
0.014869959167616909,10697.19312138935,156000.0
0.015594420956070332,11114.527938021061,157000.0
0.016466645271150604,10662.569957918737,158000.0
0.014659945296164878,10796.668545028424,159000.0
0.014417977741733257,10855.605396933806,160000.0
0.015782543913789304,10632.804296516058,161000.0
0.013183313022759435,10911.656291266358,162000.0
0.01603030684914497,11203.129018416552,163000.0
0.01619366755301277,10934.412273709124,164000.0
0.015501625054068047,10988.1596516654,165000.0
0.015394979105598505,10583.638827924815,166000.0
0.016464729555438318,10591.468963004232,167000.0
0.01526673866992656,10574.199305413866,168000.0
0.01619406087875319,10896.625794740025,169000.0
0.016296933811606795,10730.85237495114,170000.0
0.016303187637967564,10539.679047998952,171000.0
0.014315616203603554,10359.867196869218,172000.0
0.014025127807443916,10532.167871356276,173000.0
0.014100462267068181,10695.265251621764,174000.0
0.01407276055264095,11010.651461910658,175000.0
0.015996745135958612,10577.97297992875,176000.0
0.016204611417432346,10736.388718531738,177000.0
0.016815775974795333,10475.251077188897,178000.0
0.015653494655926803,10432.175843353194,179000.0
0.017946088918266323,10489.209859276929,180000.0
0.014392012270943777,10354.757732973752,181000.0
0.013780368215843719,10916.900232490556,182000.0
0.015671435226535912,10519.450307928802,183000.0
0.016291596083341187,10821.754526915327,184000.0
0.015472802824580967,10565.027238507368,185000.0
0.01674948615653782,10465.451331515007,186000.0
0.01700705909126876,10562.273414534251,187000.0
0.017340620499435744,10318.444944316572,188000.0
0.014614291284143377,10485.799932663918,189000.0
0.015334554205556739,10550.574389083265,190000.0
0.018476533933427852,10508.505701913879,191000.0
0.01603929716145558,10364.233664063133,192000.0
0.01717528676911062,10622.187367697044,193000.0
0.01640618819779993,10613.723740542824,194000.0
0.016583557034403285,10421.952490495329,195000.0
0.016392445235362096,10473.188406639692,196000.0
0.016559732206074873,10471.944024573759,197000.0
0.01733606367847207,10574.718545038319,198000.0
0.018131066152494046,10685.452404615211,199000.0
0.015298927074642421,10386.58343749259,200000.0
0.016406761251436475,10352.227946026664,201000.0
0.01611786117337166,10393.75619588054,202000.0
0.017539922508994277,10387.258445194548,203000.0
0.01599106855464205,10539.141715240865,204000.0
0.015787044242436377,10211.48158875434,205000.0
0.015187603167482244,10452.671541421663,206000.0
0.017011845599739672,10212.858423643076,207000.0
0.01704898574745828,10466.22488801814,208000.0
0.015821514462837527,10389.920423473968,209000.0
0.0169356981378459,10419.21570011087,210000.0
0.01573419341256166,10661.055523457288,211000.0
0.01769915732961813,10215.63420230768,212000.0
0.01615644678696082,10297.528657974392,213000.0
0.016715055324682204,10548.714942053703,214000.0
0.015814701643776186,10045.859435389024,215000.0
0.016647756292730076,10181.007911725224,216000.0
0.01841962716658152,10404.917120020367,217000.0
0.01775453500072599,9984.981884806575,218000.0
0.018204090372639925,10425.631173119673,219000.0
0.017643575964739977,9792.39252238336,220000.0
0.01652517762109884,9990.37985661912,221000.0
0.01473892365586238,10401.51179983287,222000.0
0.015846846887970223,10420.962305712043,223000.0
0.015548522992121061,10407.841696813404,224000.0
0.016843110949149143,10436.331522046923,225000.0
0.016324396457632506,10037.127744557942,226000.0
0.01513745575847203,10355.362360005103,227000.0
0.017480069520876107,10164.076298853612,228000.0
0.016483664873853332,10231.725921952642,229000.0
0.01760746998641416,9878.412536627771,230000.0
0.016220053293480863,10240.343278465807,231000.0
0.01593465062382826,10350.440184017321,232000.0
0.015432689472035133,10254.200313474947,233000.0
0.01733567337900732,10116.29878937948,234000.0
0.015911852738323518,10441.276486641007,235000.0
0.01726133093491722,10198.181245164626,236000.0
0.01652787911462683,10160.550674659688,237000.0
0.017576782936895796,9999.013459615133,238000.0
0.015948578428593763,9917.215747520888,239000.0
0.017383359590703584,9992.703531559566,240000.0
0.018430062629038346,10248.886932455855,241000.0
0.017211789977470637,10039.689703946655,242000.0
0.01742114210128687,9735.5892854623,243000.0
0.01722138292288733,10226.486234384904,244000.0
0.01636552913242273,9861.9867528177,245000.0
0.016778971915429874,10245.722049657503,246000.0
0.013965151344823568,10070.596375519252,247000.0
0.016644776192258348,10124.961525265739,248000.0
0.015360701070032512,10329.569367408829,249000.0
0.017206844545097688,10168.429931289784,250000.0
0.01492761241482743,9831.344818315682,251000.0
0.016871194602791295,10043.323501787927,252000.0
0.017401122741727892,9645.055212182366,253000.0
0.01675116451762504,10058.649326311102,254000.0
0.01640933629585284,9808.006587312104,255000.0
0.015641270651606032,9792.859442581792,256000.0
0.015265588105273231,10109.021189226249,257000.0
0.017968604353443496,9968.206021922,258000.0
0.01581728683671102,9971.350245590374,259000.0
0.01713946044369763,10203.607448332015,260000.0
0.017423093378056365,9949.749798753748,261000.0
0.016435448389098717,9842.291828906229,262000.0
0.015829540984745538,9766.699213194828,263000.0
0.016394421206617604,10097.25831764763,264000.0
0.01670429257078121,10186.035586357788,265000.0
0.019369663388836944,9772.433189515503,266000.0
0.016074878900775857,10022.019769296545,267000.0
0.016609807084513317,9981.323273041433,268000.0
0.01629378547449356,10310.853863777073,269000.0
0.01753946346995683,9914.89712187294,270000.0
0.017778073629215907,9943.092963299518,271000.0
0.01886025405189562,9715.393238477945,272000.0
0.018695275535854705,9978.516755797533,273000.0
0.017319770633567266,9882.065577599767,274000.0
0.0156518035569726,9881.593109401354,275000.0
0.018402346184090312,10156.53386425622,276000.0
0.016941937071366375,9738.645847909056,277000.0
0.01834961957451231,9704.436384615823,278000.0
0.01843375321819085,9824.65125915667,279000.0
0.01584884220754379,9835.827305449706,280000.0
0.017718504346648345,10099.211618570755,281000.0
0.01827253125790218,9624.08485280648,282000.0
0.01686132785616934,10008.240414341712,283000.0
0.016361774701460607,9684.263510127734,284000.0
0.018311910759818417,9831.194091869937,285000.0
0.01716436044824121,9486.505892536079,286000.0
0.017184293699997077,9945.231360804766,287000.0
0.018213776649299795,9920.927650370655,288000.0
0.016936408678318138,9772.875728005662,289000.0
0.018400683153554365,9825.16237906445,290000.0
0.016069282100358073,9816.601236296856,291000.0
0.016901412426016282,9655.24937581591,292000.0
0.017163091594961433,9824.201590225257,293000.0
0.01740574168057174,9619.679972376229,294000.0
0.01735340909202865,9788.928803634806,295000.0
0.017677137760910178,9731.366729300766,296000.0
0.017645120069037734,9655.207015274467,297000.0
0.018008833139714575,9733.570154089026,298000.0
0.018749994043492535,9660.04408633144,299000.0
0.018591905181778667,9791.298129111157,300000.0
0.017875983786318272,9665.917366598802,301000.0
0.017383533491072356,9650.223677459797,302000.0
0.01613504998340609,10004.811393196711,303000.0
0.018842131001482798,9830.14812233984,304000.0
0.018989928037261183,9724.618733326259,305000.0
0.016124652127389894,9878.076184985677,306000.0
0.018225265681707903,9492.060114906164,307000.0
0.017258069304607382,9539.155060642286,308000.0
0.017374661294685456,9723.617055903516,309000.0
0.016407238828144877,9951.60998846139,310000.0
0.01661454919123173,9886.873971241192,311000.0
0.017347168476508745,9704.869564840745,312000.0
0.01688161025899948,9777.87459229643,313000.0
0.017398558447185408,9661.346609895802,314000.0
0.017473005156086963,9186.295689861163,315000.0
0.020092544117331634,9624.21907136554,316000.0
0.018361952424164052,9839.160464252795,317000.0
0.01838094864584283,9846.611107351544,318000.0
0.019252551047433286,9700.83749552212,319000.0
0.01950945689438699,9848.173266662254,320000.0
0.017130820856841922,9792.278587579714,321000.0
0.017425653330510382,9578.788832448734,322000.0
0.01730175041142079,9488.120081350082,323000.0
0.016610059601995353,9869.904651285737,324000.0
0.017841565488201372,9771.169857494551,325000.0
0.019493651692064518,9501.91771370189,326000.0
0.018272831254614097,10094.613402630792,327000.0
0.01987009760481051,9774.093426472531,328000.0
0.019253077606548707,9576.503927106221,329000.0
0.01791633105287138,9709.285190286855,330000.0
0.019140357920249595,9371.28922058125,331000.0
0.018623306015773,9558.744125993917,332000.0
0.017833478519464485,9734.759194453733,333000.0
0.01871611279091656,9896.477073625607,334000.0
0.01939675907674232,9831.165427227883,335000.0
0.01700139899048736,9186.246921102102,336000.0
0.018428799607462132,9720.51689033429,337000.0
0.01847380823885514,9785.962905376251,338000.0
0.019111174661576857,9582.122193612853,339000.0
0.017194714315132753,9662.14856222677,340000.0
0.01704081205069574,9517.939486181831,341000.0
0.017251280526052515,9656.156143198446,342000.0
0.018803621129050097,9525.82720465356,343000.0
0.02191593003719028,9166.105718386665,344000.0
0.017940375005832898,9560.911784497712,345000.0
0.0188893470993432,9665.577994374135,346000.0
0.01919811730466847,9332.297272860735,347000.0
0.018198525203259486,9752.719955493554,348000.0
0.019528575025809847,9755.9445459809,349000.0
0.017165513692757095,9779.221911852466,350000.0
0.019340019402019237,9638.641127922938,351000.0
0.01800063447938527,9632.826524485601,352000.0
0.019691658280162727,9491.473494844107,353000.0
0.019627185310226114,9609.36037524919,354000.0
0.01867058623704665,9498.11221804909,355000.0
0.019416263395863442,9681.491023561195,356000.0
0.019546336541595544,9611.362928033514,357000.0
0.019455394180139862,9580.705200095957,358000.0
0.01826614094145329,9683.677117668249,359000.0
0.018060124285094847,9558.482470499133,360000.0
0.018805108796958514,9376.268331676089,361000.0
0.020336531526778057,9441.223036533214,362000.0
0.016192039156749605,9343.355127452094,363000.0
0.019176208393129723,9437.510301523997,364000.0
0.018640446000873112,9290.049856240645,365000.0
0.0190005964011406,9229.865423753497,366000.0
0.01834446820944713,9523.580194698108,367000.0
0.02041362466833707,9496.80143926057,368000.0
0.018272709826299582,9275.02522981667,369000.0
0.018236905137808623,9367.17376089919,370000.0
0.017528088701883604,9424.860160245333,371000.0
0.018133931429536343,9268.329167056214,372000.0
0.020775882985908822,9428.42387768873,373000.0
0.0201593358305443,9246.266673383387,374000.0
0.01925257850504547,9308.215747219567,375000.0
0.017491561341386408,9288.222426150163,376000.0
0.018360071757488328,9390.528060294138,377000.0
0.017144668772866467,9462.041773243865,378000.0
0.01987821536080725,9680.340042400745,379000.0
0.0210067896362931,9248.181107602319,380000.0
0.018125727633889976,9522.260989525905,381000.0
0.018572793995422554,9504.616182503665,382000.0
0.01974043231432754,9415.449202158374,383000.0
0.019306104385431233,9405.47640907091,384000.0
0.018906474636274595,9402.71454164175,385000.0
0.017885293886211517,9201.50226379054,386000.0
0.01979790752952848,9770.964728016188,387000.0
0.01839824683835145,9365.59829913512,388000.0
0.021962340082794185,9206.470231386395,389000.0
0.018832116100994778,9561.643753795246,390000.0
0.01847757330541011,9351.720472401401,391000.0
0.017617172357580202,9273.829485064487,392000.0
0.018333857053265845,9449.195666887783,393000.0
0.01586001173409146,9128.424972565668,394000.0
0.018119689838786535,9021.862686912677,395000.0
0.016497163822611682,9341.26725281252,396000.0
0.017519343651308805,9405.865774145153,397000.0
0.018213070388530817,9398.922885271455,398000.0
0.018540261590892726,9490.927983180805,399000.0
0.01782634405775152,9176.23453306437,400000.0
0.018654845509945783,9070.56151035644,401000.0
0.015176461255516749,9215.411701262485,402000.0
0.018695970672240936,9588.555095332144,403000.0
0.018759081078499662,9414.881936120017,404000.0
0.019320158122893005,9242.824771370728,405000.0
0.016837242264978514,9252.202444147975,406000.0
0.019136416501420506,9137.293069859326,407000.0
0.019381969271495603,9225.381805656662,408000.0
0.01946300552987923,8979.864886680303,409000.0
0.019456341772506214,9496.451434851504,410000.0
0.020691547497347695,9411.886907059903,411000.0
0.018069543305613944,9344.431971771955,412000.0
0.018937653998310378,9016.813205543951,413000.0
0.017999990834888457,9232.545192436644,414000.0
0.019347947103013574,9460.210752291425,415000.0
0.019647781634007266,9145.636754105026,416000.0
0.0199492558169605,9286.035530106843,417000.0
0.018478930628025747,9060.557098132398,418000.0
0.020169923033764192,9237.733527890021,419000.0
0.020442696057341614,9200.670667560446,420000.0
0.01839301772457791,8919.749022269432,421000.0
0.020693300638223278,9398.584473417377,422000.0
0.017491009161100912,9337.209551267277,423000.0
0.018946407526123643,9329.658428152377,424000.0
0.020406565002029087,9352.049189906491,425000.0
0.01916578314214945,9155.957551824657,426000.0
0.01995843293341526,9169.85291382855,427000.0
0.019654601111600112,9440.94364712243,428000.0
0.01939695462783053,9317.24222567147,429000.0
0.01948920332079851,9291.017999845364,430000.0
0.019985012169146277,9164.555947682507,431000.0
0.01960492438496031,9514.676499496576,432000.0
0.018522845977277047,9117.963066219458,433000.0
0.019564394148117614,9250.397624906347,434000.0
0.02021442748021718,9143.077795270206,435000.0
0.019145358070018048,9143.476558770104,436000.0
0.01948171408894339,9090.835032792682,437000.0
0.019716032607357548,9124.48838318458,438000.0
0.019139825111453845,9360.547388862457,439000.0
0.019256939554571417,9109.73159679325,440000.0
0.021048325536909385,9433.646790837765,441000.0
0.021199777397824526,8852.458842705648,442000.0
0.02157052807543014,9030.603532607576,443000.0
0.018290231477763097,9162.891376610547,444000.0
0.018228430637954318,9195.335617777127,445000.0
0.01866503131162256,8966.908223474284,446000.0
0.019651215028600788,9338.483651414921,447000.0
0.020213164421913454,9113.376971058153,448000.0
0.02061093146417159,9082.098850485227,449000.0
0.016577803849076478,9134.622028088175,450000.0
0.019654601957127316,9255.70464419732,451000.0
0.018974818397370363,9278.35898404677,452000.0
0.017151975442140532,9138.386060831099,453000.0
0.018131048677830996,9049.189748044313,454000.0
0.020259576043200944,8988.383557776417,455000.0
0.018653557327259485,8953.956269126755,456000.0
0.019222416432378875,9380.179107135327,457000.0
0.01929665277216186,9043.960488597737,458000.0
0.02016509865315852,9303.44331604689,459000.0
0.020660601980544424,9149.175353740806,460000.0
0.021041015864343926,8783.6163900488,461000.0
0.020077287426752743,9223.646257175813,462000.0
0.01763781446665469,9062.612539376132,463000.0
0.01865284178715587,9132.934726738296,464000.0
0.018478232356627267,9201.267431283217,465000.0
0.0166426303668743,9101.284568532612,466000.0
0.020441575857766292,9027.519779367052,467000.0
0.01898843225726088,9022.81403917226,468000.0
0.02154479903733364,9093.059512872265,469000.0
0.01945740781098948,9008.165215217212,470000.0
0.019994171199875233,8943.223983670876,471000.0
0.019602900504290588,9109.055213464066,472000.0
0.01871386625789917,9213.28744062965,473000.0
0.021888960062697915,8938.512915740754,474000.0
0.019602899500434923,8928.403093208253,475000.0
0.018810800388171955,9014.41929471662,476000.0
0.01689954960167217,9187.150270448516,477000.0
0.01945753582689136,8786.99865575794,478000.0
0.01916723118628072,9139.63375464221,479000.0
0.01785524231003688,8985.767211799472,480000.0
0.018892686495622257,8824.720871734733,481000.0
0.019540555772796342,9216.636367791521,482000.0
0.02073619912012159,9132.38631668758,483000.0
0.019323117954105573,8957.658818408474,484000.0
0.0189803087908329,9254.990688855078,485000.0
0.018476348856101943,9295.894754646144,486000.0
0.021666176845365204,8947.520201177054,487000.0
0.019233196763118077,8923.033827716596,488000.0
0.01820841039050558,9177.637384992604,489000.0
0.016751318444819585,9230.856130983628,490000.0
0.01869917964134471,9013.16711346685,491000.0
0.02002151095926008,8887.716061248915,492000.0
0.019412991150531855,9070.764283575993,493000.0
0.020563713177906173,9075.455099830311,494000.0
0.021223913945772388,8964.077232745776,495000.0
0.018766036957771348,9067.371302863769,496000.0
0.02037666656338999,8859.471327155234,497000.0
0.0192126435895692,8847.42550946204,498000.0
0.018470942470852236,8982.67526044526,499000.0
0.0190128559021443,9022.779110791713,500000.0
0.018948515690899725,8744.920145841097,501000.0
0.018761929195123095,8914.498670216462,502000.0
0.019018531666188387,8759.690620762047,503000.0
0.01952402416624688,8510.859934013859,504000.0
0.01717636169356096,8805.325045993179,505000.0
0.018986395152128743,8962.557600175514,506000.0
0.018214107870022644,8920.489181437135,507000.0
0.019927816835027645,8822.203639589674,508000.0
0.019440599226663746,8995.866166975335,509000.0
0.018010516749455974,9073.051795235595,510000.0
0.022069367086011926,8787.135582691073,511000.0
0.020283830066202047,8892.89088536588,512000.0
0.020272366083651683,9088.676721829668,513000.0
0.02061767037006801,9020.489014793564,514000.0
0.018031968072489857,8502.590584909745,515000.0
0.020299284488416447,8659.545634966436,516000.0
0.01853891322882939,8962.473482573865,517000.0
0.018970741766509036,8952.373167883827,518000.0
0.01954810695578324,9257.559271648372,519000.0
0.020101620865240033,8738.703828133845,520000.0
0.019240373963743007,8747.988602152567,521000.0
0.016999609885266054,8977.774579864335,522000.0
0.019208718353861176,8806.631892715082,523000.0
0.019546397367667723,8921.75744077827,524000.0
0.019834892672937254,8976.812513335917,525000.0
0.018059256291395265,8823.687409924467,526000.0
0.019718728253028672,9001.474075476668,527000.0
0.01972731179812426,8782.769399459148,528000.0
0.01810023993528498,9020.837801016622,529000.0
0.020403734227405046,8605.952863393757,530000.0
0.019462796824836204,8702.980319119995,531000.0
0.021368592507629902,8935.419756895688,532000.0
0.019534383038831926,8821.088313222777,533000.0
0.018852083560700894,8911.89140703284,534000.0
0.01969501966022902,8739.795698623062,535000.0
0.019875729919744956,8741.281225472061,536000.0
0.02176587826871801,8791.997791766004,537000.0
0.017689737889055035,8542.618008349098,538000.0
0.016408838257898406,8918.4225345484,539000.0
0.019978612264209605,8675.827099676831,540000.0
0.018171244652444685,8793.316897922688,541000.0
0.02094987739027898,8306.64389962832,542000.0
0.019281360241101275,8907.08579229925,543000.0
0.018874801157007237,9021.417987786992,544000.0
0.021363574882357295,8998.952480924052,545000.0
0.01986692155525116,8849.914475575422,546000.0
0.021118870927708144,8724.276287805786,547000.0
0.019168008983851514,8493.261417995647,548000.0
0.019720844129007542,8877.11749562474,549000.0
0.018966283857400512,8789.251838277605,550000.0
0.01916524472472192,9022.617880910593,551000.0
0.018662683716523354,8449.086311550109,552000.0
0.018953950637579986,8789.535352924964,553000.0
0.02235988010106249,8937.787624493034,554000.0
0.018310831676337624,8611.149207199534,555000.0
0.019568448926220672,8739.064247074553,556000.0
0.01825519360342831,8806.330899139306,557000.0
0.02051128081553344,8713.367070165355,558000.0
0.02070359179482084,8720.29779542127,559000.0
0.018354350719992585,8913.623266886887,560000.0
0.020378945160334005,8855.958992127595,561000.0
0.018404810181614106,8802.875329362863,562000.0
0.019295212093842107,8660.871575270012,563000.0
0.020241839533705175,8760.199511905514,564000.0
0.019246822633327998,8806.406977073764,565000.0
0.017513143248593543,8748.183014827682,566000.0
0.019981464581482644,8757.802516963768,567000.0
0.02090896350819227,8844.550686973747,568000.0
0.018053697170558713,8809.029691490034,569000.0
0.01932257657293235,8967.226382935109,570000.0
0.01957402715302292,8567.59317100234,571000.0
0.020882818379072354,8719.363803125614,572000.0
0.019482085473396804,9051.594300697661,573000.0
0.019258063243194457,8769.88713630716,574000.0
0.02129027204685352,8755.41943758978,575000.0
0.020448867199563736,9054.467069173646,576000.0
0.01818675842091766,8596.528059408362,577000.0
0.020581150627289713,8603.205404105536,578000.0
0.019934397668939674,8726.668634958607,579000.0
0.018114147191563124,8889.494674831603,580000.0
0.020776477296714724,8752.453045276554,581000.0
0.020973382484560155,8514.766643309706,582000.0
0.01890815289123937,8707.48600117381,583000.0
0.020821686074746992,8979.370047031887,584000.0
0.019291001996533552,8811.953435859105,585000.0
0.01981723213719455,8916.497962652673,586000.0
0.021314358045899873,8631.051742512893,587000.0
0.020862375890321694,8702.685271228711,588000.0
0.018053587112441427,8887.46560940881,589000.0
0.020342668798420505,8729.344058438548,590000.0
0.020432082204608015,8769.88713890371,591000.0
0.01956210376626899,8652.671161354745,592000.0
0.018957319173757536,8770.449096835475,593000.0
0.0192511341939543,8888.028257154729,594000.0
0.021241356535689704,8780.91120496076,595000.0
0.022075790151516284,8812.602899979374,596000.0
0.021005302058587638,8595.873290065632,597000.0
0.02176281721021045,8770.246290678246,598000.0
0.02098053413815526,8618.59503150873,599000.0
0.024943755919391464,8700.300199543044,600000.0
0.021519081863211387,8448.506940656353,601000.0
0.021183503460745268,8543.954684594664,602000.0
0.0233035766844778,8679.102964573862,603000.0
0.020667921141270362,8602.418672708522,604000.0
0.01959798401033508,8619.819468089909,605000.0
0.02210590302566784,8719.424374756723,606000.0
0.02215530435094104,8420.01062703488,607000.0
0.01892408942075452,8564.667743318669,608000.0
0.020728048093704654,8664.791592414686,609000.0
0.02090906726936881,8681.475137213121,610000.0
0.01981490974445732,8553.643366712095,611000.0
0.02140343522420629,8540.696917937803,612000.0
0.019491481593503224,8486.277754556293,613000.0
0.020931003676496918,8577.044817693071,614000.0
0.021193797119591462,8845.588099080911,615000.0
0.02050369024769738,8575.135196733012,616000.0
0.021280776100957688,8622.381107838488,617000.0
0.02120487627850709,8674.350054413202,618000.0
0.021474506920575287,8731.545184935147,619000.0
0.020538166054826945,8420.469441438247,620000.0
0.021592142345106424,8717.393445633272,621000.0
0.02101283130692888,8811.832318764109,622000.0
0.02149011023346059,8477.126576680163,623000.0
0.019829904440674895,8525.826584224184,624000.0
0.019812779192384777,8676.79682636623,625000.0
0.0196330527485169,8424.255651533802,626000.0
0.021885172521361795,8813.401228216317,627000.0
0.02285004956629244,8338.452257463417,628000.0
0.019715569085626772,8688.69391231062,629000.0
0.022749928898260663,8714.16416406189,630000.0
0.02073364739318606,8561.484431793426,631000.0
0.02244012275644236,8707.97173582162,632000.0
0.024222367968215863,8650.914045532627,633000.0
0.02079750601073327,8648.565233018866,634000.0
0.019626339855947084,8426.066690950693,635000.0
0.02275766189874595,8354.240948282131,636000.0
0.02254278635142981,8526.312274874688,637000.0
0.022053030988791633,8686.219786074229,638000.0
0.021067305729296493,8655.66252616373,639000.0
0.02023097516727068,8397.008880790816,640000.0
0.020922236091913682,8439.647352474518,641000.0
0.021821038239504986,8377.995357016394,642000.0
0.020863686171327167,8408.10085842114,643000.0
0.018707428326298903,8617.981168578832,644000.0
0.018671093376711134,8669.802550323715,645000.0
0.020846453125436426,8314.680636194322,646000.0
0.02002843734464399,8681.783182546806,647000.0
0.020332923371991996,8526.568892248615,648000.0
0.022473114136001282,8480.890335789634,649000.0
0.02126825558441725,8410.366338604097,650000.0
0.02086006081898617,8663.06916853826,651000.0
0.02043910674473981,8622.658358978928,652000.0
0.021126797924710505,8285.830367534858,653000.0
0.023173014071234288,8338.51510712564,654000.0
0.019959708041429547,8445.56064193237,655000.0
0.019750941603976724,8610.50156135231,656000.0
0.019721686893134027,8498.440293130137,657000.0
0.021265723547884807,8392.76151136653,658000.0
0.02226322222504251,8632.173613286404,659000.0
0.018220948032882323,8745.330567164749,660000.0
0.021674510856778184,8581.562258803502,661000.0
0.021259983155037077,8431.211436543816,662000.0
0.021534150090002147,8350.164194377794,663000.0
0.020654538690392243,8573.535112214237,664000.0
0.022371322519114667,8424.66944823113,665000.0
0.020773222297823857,8662.622745904107,666000.0
0.01776455605037519,8393.902561165512,667000.0
0.02045713913892344,8245.711990204218,668000.0
0.021119925287096386,8581.018447952052,669000.0
0.020039341779188202,8305.828427091763,670000.0
0.021824608754693386,8156.910139893715,671000.0
0.02078283852097318,8604.33464573564,672000.0
0.01945819907468449,8308.392148840505,673000.0
0.02352002790922514,8526.115253459702,674000.0
0.020399218243225103,8476.977108460276,675000.0
0.02132401191251354,8443.684696689166,676000.0
0.022563731966751988,8704.076660753097,677000.0
0.01952490159546727,8761.284365868412,678000.0
0.02076885812880125,8534.144734330195,679000.0
0.01889208478651705,8265.96762927293,680000.0
0.022117652782885244,8413.153841575348,681000.0
0.019449222947879985,8446.085140243336,682000.0
0.01935486422183752,8298.534877084365,683000.0
0.021116160218779267,8696.28578779421,684000.0
0.021424759035272967,8408.907458209362,685000.0
0.020535428692821434,8769.999480959934,686000.0
0.021104740454845228,8627.926547004658,687000.0
0.021812645648482842,8542.322974013714,688000.0
0.02206741463435291,8463.04262176838,689000.0
0.020484597796078585,8715.246469713551,690000.0
0.02115939848965409,8458.328821200403,691000.0
0.022330727524908056,8435.853704072868,692000.0
0.020396160119765305,8653.13400946821,693000.0
0.0211189427081937,8438.664769116574,694000.0
0.02087783790193365,8317.906183524008,695000.0
0.020197925480824885,8567.222288044073,696000.0
0.020491285102187007,8289.234192869008,697000.0
0.020745929086867232,8417.6913189698,698000.0
0.019933895397277634,8510.02662614678,699000.0
0.02120829552569825,8041.791557998741,700000.0
0.021797737882603307,8416.606169001268,701000.0
0.021236156949719476,8447.071459365216,702000.0
0.021709393264163435,8399.07140490002,703000.0
0.018633239968863347,8422.177518511837,704000.0
0.02082730456226356,8614.120543778943,705000.0
0.020749020731824608,8393.566137247042,706000.0
0.02214175275853414,8352.894583761487,707000.0
0.020765614332519444,8201.351735486634,708000.0
0.021693826493863977,8532.192775834497,709000.0
0.022645392165280054,8381.427633596853,710000.0
0.020660791391640565,8354.228021454208,711000.0
0.022556813691997135,8537.691865235147,712000.0
0.02020199616494578,8546.122724544935,713000.0
0.02177962834248559,8358.676006417361,714000.0
0.020381179481158807,8410.9015676344,715000.0
0.021335331022851456,8436.455344605454,716000.0
0.021877903968397394,8153.673628186179,717000.0
0.022290333713538946,8407.430270844532,718000.0
0.020821386575421652,8515.925868386996,719000.0
0.021043292542354042,8312.349926040002,720000.0
0.021114998102103932,8254.837603611148,721000.0
0.02173413283565573,8299.154447548655,722000.0
0.022127669613901446,8373.338323401931,723000.0
0.02093065211511025,8221.996849156521,724000.0
0.021601522765204884,8507.514782870243,725000.0
0.022503097561075602,8372.529405462026,726000.0
0.020484260822443368,8333.988291611995,727000.0
0.022651180478912902,8168.834877504867,728000.0
0.020269251811064315,8331.162841377338,729000.0
0.023825368920599832,8376.146970266447,730000.0
0.022386490143768256,8386.644064516475,731000.0
0.022877265607017527,8383.454316636786,732000.0
0.021584790370318796,8356.45981832721,733000.0
0.021656474244785784,8373.777645538517,734000.0
0.01925567322431032,8475.982181712172,735000.0
0.02115259246258372,8238.666971771985,736000.0
0.0224618657073985,8353.531298408116,737000.0
0.022741683921157385,8415.006958896276,738000.0
0.02092339186199421,8338.904997181879,739000.0
0.019968838705382463,8297.436201121702,740000.0
0.022488915823061006,8362.891257211655,741000.0
0.021741772425184713,8324.36281883312,742000.0
0.019983415327105458,8140.965126597781,743000.0
0.01997923269216617,8273.055825461202,744000.0
0.021444571530031986,8297.306245375717,745000.0
0.02319318134843451,8388.698627412221,746000.0
0.022748452475236824,8235.392165859128,747000.0
0.02132755780478801,8148.381963527411,748000.0
0.021143527757979896,8393.125057430541,749000.0
0.020542513966426146,8515.0636536827,750000.0
0.021228111115040083,8383.600029636133,751000.0
0.01995603302441662,8233.534681675072,752000.0
0.02099929901209663,8324.638802191737,753000.0
0.02180392150190613,8119.2242453124345,754000.0
0.021789126221006594,8364.689095089458,755000.0
0.020869592576258977,8297.296354069194,756000.0
0.021525282253498368,8450.44841822857,757000.0
0.0200938879703485,8090.688861025485,758000.0
0.024774302887594857,8383.028608051034,759000.0
0.02240422072482451,8497.024986075228,760000.0
0.02167292307381219,8361.737098004267,761000.0
0.022516747800271908,8525.047642315847,762000.0
0.02173522519361981,8248.223510931515,763000.0
0.022432501651827863,8131.773325231304,764000.0
0.021473498759360776,8463.767966810738,765000.0
0.02098513399542634,8184.160753115237,766000.0
0.021760681627783995,8595.906288442107,767000.0
0.021256807215923157,8188.8789223141175,768000.0
0.021800732789841515,8220.233652043395,769000.0
0.023005033659456497,8246.518713081172,770000.0
0.020886157133750416,8283.498213494271,771000.0
0.022406803454695368,8267.309201609789,772000.0
0.02137201689150503,8351.342718724023,773000.0
0.02193875668447065,8196.185686966272,774000.0
0.023089660731115735,8391.377015371267,775000.0
0.022707708321507702,8017.318358134635,776000.0
0.02213782771120787,7945.01525182816,777000.0
0.023456321072067077,8259.184488730725,778000.0
0.021550948993060537,8290.184300107594,779000.0
0.021594266087386238,8391.830699860448,780000.0
0.021671952126200544,8309.945120390095,781000.0
0.02267286558574355,7893.514612054214,782000.0
0.023280263409420687,8154.267828238574,783000.0
0.024541433606945162,8358.497734827173,784000.0
0.023407930966952595,8250.06451466105,785000.0
0.02230213247517643,7954.487056143895,786000.0
0.021523714632817992,8430.408809042208,787000.0
0.021910416260731758,8258.267092021306,788000.0
0.021059532599735586,8075.313514783167,789000.0
0.022975986107903523,8273.055818112805,790000.0
0.02154066468657101,8245.761156697707,791000.0
0.023883990780853903,8048.724149736297,792000.0
0.023390310949634507,8266.082091518369,793000.0
0.021885970165465896,8397.967139791073,794000.0
0.022529189872132704,8236.82245364191,795000.0
0.021642639343387504,8126.791220729657,796000.0
0.022680961180160164,8205.87615565866,797000.0
0.023426074261411856,8026.332422049716,798000.0
0.022470633975059773,8229.606599391156,799000.0
0.020127108164247787,8142.629838377373,800000.0
0.021781479742243093,7997.46049464485,801000.0
0.022312958473109656,8152.56338074826,802000.0
0.021827927214992382,8166.516610200525,803000.0
0.022155871174465602,8283.961547353885,804000.0
0.021383922313134462,8133.579776436657,805000.0
0.022996348893483454,8248.663376484217,806000.0
0.021187749583482685,8103.577426428831,807000.0
0.022663723564913862,8167.537143831182,808000.0
0.02387696181461063,8285.004905205169,809000.0
0.023567132531473245,8109.445056711229,810000.0
0.023096544780837114,8124.909095637744,811000.0
0.022916532559738467,8283.484167139643,812000.0
0.023255228747343093,8086.197925036604,813000.0
0.02257974756636827,8032.011117633054,814000.0
0.022743384136424627,8112.615104784948,815000.0
0.022699598456207948,8035.462665687316,816000.0
0.022455028245139896,8311.80052369326,817000.0
0.021624608275379043,8157.676878798826,818000.0
0.020818382829758342,8297.747463643167,819000.0
0.02466884844580708,8157.537340210971,820000.0
0.021537834884800766,8064.211341083787,821000.0
0.021404499479070083,8350.920924727126,822000.0
0.022194197573031538,8116.100552401177,823000.0
0.020710571966812363,7940.830455321921,824000.0
0.02374662404154604,8160.756018166589,825000.0
0.024064048783166925,8055.398362354753,826000.0
0.022506370851306023,8286.150028897964,827000.0
0.02285079548308966,8217.198528891366,828000.0
0.019231340662060337,8116.641079646985,829000.0
0.022355157139454462,8293.420515336507,830000.0
0.02436823270912214,8407.118255253728,831000.0
0.022164180803172062,8185.31889283025,832000.0
0.023090518469907728,8037.85123440767,833000.0
0.02120750974479746,8178.4160334359985,834000.0
0.022924183847276236,8030.061656185226,835000.0
0.022789179188491104,8120.820469226885,836000.0
0.02106005185693638,7997.643520206435,837000.0
0.022227750839728166,8293.066842146754,838000.0
0.023991454762023245,7917.685409254223,839000.0
0.019883683641876093,8112.391320002338,840000.0
0.024473206460459807,8017.123731979595,841000.0
0.023155006981070425,8167.955669424417,842000.0
0.02197469489622339,8098.381232540765,843000.0
0.02149140097825919,7871.415045712231,844000.0
0.019778700656467585,8447.859451625382,845000.0
0.020886837671430847,8085.255914621333,846000.0
0.023500638195572687,7866.197165578234,847000.0
0.020895187088288303,8284.535390153402,848000.0
0.021020293016957847,7968.336542730047,849000.0
0.021837037718015928,7983.839502191978,850000.0
0.02416272328517266,8218.414128835624,851000.0
0.022154150768412872,7956.74696365368,852000.0
0.022493949296281013,8146.632167053957,853000.0
0.02260769561545395,8018.435615532176,854000.0
0.025234741422730522,8032.8300247530715,855000.0
0.023248012754500724,7932.651868413617,856000.0
0.0239477790953897,8156.153002123001,857000.0
0.024746498968345243,7999.18554713733,858000.0
0.021408725919582317,7953.116449942925,859000.0
0.02422963158254765,8211.987809341696,860000.0
0.02340657672016988,8293.581223869902,861000.0
0.025870187703929126,7934.409258379543,862000.0
0.022567120896469284,8027.339867735554,863000.0
0.02363336856397913,8036.972958472234,864000.0
0.02321331786623837,8008.549703477057,865000.0
0.022093629008546944,8150.173080644292,866000.0
0.023160145893067252,8108.697769754157,867000.0
0.023540693175039706,7905.567267417122,868000.0
0.021445173568436005,8059.420341052519,869000.0
0.02327280227885975,8215.745869507258,870000.0
0.02071290657011815,8115.077194896055,871000.0
0.020491672790838855,7906.710437824245,872000.0
0.024207612482956442,8034.673800163682,873000.0
0.024379048315092966,8074.554233897269,874000.0
0.024680008942475684,8270.241384981033,875000.0
0.02370327864253463,8083.919507137601,876000.0
0.02331356105961735,7948.758574833109,877000.0
0.0253328096644716,8149.411881727794,878000.0
0.024332434505625056,8126.270406005882,879000.0
0.02251850867482519,8183.246074922064,880000.0
0.022823204179561074,8095.934255102144,881000.0
0.021973524007905088,7960.479393956467,882000.0
0.02210974548944078,7856.699312016469,883000.0
0.020763517156309863,7990.305223891969,884000.0
0.024703884138431942,7978.367199618043,885000.0
0.022166255834435766,8093.476111321771,886000.0
0.023798533148696954,7891.0550663372305,887000.0
0.021487527271229823,8094.556794629625,888000.0
0.02204496819840962,8007.498694942091,889000.0
0.022850477595391272,7969.426579457736,890000.0
0.022645424204858156,7864.306695832973,891000.0
0.02502460752272384,7899.195805761908,892000.0
0.022004316334474527,7889.903619241652,893000.0
0.022381513960080035,8075.3666028898515,894000.0
0.02316899089290514,8151.858282933031,895000.0
0.023325040433449296,8156.644162831632,896000.0
0.023914251213048576,7804.567109351249,897000.0
0.024512864993711858,8369.630910838368,898000.0
0.02522146736230546,8015.99179891773,899000.0
0.022402418388887124,7975.549529969189,900000.0
0.023164762216026702,8057.00267887988,901000.0
0.021173955374583997,8112.275898592156,902000.0
0.022049525657140023,8206.194805023502,903000.0
0.022167158169619672,7816.3554118633765,904000.0
0.023353132716560587,7859.46632061375,905000.0
0.022809203965008518,8189.351433609126,906000.0
0.023693984765636333,7973.782137253946,907000.0
0.024537778585728365,7840.103739920883,908000.0
0.019992832713288777,7929.09017703467,909000.0
0.023472534484431318,8023.599340539428,910000.0
0.0254267259867067,8176.614513597388,911000.0
0.024642406866617783,7931.839032266007,912000.0
0.021355102129457126,7995.0782844107625,913000.0
0.023548445508660087,8117.807441185451,914000.0
0.024172031565242058,7935.9019309286605,915000.0
0.022075332738310305,8022.5078576964415,916000.0
0.024378966051758155,7827.396204341686,917000.0
0.023512495836177205,7862.532386465438,918000.0
0.023250791346324018,7913.696319524642,919000.0
0.02249514187479651,7941.43269034233,920000.0
0.022821019775295603,8014.7526103555365,921000.0
0.0225074385945101,7851.664163556484,922000.0
0.02511936210504384,7723.141653473198,923000.0
0.02431943840236883,7580.299748521674,924000.0
0.024641903033762347,7774.735449681086,925000.0
0.024141640463170688,7988.285695199357,926000.0
0.027325870110942674,7854.1813929929485,927000.0
0.02518413249180007,7868.207092306385,928000.0
0.02488948142840286,8002.618180382296,929000.0
0.02382106268908668,7859.910326935138,930000.0
0.023212647646162488,7870.435741243596,931000.0
0.02243847164966173,7944.747913021606,932000.0
0.022058991139955797,8141.454198054223,933000.0
0.022033352958035657,8066.552497253273,934000.0
0.022926520737284406,7630.783926986899,935000.0
0.023316282694947787,7913.908178684743,936000.0
0.02544910408909784,7839.81383571941,937000.0
0.025428962996792315,7930.841001277138,938000.0
0.024498339745599562,7781.124259166519,939000.0
0.021788634094346726,8009.092861026535,940000.0
0.022867280351779318,8023.8130779691555,941000.0
0.02344857031335268,7816.629873964754,942000.0
0.02354641804544011,7874.517292278172,943000.0
0.02419309852513951,7933.092809438043,944000.0
0.023370822382482004,7932.039222491858,945000.0
0.023441588747776354,8137.256391248431,946000.0
0.02395814020084641,7887.376549101934,947000.0
0.022563328934396498,8071.324625488346,948000.0
0.023406107280626642,7970.608112933178,949000.0
0.0255564231122416,7836.958938617963,950000.0
0.024463091347695975,7984.037770744095,951000.0
0.025947397388231597,7573.933758162386,952000.0
0.025857082715349033,7954.989089929151,953000.0
0.023253719101905546,7832.44351834542,954000.0
0.02504246156528822,7807.1164568290615,955000.0
0.023679723382880713,7756.97153379028,956000.0
0.021422912722238063,7898.840819288679,957000.0
0.025346085326875212,7938.717011772672,958000.0
0.024371837804064267,7896.012323713172,959000.0
0.023061413824727595,8017.788513844736,960000.0
0.02375715428381886,7902.632476732865,961000.0
0.02476880629373257,7865.531884957624,962000.0
0.024061034044517093,7682.67019846996,963000.0
0.026175570264864056,7921.239699492487,964000.0
0.026173369723557993,7760.721456320031,965000.0
0.02366283475166009,7876.634810180678,966000.0
0.022528143277797952,7917.270484691638,967000.0
0.0241316450830924,7918.509971827136,968000.0
0.023148300450060777,7924.155554882039,969000.0
0.023590863226198522,7729.681528743028,970000.0
0.022924611885865254,7814.816245712827,971000.0
0.025219879359235087,7990.884885461575,972000.0
0.0230791058126103,7867.069520534213,973000.0
0.023750216068620045,8135.841935607541,974000.0
0.024018338311289522,7752.570519187915,975000.0
0.023864240842368822,7817.405693061843,976000.0
0.024446115872781782,7728.072846459631,977000.0
0.020932347999607526,7572.183272043566,978000.0
0.02457360146421994,7703.8054786102075,979000.0
0.021536739763271306,7840.981586107158,980000.0
0.022780696083555707,7966.992970784742,981000.0
0.02343122496769867,7856.49163013196,982000.0
0.021388885780891265,7854.782341543203,983000.0
0.022797743947972293,7784.866423993136,984000.0
0.024741206314646824,7822.587013371673,985000.0
0.02518843858770836,7784.592767957601,986000.0
0.025454248057385165,7920.121755002625,987000.0
0.022090322726433076,7755.8488220119625,988000.0
0.02450325561211697,7972.775827932471,989000.0
0.02306372385924549,7645.79227914197,990000.0
0.024550000702541652,7937.904910228701,991000.0
0.022457248430954202,7747.261680612449,992000.0
0.02439415808887402,8095.424065102097,993000.0
0.02450536269325365,7870.667630031353,994000.0
0.023782074643476925,7801.1940139216895,995000.0
0.024113377600363695,8114.244205049118,996000.0
0.02513401094087042,7680.405886445376,997000.0
0.025153176080653594,7710.148799595719,998000.0
0.022069963124242253,7630.66741735448,999000.0
0.024765052729063264,7814.055304358167,1000000.0
0.025708391478240777,7829.140008980145,1001000.0
0.020962688191796808,7984.801230362775,1002000.0
0.024341161710024206,7814.00723739879,1003000.0
0.023545568261785554,7867.896941236445,1004000.0
0.020729369827425792,7651.653845009246,1005000.0
0.024330841513159118,7822.116025059486,1006000.0
0.023547416739108318,7854.706359507236,1007000.0
0.025074561018259,7886.985982802932,1008000.0
0.02386382432132672,7801.76128316036,1009000.0
0.02541057198672725,7935.979406327506,1010000.0
0.025482151495699323,7796.965893932604,1011000.0
0.023635096516853693,7682.517156927012,1012000.0
0.025986602251729884,7623.991933836694,1013000.0
0.025164924556625667,7844.370094983696,1014000.0
0.02430130724447155,7845.6803756026375,1015000.0
0.02601716784281427,7566.676148928345,1016000.0
0.022580863108904836,7517.586279752418,1017000.0
0.023644471202724837,7670.491108923495,1018000.0
0.02374290584898553,7868.13989550233,1019000.0
0.024594499057077,7791.031640684997,1020000.0
0.02499942973809377,7522.57117014145,1021000.0
0.023052769345014212,7752.09773847309,1022000.0
0.02550231466280861,7799.055030401305,1023000.0
0.02434404661427969,7595.039290617346,1024000.0
0.02581724979329536,7926.941565536381,1025000.0
0.026270441264499844,7725.040320815643,1026000.0
0.024711062074259438,7579.831493115784,1027000.0
0.02361615409234341,7953.333270506329,1028000.0
0.023279249975536764,7847.488005105354,1029000.0
0.024696229177674667,7619.113432696166,1030000.0
0.023895569501370506,7740.50842437452,1031000.0
0.024042001083352638,7548.039813265601,1032000.0
0.024630837410125395,7752.097733884806,1033000.0
0.024730578051632257,7819.562677309061,1034000.0
0.024522020445056025,7663.828157523822,1035000.0
0.025170646628633886,7526.389061321358,1036000.0
0.02419157561469998,7407.6678311581145,1037000.0
0.02688124614810583,7726.840438719378,1038000.0
0.025609664356070816,7629.99708723639,1039000.0
0.025097633145558795,7605.922531459225,1040000.0
0.02364165429029974,7480.837063316162,1041000.0
0.026074093484194982,7736.448938596011,1042000.0
0.024188873469717986,7573.30063657697,1043000.0
0.026606055061144218,7733.790010843943,1044000.0
0.022821714774443613,7517.3435990591,1045000.0
0.023618271071275565,7590.546115190193,1046000.0
0.02467462681738697,7739.852410385949,1047000.0
0.023297630814516523,7525.761046955223,1048000.0
0.024419831944094028,7708.8937749006545,1049000.0
0.025184235540382183,7869.801820024372,1050000.0
0.026182923419280968,7590.492618702665,1051000.0
0.024427954261480256,7456.85689551397,1052000.0
0.02306066972947507,7958.95179449832,1053000.0
0.025223094896951626,7495.8205377528075,1054000.0
0.024975575602490974,7394.123409144437,1055000.0
0.02463963028236371,7636.0627738391,1056000.0
0.02323540633843768,7736.498188605058,1057000.0
0.0231417662892337,7657.216317889281,1058000.0
0.026846674493040013,7767.860535081586,1059000.0
0.025588841432636844,7697.853864482601,1060000.0
0.022608654132836747,7689.90190161071,1061000.0
0.022612488589253132,7616.259734503695,1062000.0
0.024767989158490433,7479.036604865984,1063000.0
0.026187769093342972,7637.183543041436,1064000.0
0.025146717599685342,7585.988646342288,1065000.0
0.02504752178542269,7721.328728260708,1066000.0
0.02466992229457654,7636.493775748482,1067000.0
0.02334676685461723,7578.592096271163,1068000.0
0.024605307368072094,7644.175549164254,1069000.0
0.025159583264741325,7844.598328934051,1070000.0
0.022708835567708974,7671.177510031022,1071000.0
0.02514655769507268,7215.971876708197,1072000.0
0.024051930273528477,7768.56810637488,1073000.0
0.023955648952379782,7654.155337757614,1074000.0
0.023719155711222406,7833.432991608772,1075000.0
0.026894559137222274,7388.786271247637,1076000.0
0.02556944525394922,7584.719456814363,1077000.0
0.025745071440112177,7667.305271404938,1078000.0
0.025380338206489217,7615.743243607771,1079000.0
0.02587149678215539,7480.545967100329,1080000.0
0.02664387420030856,7523.053814307576,1081000.0
0.027718143219753077,7509.805442544271,1082000.0
0.027075755631664755,7628.418196349081,1083000.0
0.02714472664012746,7510.039631925039,1084000.0
0.02502620115456855,7484.6503064866065,1085000.0
0.025948453646092773,7577.26363632344,1086000.0
0.022511265005449754,7535.788618676438,1087000.0
0.026068430531447362,7524.87387232902,1088000.0
0.024831634854145523,7687.965751903787,1089000.0
0.023983859718586853,7603.734497107688,1090000.0
0.02452048527096684,7555.974702938222,1091000.0
0.02894364453621412,7390.703364183419,1092000.0
0.026729935596710774,7527.956104937829,1093000.0
0.02686916962703867,7759.946587932729,1094000.0
0.026017678184557358,7566.715260038508,1095000.0
0.027137189145691742,7529.109614509773,1096000.0
0.023858343635181356,7592.087294190193,1097000.0
0.02529505335071569,7742.856568654057,1098000.0
0.026049858355182476,7392.793676980287,1099000.0
0.02326724355555676,7371.9237098750955,1100000.0
0.025430162485694296,7436.270908419782,1101000.0
0.029412311491750387,7383.961693672292,1102000.0
0.025691259594098792,7392.985561420589,1103000.0
0.02633554507038216,7473.037058570683,1104000.0
0.027188625628913332,7430.890565331973,1105000.0
0.02589651951198535,7633.963062513019,1106000.0
0.027060489743873095,7445.19544021013,1107000.0
0.02695354988363885,7336.561776857878,1108000.0
0.026638998424482807,7404.432570487347,1109000.0
0.025773506552312142,7432.896625180969,1110000.0
0.02851831944576455,7457.844815666163,1111000.0
0.027515529487041057,7535.094012435633,1112000.0
0.02720773477505789,7743.95846752649,1113000.0
0.027061550156787906,7475.6976923738675,1114000.0
0.024084006231643418,7632.957975341976,1115000.0
0.026238989061037277,7546.233424115196,1116000.0
0.026670204653655993,7505.82237093054,1117000.0
0.02724550970435935,7463.761761663133,1118000.0
0.02691238444511157,7458.39360209864,1119000.0
0.02623336538410692,7232.688313292934,1120000.0
0.026968085298602507,7531.87284695457,1121000.0
0.026919075933774295,7461.407140623124,1122000.0
0.02670631234133891,7428.5800787844255,1123000.0
0.027847192252519637,7447.2893385924845,1124000.0
0.028435321494165944,7417.828786829015,1125000.0
0.025996730779686672,7662.764329221389,1126000.0
0.024683931284142258,7321.756399055931,1127000.0
0.026878234470177453,7158.912922293337,1128000.0
0.027857941942933007,7493.838121042277,1129000.0
0.02801473002989452,7548.9348294572055,1130000.0
0.027449976557288203,7350.894180912565,1131000.0
0.028267167562425755,7259.177791817257,1132000.0
0.02508181133587417,7514.690371006783,1133000.0
0.026737212410417044,7545.032013320963,1134000.0
0.026847775486169567,7369.272015846808,1135000.0
0.028685947211237295,7582.801602797519,1136000.0
0.026289713925033098,7394.15907418515,1137000.0
0.026980844676622873,7280.988770869241,1138000.0
0.02741339842032353,7262.733056681649,1139000.0
0.02757975682952285,7290.202351985754,1140000.0
0.028303185794055885,7453.655622765025,1141000.0
0.029890764322675345,7361.365770394872,1142000.0
0.027953446731165954,7395.21358916379,1143000.0
0.029249297593632928,7132.684734872388,1144000.0
0.027304444068258604,7482.898119422001,1145000.0
0.027326045562786838,7232.9194677588475,1146000.0
0.026410701656308877,7237.099888191161,1147000.0
0.027078724540697152,7245.505025676002,1148000.0
0.027297752112043216,7166.111647020076,1149000.0
0.028524290766164917,7424.548029516231,1150000.0
0.02806354465325933,7395.351030608853,1151000.0
0.026995937646463908,7276.766258491049,1152000.0
0.02870060350917303,7150.828274551103,1153000.0
0.03050715369190593,7324.811493927523,1154000.0
0.025061231924036864,7230.446880366611,1155000.0
0.02695629747343853,7391.801507283718,1156000.0
0.028425955583398554,7320.495616913493,1157000.0
0.029306666381760493,7238.803854866854,1158000.0
0.02540739814441073,7312.364093544586,1159000.0
0.027816565041742347,7192.226591802181,1160000.0
0.028785333277325797,7209.136629202125,1161000.0
0.031704851441144655,7337.505065266137,1162000.0
0.02848290447377666,7154.921794426852,1163000.0
0.02797646861229275,7196.335232993461,1164000.0
0.02854489737813859,7248.127963795702,1165000.0
0.027694778770435136,7217.840926179714,1166000.0
0.02798931157072415,7239.586869466464,1167000.0
0.02749506657074896,7252.330412769124,1168000.0
0.02922747121024294,7190.558421477047,1169000.0
0.029533840867444816,7170.718054990366,1170000.0
0.029211655658381908,7162.717432142314,1171000.0
0.029288222640217132,7207.544948408143,1172000.0
0.029787075424022813,7166.279055489179,1173000.0
0.029308776519970436,7277.472191972297,1174000.0
0.027150383018857305,7318.403771986037,1175000.0
0.028518145811850637,7222.923995103213,1176000.0
0.027521588432631194,6981.6655504499395,1177000.0
0.0291192377442826,7071.111760179807,1178000.0
0.02994758054202018,6952.813837265711,1179000.0
0.028838507049092854,7072.6350587072475,1180000.0
0.029001699430189376,6960.783398172918,1181000.0
0.02985719376693252,6905.379564999043,1182000.0
0.028407180950139388,6978.150162595494,1183000.0
0.03029530106513345,7168.370052308968,1184000.0
0.03096775581027833,6959.171869852298,1185000.0
0.030508656985870353,6962.703613202733,1186000.0
0.02935316786876374,7042.260250098921,1187000.0
0.03151639014031016,7035.799176839846,1188000.0
0.028461572783613498,6886.027181320797,1189000.0
0.029861608617068214,7078.995739274352,1190000.0
0.03335911368230571,6764.387663824458,1191000.0
0.030617228355648507,6846.307357795131,1192000.0
0.03285041908816577,6937.089742772927,1193000.0
0.03536836822156575,6698.079021263625,1194000.0
0.03397533782597284,6566.353163180305,1195000.0
0.033212171676855196,6331.946705931483,1196000.0
0.03215261528126323,1.0,1197000.0
